{"__meta":{"schema_version":3,"schema_name":"GBMModelV3","schema_type":"GBMModel"},"model_id":{"__meta":{"schema_version":3,"schema_name":"ModelKeyV3","schema_type":"Key<Model>"},"name":"light_all_gbm_model","type":"Key<Model>","URL":"/3/Models/light_all_gbm_model"},"algo":"gbm","algo_full_name":"Gradient Boosting Machine","response_column_name":"rating","data_frame":{"__meta":{"schema_version":3,"schema_name":"FrameKeyV3","schema_type":"Key<Frame>"},"name":"py_184_sid_81a4","type":"Key<Frame>","URL":"/3/Frames/py_184_sid_81a4"},"timestamp":1632950642717,"have_pojo":true,"have_mojo":true,"algo":"gbm","algo_full_name":"Gradient Boosting Machine","model_id":{"__meta":{"schema_version":3,"schema_name":"ModelKeyV3","schema_type":"Key<Model>"},"name":"light_all_gbm_model","type":"Key<Model>","URL":"/3/Models/light_all_gbm_model"},"parameters":[{"__meta":{"schema_version":3,"schema_name":"ModelParameterSchemaV3","schema_type":"Iced"},"name":"model_id","label":"model_id","help":"Destination id for this model; auto-generated if not specified.","required":false,"type":"Key<Model>","default_value":null,"actual_value":{"__meta":{"schema_version":3,"schema_name":"ModelKeyV3","schema_type":"Key<Model>"},"name":"light_all_gbm_model","type":"Key<Model>","URL":"/3/Models/light_all_gbm_model"},"input_value":null,"level":"critical","values":[],"is_member_of_frames":[],"is_mutually_exclusive_with":[],"gridable":false},{"__meta":{"schema_version":3,"schema_name":"ModelParameterSchemaV3","schema_type":"Iced"},"name":"training_frame","label":"training_frame","help":"Id of the training data frame.","required":false,"type":"Key<Frame>","default_value":null,"actual_value":{"__meta":{"schema_version":3,"schema_name":"FrameKeyV3","schema_type":"Key<Frame>"},"name":"py_184_sid_81a4","type":"Key<Frame>","URL":"/3/Frames/py_184_sid_81a4"},"input_value":{"__meta":{"schema_version":3,"schema_name":"FrameKeyV3","schema_type":"Key<Frame>"},"name":"py_184_sid_81a4","type":"Key<Frame>","URL":"/3/Frames/py_184_sid_81a4"},"level":"critical","values":[],"is_member_of_frames":[],"is_mutually_exclusive_with":[],"gridable":false},{"__meta":{"schema_version":3,"schema_name":"ModelParameterSchemaV3","schema_type":"Iced"},"name":"validation_frame","label":"validation_frame","help":"Id of the validation data frame.","required":false,"type":"Key<Frame>","default_value":null,"actual_value":{"__meta":{"schema_version":3,"schema_name":"FrameKeyV3","schema_type":"Key<Frame>"},"name":"py_185_sid_81a4","type":"Key<Frame>","URL":"/3/Frames/py_185_sid_81a4"},"input_value":{"__meta":{"schema_version":3,"schema_name":"FrameKeyV3","schema_type":"Key<Frame>"},"name":"py_185_sid_81a4","type":"Key<Frame>","URL":"/3/Frames/py_185_sid_81a4"},"level":"critical","values":[],"is_member_of_frames":[],"is_mutually_exclusive_with":[],"gridable":true},{"__meta":{"schema_version":3,"schema_name":"ModelParameterSchemaV3","schema_type":"Iced"},"name":"nfolds","label":"nfolds","help":"Number of folds for K-fold cross-validation (0 to disable or >= 2).","required":false,"type":"int","default_value":0,"actual_value":4,"input_value":4,"level":"critical","values":[],"is_member_of_frames":[],"is_mutually_exclusive_with":[],"gridable":false},{"__meta":{"schema_version":3,"schema_name":"ModelParameterSchemaV3","schema_type":"Iced"},"name":"keep_cross_validation_models","label":"keep_cross_validation_models","help":"Whether to keep the cross-validation models.","required":false,"type":"boolean","default_value":true,"actual_value":true,"input_value":true,"level":"expert","values":[],"is_member_of_frames":[],"is_mutually_exclusive_with":[],"gridable":false},{"__meta":{"schema_version":3,"schema_name":"ModelParameterSchemaV3","schema_type":"Iced"},"name":"keep_cross_validation_predictions","label":"keep_cross_validation_predictions","help":"Whether to keep the predictions of the cross-validation models.","required":false,"type":"boolean","default_value":false,"actual_value":false,"input_value":false,"level":"expert","values":[],"is_member_of_frames":[],"is_mutually_exclusive_with":[],"gridable":false},{"__meta":{"schema_version":3,"schema_name":"ModelParameterSchemaV3","schema_type":"Iced"},"name":"keep_cross_validation_fold_assignment","label":"keep_cross_validation_fold_assignment","help":"Whether to keep the cross-validation fold assignment.","required":false,"type":"boolean","default_value":false,"actual_value":false,"input_value":false,"level":"expert","values":[],"is_member_of_frames":[],"is_mutually_exclusive_with":[],"gridable":false},{"__meta":{"schema_version":3,"schema_name":"ModelParameterSchemaV3","schema_type":"Iced"},"name":"score_each_iteration","label":"score_each_iteration","help":"Whether to score during each iteration of model training.","required":false,"type":"boolean","default_value":false,"actual_value":false,"input_value":false,"level":"secondary","values":[],"is_member_of_frames":[],"is_mutually_exclusive_with":[],"gridable":false},{"__meta":{"schema_version":3,"schema_name":"ModelParameterSchemaV3","schema_type":"Iced"},"name":"score_tree_interval","label":"score_tree_interval","help":"Score the model after every so many trees. Disabled if set to 0.","required":false,"type":"int","default_value":0,"actual_value":0,"input_value":0,"level":"secondary","values":[],"is_member_of_frames":[],"is_mutually_exclusive_with":[],"gridable":false},{"__meta":{"schema_version":3,"schema_name":"ModelParameterSchemaV3","schema_type":"Iced"},"name":"fold_assignment","label":"fold_assignment","help":"Cross-validation fold assignment scheme, if fold_column is not specified. The 'Stratified' option will stratify the folds based on the response variable, for classification problems.","required":false,"type":"enum","default_value":"AUTO","actual_value":"Random","input_value":"Random","level":"secondary","values":["AUTO","Random","Modulo","Stratified"],"is_member_of_frames":[],"is_mutually_exclusive_with":[],"gridable":true},{"__meta":{"schema_version":3,"schema_name":"ModelParameterSchemaV3","schema_type":"Iced"},"name":"fold_column","label":"fold_column","help":"Column with cross-validation fold index assignment per observation.","required":false,"type":"VecSpecifier","default_value":null,"actual_value":null,"input_value":null,"level":"secondary","values":[],"is_member_of_frames":["training_frame"],"is_mutually_exclusive_with":["response_column","weights_column","ignored_columns","offset_column"],"gridable":true},{"__meta":{"schema_version":3,"schema_name":"ModelParameterSchemaV3","schema_type":"Iced"},"name":"response_column","label":"response_column","help":"Response variable column.","required":false,"type":"VecSpecifier","default_value":null,"actual_value":{"__meta":{"schema_version":3,"schema_name":"ColSpecifierV3","schema_type":"VecSpecifier"},"column_name":"rating","is_member_of_frames":null},"input_value":{"__meta":{"schema_version":3,"schema_name":"ColSpecifierV3","schema_type":"VecSpecifier"},"column_name":"rating","is_member_of_frames":null},"level":"critical","values":[],"is_member_of_frames":["training_frame","validation_frame"],"is_mutually_exclusive_with":["weights_column","ignored_columns","offset_column","fold_column"],"gridable":true},{"__meta":{"schema_version":3,"schema_name":"ModelParameterSchemaV3","schema_type":"Iced"},"name":"ignored_columns","label":"ignored_columns","help":"Names of columns to ignore for training.","required":false,"type":"string[]","default_value":null,"actual_value":["filtration","perception","fermentation","name","method","occurrence","split","pasteurization"],"input_value":["filtration","perception","fermentation","name","method","occurrence","split","pasteurization"],"level":"critical","values":[],"is_member_of_frames":["training_frame","validation_frame"],"is_mutually_exclusive_with":["response_column","weights_column","offset_column","fold_column"],"gridable":false},{"__meta":{"schema_version":3,"schema_name":"ModelParameterSchemaV3","schema_type":"Iced"},"name":"ignore_const_cols","label":"ignore_const_cols","help":"Ignore constant columns.","required":false,"type":"boolean","default_value":true,"actual_value":true,"input_value":true,"level":"critical","values":[],"is_member_of_frames":[],"is_mutually_exclusive_with":[],"gridable":false},{"__meta":{"schema_version":3,"schema_name":"ModelParameterSchemaV3","schema_type":"Iced"},"name":"offset_column","label":"offset_column","help":"Offset column. This will be added to the combination of columns before applying the link function.","required":false,"type":"VecSpecifier","default_value":null,"actual_value":null,"input_value":null,"level":"secondary","values":[],"is_member_of_frames":["training_frame","validation_frame"],"is_mutually_exclusive_with":["response_column","weights_column","ignored_columns","fold_column"],"gridable":true},{"__meta":{"schema_version":3,"schema_name":"ModelParameterSchemaV3","schema_type":"Iced"},"name":"weights_column","label":"weights_column","help":"Column with observation weights. Giving some observation a weight of zero is equivalent to excluding it from the dataset; giving an observation a relative weight of 2 is equivalent to repeating that row twice. Negative weights are not allowed. Note: Weights are per-row observation weights and do not increase the size of the data frame. This is typically the number of times a row is repeated, but non-integer values are supported as well. During training, rows with higher weights matter more, due to the larger loss function pre-factor.","required":false,"type":"VecSpecifier","default_value":null,"actual_value":null,"input_value":null,"level":"secondary","values":[],"is_member_of_frames":["training_frame","validation_frame"],"is_mutually_exclusive_with":["response_column","ignored_columns","offset_column","fold_column"],"gridable":true},{"__meta":{"schema_version":3,"schema_name":"ModelParameterSchemaV3","schema_type":"Iced"},"name":"balance_classes","label":"balance_classes","help":"Balance training data class counts via over/under-sampling (for imbalanced data).","required":false,"type":"boolean","default_value":false,"actual_value":false,"input_value":false,"level":"secondary","values":[],"is_member_of_frames":[],"is_mutually_exclusive_with":[],"gridable":true},{"__meta":{"schema_version":3,"schema_name":"ModelParameterSchemaV3","schema_type":"Iced"},"name":"class_sampling_factors","label":"class_sampling_factors","help":"Desired over/under-sampling ratios per class (in lexicographic order). If not specified, sampling factors will be automatically computed to obtain class balance during training. Requires balance_classes.","required":false,"type":"float[]","default_value":null,"actual_value":null,"input_value":null,"level":"expert","values":[],"is_member_of_frames":[],"is_mutually_exclusive_with":[],"gridable":true},{"__meta":{"schema_version":3,"schema_name":"ModelParameterSchemaV3","schema_type":"Iced"},"name":"max_after_balance_size","label":"max_after_balance_size","help":"Maximum relative size of the training data after balancing class counts (can be less than 1.0). Requires balance_classes.","required":false,"type":"float","default_value":5.0,"actual_value":5.0,"input_value":5.0,"level":"expert","values":[],"is_member_of_frames":[],"is_mutually_exclusive_with":[],"gridable":true},{"__meta":{"schema_version":3,"schema_name":"ModelParameterSchemaV3","schema_type":"Iced"},"name":"max_confusion_matrix_size","label":"max_confusion_matrix_size","help":"[Deprecated] Maximum size (# classes) for confusion matrices to be printed in the Logs","required":false,"type":"int","default_value":20,"actual_value":20,"input_value":20,"level":"secondary","values":[],"is_member_of_frames":[],"is_mutually_exclusive_with":[],"gridable":false},{"__meta":{"schema_version":3,"schema_name":"ModelParameterSchemaV3","schema_type":"Iced"},"name":"ntrees","label":"ntrees","help":"Number of trees.","required":false,"type":"int","default_value":50,"actual_value":50,"input_value":50,"level":"critical","values":[],"is_member_of_frames":[],"is_mutually_exclusive_with":[],"gridable":true},{"__meta":{"schema_version":3,"schema_name":"ModelParameterSchemaV3","schema_type":"Iced"},"name":"max_depth","label":"max_depth","help":"Maximum tree depth (0 for unlimited).","required":false,"type":"int","default_value":5,"actual_value":5,"input_value":5,"level":"critical","values":[],"is_member_of_frames":[],"is_mutually_exclusive_with":[],"gridable":true},{"__meta":{"schema_version":3,"schema_name":"ModelParameterSchemaV3","schema_type":"Iced"},"name":"min_rows","label":"min_rows","help":"Fewest allowed (weighted) observations in a leaf.","required":false,"type":"double","default_value":10.0,"actual_value":1.0,"input_value":1.0,"level":"critical","values":[],"is_member_of_frames":[],"is_mutually_exclusive_with":[],"gridable":true},{"__meta":{"schema_version":3,"schema_name":"ModelParameterSchemaV3","schema_type":"Iced"},"name":"nbins","label":"nbins","help":"For numerical columns (real/int), build a histogram of (at least) this many bins, then split at the best point","required":false,"type":"int","default_value":20,"actual_value":13,"input_value":13,"level":"critical","values":[],"is_member_of_frames":[],"is_mutually_exclusive_with":[],"gridable":true},{"__meta":{"schema_version":3,"schema_name":"ModelParameterSchemaV3","schema_type":"Iced"},"name":"nbins_top_level","label":"nbins_top_level","help":"For numerical columns (real/int), build a histogram of (at most) this many bins at the root level, then decrease by factor of two per level","required":false,"type":"int","default_value":1024,"actual_value":16,"input_value":16,"level":"secondary","values":[],"is_member_of_frames":[],"is_mutually_exclusive_with":[],"gridable":true},{"__meta":{"schema_version":3,"schema_name":"ModelParameterSchemaV3","schema_type":"Iced"},"name":"nbins_cats","label":"nbins_cats","help":"For categorical columns (factors), build a histogram of this many bins, then split at the best point. Higher values can lead to more overfitting.","required":false,"type":"int","default_value":1024,"actual_value":1024,"input_value":1024,"level":"secondary","values":[],"is_member_of_frames":[],"is_mutually_exclusive_with":[],"gridable":true},{"__meta":{"schema_version":3,"schema_name":"ModelParameterSchemaV3","schema_type":"Iced"},"name":"r2_stopping","label":"r2_stopping","help":"r2_stopping is no longer supported and will be ignored if set - please use stopping_rounds, stopping_metric and stopping_tolerance instead. Previous version of H2O would stop making trees when the R^2 metric equals or exceeds this","required":false,"type":"double","default_value":1.7976931348623157E308,"actual_value":1.7976931348623157E308,"input_value":1.7976931348623157E308,"level":"secondary","values":[],"is_member_of_frames":[],"is_mutually_exclusive_with":[],"gridable":true},{"__meta":{"schema_version":3,"schema_name":"ModelParameterSchemaV3","schema_type":"Iced"},"name":"stopping_rounds","label":"stopping_rounds","help":"Early stopping based on convergence of stopping_metric. Stop if simple moving average of length k of the stopping_metric does not improve for k:=stopping_rounds scoring events (0 to disable)","required":false,"type":"int","default_value":0,"actual_value":0,"input_value":0,"level":"secondary","values":[],"is_member_of_frames":[],"is_mutually_exclusive_with":[],"gridable":true},{"__meta":{"schema_version":3,"schema_name":"ModelParameterSchemaV3","schema_type":"Iced"},"name":"stopping_metric","label":"stopping_metric","help":"Metric to use for early stopping (AUTO: logloss for classification, deviance for regression and anonomaly_score for Isolation Forest). Note that custom and custom_increasing can only be used in GBM and DRF with the Python client.","required":false,"type":"enum","default_value":"AUTO","actual_value":null,"input_value":"AUTO","level":"secondary","values":["AUTO","deviance","logloss","MSE","RMSE","MAE","RMSLE","AUC","AUCPR","lift_top_group","misclassification","mean_per_class_error","anomaly_score","custom","custom_increasing"],"is_member_of_frames":[],"is_mutually_exclusive_with":[],"gridable":true},{"__meta":{"schema_version":3,"schema_name":"ModelParameterSchemaV3","schema_type":"Iced"},"name":"stopping_tolerance","label":"stopping_tolerance","help":"Relative tolerance for metric-based stopping criterion (stop if relative improvement is not at least this much)","required":false,"type":"double","default_value":0.001,"actual_value":0.001,"input_value":0.001,"level":"secondary","values":[],"is_member_of_frames":[],"is_mutually_exclusive_with":[],"gridable":true},{"__meta":{"schema_version":3,"schema_name":"ModelParameterSchemaV3","schema_type":"Iced"},"name":"max_runtime_secs","label":"max_runtime_secs","help":"Maximum allowed runtime in seconds for model training. Use 0 to disable.","required":false,"type":"double","default_value":0.0,"actual_value":0.0,"input_value":0.0,"level":"secondary","values":[],"is_member_of_frames":[],"is_mutually_exclusive_with":[],"gridable":true},{"__meta":{"schema_version":3,"schema_name":"ModelParameterSchemaV3","schema_type":"Iced"},"name":"seed","label":"seed","help":"Seed for pseudo random number generator (if applicable)","required":false,"type":"long","default_value":-1,"actual_value":12,"input_value":12,"level":"critical","values":[],"is_member_of_frames":[],"is_mutually_exclusive_with":[],"gridable":true},{"__meta":{"schema_version":3,"schema_name":"ModelParameterSchemaV3","schema_type":"Iced"},"name":"build_tree_one_node","label":"build_tree_one_node","help":"Run on one node only; no network overhead but fewer cpus used. Suitable for small datasets.","required":false,"type":"boolean","default_value":false,"actual_value":true,"input_value":true,"level":"expert","values":[],"is_member_of_frames":[],"is_mutually_exclusive_with":[],"gridable":false},{"__meta":{"schema_version":3,"schema_name":"ModelParameterSchemaV3","schema_type":"Iced"},"name":"learn_rate","label":"learn_rate","help":"Learning rate (from 0.0 to 1.0)","required":false,"type":"double","default_value":0.1,"actual_value":0.1,"input_value":0.1,"level":"critical","values":[],"is_member_of_frames":[],"is_mutually_exclusive_with":[],"gridable":true},{"__meta":{"schema_version":3,"schema_name":"ModelParameterSchemaV3","schema_type":"Iced"},"name":"learn_rate_annealing","label":"learn_rate_annealing","help":"Scale the learning rate by this factor after each tree (e.g., 0.99 or 0.999) ","required":false,"type":"double","default_value":1.0,"actual_value":1.0,"input_value":1.0,"level":"secondary","values":[],"is_member_of_frames":[],"is_mutually_exclusive_with":[],"gridable":true},{"__meta":{"schema_version":3,"schema_name":"ModelParameterSchemaV3","schema_type":"Iced"},"name":"distribution","label":"distribution","help":"Distribution function","required":false,"type":"enum","default_value":"AUTO","actual_value":"gaussian","input_value":"gaussian","level":"secondary","values":["AUTO","bernoulli","quasibinomial","ordinal","multinomial","gaussian","poisson","gamma","tweedie","laplace","quantile","huber","custom"],"is_member_of_frames":[],"is_mutually_exclusive_with":[],"gridable":true},{"__meta":{"schema_version":3,"schema_name":"ModelParameterSchemaV3","schema_type":"Iced"},"name":"quantile_alpha","label":"quantile_alpha","help":"Desired quantile for Quantile regression, must be between 0 and 1.","required":false,"type":"double","default_value":0.5,"actual_value":0.5,"input_value":0.5,"level":"secondary","values":[],"is_member_of_frames":[],"is_mutually_exclusive_with":[],"gridable":true},{"__meta":{"schema_version":3,"schema_name":"ModelParameterSchemaV3","schema_type":"Iced"},"name":"tweedie_power","label":"tweedie_power","help":"Tweedie power for Tweedie regression, must be between 1 and 2.","required":false,"type":"double","default_value":1.5,"actual_value":1.5,"input_value":1.5,"level":"secondary","values":[],"is_member_of_frames":[],"is_mutually_exclusive_with":[],"gridable":true},{"__meta":{"schema_version":3,"schema_name":"ModelParameterSchemaV3","schema_type":"Iced"},"name":"huber_alpha","label":"huber_alpha","help":"Desired quantile for Huber/M-regression (threshold between quadratic and linear loss, must be between 0 and 1).","required":false,"type":"double","default_value":0.9,"actual_value":0.9,"input_value":0.9,"level":"secondary","values":[],"is_member_of_frames":[],"is_mutually_exclusive_with":[],"gridable":true},{"__meta":{"schema_version":3,"schema_name":"ModelParameterSchemaV3","schema_type":"Iced"},"name":"checkpoint","label":"checkpoint","help":"Model checkpoint to resume training with.","required":false,"type":"Key<Model>","default_value":null,"actual_value":null,"input_value":null,"level":"secondary","values":[],"is_member_of_frames":[],"is_mutually_exclusive_with":[],"gridable":false},{"__meta":{"schema_version":3,"schema_name":"ModelParameterSchemaV3","schema_type":"Iced"},"name":"sample_rate","label":"sample_rate","help":"Row sample rate per tree (from 0.0 to 1.0)","required":false,"type":"double","default_value":1.0,"actual_value":1.0,"input_value":1.0,"level":"critical","values":[],"is_member_of_frames":[],"is_mutually_exclusive_with":[],"gridable":true},{"__meta":{"schema_version":3,"schema_name":"ModelParameterSchemaV3","schema_type":"Iced"},"name":"sample_rate_per_class","label":"sample_rate_per_class","help":"A list of row sample rates per class (relative fraction for each class, from 0.0 to 1.0), for each tree","required":false,"type":"double[]","default_value":null,"actual_value":null,"input_value":null,"level":"expert","values":[],"is_member_of_frames":[],"is_mutually_exclusive_with":[],"gridable":true},{"__meta":{"schema_version":3,"schema_name":"ModelParameterSchemaV3","schema_type":"Iced"},"name":"col_sample_rate","label":"col_sample_rate","help":"Column sample rate (from 0.0 to 1.0)","required":false,"type":"double","default_value":1.0,"actual_value":1.0,"input_value":1.0,"level":"critical","values":[],"is_member_of_frames":[],"is_mutually_exclusive_with":[],"gridable":true},{"__meta":{"schema_version":3,"schema_name":"ModelParameterSchemaV3","schema_type":"Iced"},"name":"col_sample_rate_change_per_level","label":"col_sample_rate_change_per_level","help":"Relative change of the column sampling rate for every level (must be > 0.0 and <= 2.0)","required":false,"type":"double","default_value":1.0,"actual_value":1.0,"input_value":1.0,"level":"expert","values":[],"is_member_of_frames":[],"is_mutually_exclusive_with":[],"gridable":true},{"__meta":{"schema_version":3,"schema_name":"ModelParameterSchemaV3","schema_type":"Iced"},"name":"col_sample_rate_per_tree","label":"col_sample_rate_per_tree","help":"Column sample rate per tree (from 0.0 to 1.0)","required":false,"type":"double","default_value":1.0,"actual_value":1.0,"input_value":1.0,"level":"secondary","values":[],"is_member_of_frames":[],"is_mutually_exclusive_with":[],"gridable":true},{"__meta":{"schema_version":3,"schema_name":"ModelParameterSchemaV3","schema_type":"Iced"},"name":"min_split_improvement","label":"min_split_improvement","help":"Minimum relative improvement in squared error reduction for a split to happen","required":false,"type":"double","default_value":1.0E-5,"actual_value":1.0E-5,"input_value":1.0E-5,"level":"secondary","values":[],"is_member_of_frames":[],"is_mutually_exclusive_with":[],"gridable":true},{"__meta":{"schema_version":3,"schema_name":"ModelParameterSchemaV3","schema_type":"Iced"},"name":"histogram_type","label":"histogram_type","help":"What type of histogram to use for finding optimal split points","required":false,"type":"enum","default_value":"AUTO","actual_value":"UniformAdaptive","input_value":"AUTO","level":"secondary","values":["AUTO","UniformAdaptive","Random","QuantilesGlobal","RoundRobin"],"is_member_of_frames":[],"is_mutually_exclusive_with":[],"gridable":true},{"__meta":{"schema_version":3,"schema_name":"ModelParameterSchemaV3","schema_type":"Iced"},"name":"max_abs_leafnode_pred","label":"max_abs_leafnode_pred","help":"Maximum absolute value of a leaf node prediction","required":false,"type":"double","default_value":1.7976931348623157E308,"actual_value":1.7976931348623157E308,"input_value":1.7976931348623157E308,"level":"expert","values":[],"is_member_of_frames":[],"is_mutually_exclusive_with":[],"gridable":true},{"__meta":{"schema_version":3,"schema_name":"ModelParameterSchemaV3","schema_type":"Iced"},"name":"pred_noise_bandwidth","label":"pred_noise_bandwidth","help":"Bandwidth (sigma) of Gaussian multiplicative noise ~N(1,sigma) for tree node predictions","required":false,"type":"double","default_value":0.0,"actual_value":0.0,"input_value":0.0,"level":"expert","values":[],"is_member_of_frames":[],"is_mutually_exclusive_with":[],"gridable":true},{"__meta":{"schema_version":3,"schema_name":"ModelParameterSchemaV3","schema_type":"Iced"},"name":"categorical_encoding","label":"categorical_encoding","help":"Encoding scheme for categorical features","required":false,"type":"enum","default_value":"AUTO","actual_value":"Enum","input_value":"Enum","level":"secondary","values":["AUTO","Enum","OneHotInternal","OneHotExplicit","Binary","Eigen","LabelEncoder","SortByResponse","EnumLimited"],"is_member_of_frames":[],"is_mutually_exclusive_with":[],"gridable":true},{"__meta":{"schema_version":3,"schema_name":"ModelParameterSchemaV3","schema_type":"Iced"},"name":"calibrate_model","label":"calibrate_model","help":"Use Platt Scaling to calculate calibrated class probabilities. Calibration can provide more accurate estimates of class probabilities.","required":false,"type":"boolean","default_value":false,"actual_value":false,"input_value":false,"level":"expert","values":[],"is_member_of_frames":[],"is_mutually_exclusive_with":[],"gridable":false},{"__meta":{"schema_version":3,"schema_name":"ModelParameterSchemaV3","schema_type":"Iced"},"name":"calibration_frame","label":"calibration_frame","help":"Calibration frame for Platt Scaling","required":false,"type":"Key<Frame>","default_value":null,"actual_value":null,"input_value":null,"level":"expert","values":[],"is_member_of_frames":[],"is_mutually_exclusive_with":[],"gridable":false},{"__meta":{"schema_version":3,"schema_name":"ModelParameterSchemaV3","schema_type":"Iced"},"name":"custom_metric_func","label":"custom_metric_func","help":"Reference to custom evaluation function, format: `language:keyName=funcName`","required":false,"type":"string","default_value":null,"actual_value":null,"input_value":null,"level":"secondary","values":[],"is_member_of_frames":[],"is_mutually_exclusive_with":[],"gridable":false},{"__meta":{"schema_version":3,"schema_name":"ModelParameterSchemaV3","schema_type":"Iced"},"name":"custom_distribution_func","label":"custom_distribution_func","help":"Reference to custom distribution, format: `language:keyName=funcName`","required":false,"type":"string","default_value":null,"actual_value":null,"input_value":null,"level":"secondary","values":[],"is_member_of_frames":[],"is_mutually_exclusive_with":[],"gridable":false},{"__meta":{"schema_version":3,"schema_name":"ModelParameterSchemaV3","schema_type":"Iced"},"name":"export_checkpoints_dir","label":"export_checkpoints_dir","help":"Automatically export generated models to this directory.","required":false,"type":"string","default_value":null,"actual_value":null,"input_value":null,"level":"secondary","values":[],"is_member_of_frames":[],"is_mutually_exclusive_with":[],"gridable":false},{"__meta":{"schema_version":3,"schema_name":"ModelParameterSchemaV3","schema_type":"Iced"},"name":"monotone_constraints","label":"monotone_constraints","help":"A mapping representing monotonic constraints. Use +1 to enforce an increasing constraint and -1 to specify a decreasing constraint.","required":false,"type":"KeyValue[]","default_value":null,"actual_value":null,"input_value":null,"level":"secondary","values":[],"is_member_of_frames":[],"is_mutually_exclusive_with":[],"gridable":false},{"__meta":{"schema_version":3,"schema_name":"ModelParameterSchemaV3","schema_type":"Iced"},"name":"check_constant_response","label":"check_constant_response","help":"Check if response column is constant. If enabled, then an exception is thrown if the response column is a constant value.If disabled, then model will train regardless of the response column being a constant value or not.","required":false,"type":"boolean","default_value":true,"actual_value":true,"input_value":true,"level":"expert","values":[],"is_member_of_frames":[],"is_mutually_exclusive_with":[],"gridable":false},{"__meta":{"schema_version":3,"schema_name":"ModelParameterSchemaV3","schema_type":"Iced"},"name":"gainslift_bins","label":"gainslift_bins","help":"Gains/Lift table number of bins. 0 means disabled.. Default value -1 means automatic binning.","required":false,"type":"int","default_value":-1,"actual_value":-1,"input_value":-1,"level":"secondary","values":[],"is_member_of_frames":[],"is_mutually_exclusive_with":[],"gridable":false},{"__meta":{"schema_version":3,"schema_name":"ModelParameterSchemaV3","schema_type":"Iced"},"name":"auc_type","label":"auc_type","help":"Set default multinomial AUC type.","required":false,"type":"enum","default_value":"AUTO","actual_value":"AUTO","input_value":"AUTO","level":"secondary","values":["AUTO","NONE","MACRO_OVR","WEIGHTED_OVR","MACRO_OVO","WEIGHTED_OVO"],"is_member_of_frames":[],"is_mutually_exclusive_with":[],"gridable":true}],"output":{"__meta":{"schema_version":3,"schema_name":"GBMModelOutputV3","schema_type":"GBMOutput"},"names":["style","flavor","abv","rating"],"original_names":null,"column_types":["Enum","Enum","Numeric","Numeric"],"domains":[["alt","keller","lager","mix","pils","wheat"],["fruit","lemon","standard"],null,null],"cross_validation_models":[{"__meta":{"schema_version":3,"schema_name":"ModelKeyV3","schema_type":"Key<Model>"},"name":"light_all_gbm_model_cv_1","type":"Key<Model>","URL":"/3/Models/light_all_gbm_model_cv_1"},{"__meta":{"schema_version":3,"schema_name":"ModelKeyV3","schema_type":"Key<Model>"},"name":"light_all_gbm_model_cv_2","type":"Key<Model>","URL":"/3/Models/light_all_gbm_model_cv_2"},{"__meta":{"schema_version":3,"schema_name":"ModelKeyV3","schema_type":"Key<Model>"},"name":"light_all_gbm_model_cv_3","type":"Key<Model>","URL":"/3/Models/light_all_gbm_model_cv_3"},{"__meta":{"schema_version":3,"schema_name":"ModelKeyV3","schema_type":"Key<Model>"},"name":"light_all_gbm_model_cv_4","type":"Key<Model>","URL":"/3/Models/light_all_gbm_model_cv_4"}],"cross_validation_predictions":null,"cross_validation_holdout_predictions_frame_id":null,"cross_validation_fold_assignment_frame_id":null,"model_category":"Regression","model_summary":{"__meta":{"schema_version":3,"schema_name":"TwoDimTableV3","schema_type":"TwoDimTable"},"name":"Model Summary","description":"","columns":[{"__meta":{"schema_version":-1,"schema_name":"ColumnSpecsBase","schema_type":"Iced"},"name":"","type":"string","format":"%s","description":""},{"__meta":{"schema_version":-1,"schema_name":"ColumnSpecsBase","schema_type":"Iced"},"name":"number_of_trees","type":"long","format":"%d","description":"Number of Trees"},{"__meta":{"schema_version":-1,"schema_name":"ColumnSpecsBase","schema_type":"Iced"},"name":"number_of_internal_trees","type":"long","format":"%d","description":"Number of Internal Trees"},{"__meta":{"schema_version":-1,"schema_name":"ColumnSpecsBase","schema_type":"Iced"},"name":"model_size_in_bytes","type":"long","format":"%d","description":"Model Size in Bytes"},{"__meta":{"schema_version":-1,"schema_name":"ColumnSpecsBase","schema_type":"Iced"},"name":"min_depth","type":"long","format":"%d","description":"Min. Depth"},{"__meta":{"schema_version":-1,"schema_name":"ColumnSpecsBase","schema_type":"Iced"},"name":"max_depth","type":"long","format":"%d","description":"Max. Depth"},{"__meta":{"schema_version":-1,"schema_name":"ColumnSpecsBase","schema_type":"Iced"},"name":"mean_depth","type":"double","format":"%.5f","description":"Mean Depth"},{"__meta":{"schema_version":-1,"schema_name":"ColumnSpecsBase","schema_type":"Iced"},"name":"min_leaves","type":"long","format":"%d","description":"Min. Leaves"},{"__meta":{"schema_version":-1,"schema_name":"ColumnSpecsBase","schema_type":"Iced"},"name":"max_leaves","type":"long","format":"%d","description":"Max. Leaves"},{"__meta":{"schema_version":-1,"schema_name":"ColumnSpecsBase","schema_type":"Iced"},"name":"mean_leaves","type":"double","format":"%.5f","description":"Mean Leaves"}],"rowcount":1,"data":[[""],[50],[50],[8803],[5],[5],[5.0],[8],[10],[9.38]]},"scoring_history":{"__meta":{"schema_version":3,"schema_name":"TwoDimTableV3","schema_type":"TwoDimTable"},"name":"Scoring History","description":"","columns":[{"__meta":{"schema_version":-1,"schema_name":"ColumnSpecsBase","schema_type":"Iced"},"name":"","type":"string","format":"%s","description":""},{"__meta":{"schema_version":-1,"schema_name":"ColumnSpecsBase","schema_type":"Iced"},"name":"timestamp","type":"string","format":"%s","description":"Timestamp"},{"__meta":{"schema_version":-1,"schema_name":"ColumnSpecsBase","schema_type":"Iced"},"name":"duration","type":"string","format":"%s","description":"Duration"},{"__meta":{"schema_version":-1,"schema_name":"ColumnSpecsBase","schema_type":"Iced"},"name":"number_of_trees","type":"long","format":"%d","description":"Number of Trees"},{"__meta":{"schema_version":-1,"schema_name":"ColumnSpecsBase","schema_type":"Iced"},"name":"training_rmse","type":"double","format":"%.5f","description":"Training RMSE"},{"__meta":{"schema_version":-1,"schema_name":"ColumnSpecsBase","schema_type":"Iced"},"name":"training_mae","type":"double","format":"%.5f","description":"Training MAE"},{"__meta":{"schema_version":-1,"schema_name":"ColumnSpecsBase","schema_type":"Iced"},"name":"training_deviance","type":"double","format":"%.5f","description":"Training Deviance"},{"__meta":{"schema_version":-1,"schema_name":"ColumnSpecsBase","schema_type":"Iced"},"name":"validation_rmse","type":"double","format":"%.5f","description":"Validation RMSE"},{"__meta":{"schema_version":-1,"schema_name":"ColumnSpecsBase","schema_type":"Iced"},"name":"validation_mae","type":"double","format":"%.5f","description":"Validation MAE"},{"__meta":{"schema_version":-1,"schema_name":"ColumnSpecsBase","schema_type":"Iced"},"name":"validation_deviance","type":"double","format":"%.5f","description":"Validation Deviance"}],"rowcount":51,"data":[["","","","","","","","","","","","","","","","","","","","","","","","","","","","","","","","","","","","","","","","","","","","","","","","","","",""],["2021-09-29 23:24:02","2021-09-29 23:24:02","2021-09-29 23:24:02","2021-09-29 23:24:02","2021-09-29 23:24:02","2021-09-29 23:24:02","2021-09-29 23:24:02","2021-09-29 23:24:02","2021-09-29 23:24:02","2021-09-29 23:24:02","2021-09-29 23:24:02","2021-09-29 23:24:02","2021-09-29 23:24:02","2021-09-29 23:24:02","2021-09-29 23:24:02","2021-09-29 23:24:02","2021-09-29 23:24:02","2021-09-29 23:24:02","2021-09-29 23:24:02","2021-09-29 23:24:02","2021-09-29 23:24:02","2021-09-29 23:24:02","2021-09-29 23:24:02","2021-09-29 23:24:02","2021-09-29 23:24:02","2021-09-29 23:24:02","2021-09-29 23:24:02","2021-09-29 23:24:02","2021-09-29 23:24:02","2021-09-29 23:24:02","2021-09-29 23:24:02","2021-09-29 23:24:02","2021-09-29 23:24:02","2021-09-29 23:24:02","2021-09-29 23:24:02","2021-09-29 23:24:02","2021-09-29 23:24:02","2021-09-29 23:24:02","2021-09-29 23:24:02","2021-09-29 23:24:02","2021-09-29 23:24:02","2021-09-29 23:24:02","2021-09-29 23:24:02","2021-09-29 23:24:02","2021-09-29 23:24:02","2021-09-29 23:24:02","2021-09-29 23:24:02","2021-09-29 23:24:02","2021-09-29 23:24:02","2021-09-29 23:24:02","2021-09-29 23:24:02"],[" 0.127 sec"," 0.129 sec"," 0.130 sec"," 0.131 sec"," 0.132 sec"," 0.132 sec"," 0.133 sec"," 0.134 sec"," 0.135 sec"," 0.136 sec"," 0.137 sec"," 0.138 sec"," 0.139 sec"," 0.140 sec"," 0.141 sec"," 0.142 sec"," 0.143 sec"," 0.144 sec"," 0.145 sec"," 0.146 sec"," 0.147 sec"," 0.149 sec"," 0.150 sec"," 0.151 sec"," 0.152 sec"," 0.153 sec"," 0.154 sec"," 0.156 sec"," 0.157 sec"," 0.158 sec"," 0.159 sec"," 0.160 sec"," 0.162 sec"," 0.163 sec"," 0.164 sec"," 0.165 sec"," 0.167 sec"," 0.168 sec"," 0.169 sec"," 0.171 sec"," 0.172 sec"," 0.174 sec"," 0.175 sec"," 0.177 sec"," 0.178 sec"," 0.180 sec"," 0.181 sec"," 0.182 sec"," 0.183 sec"," 0.185 sec"," 0.186 sec"],[0,1,2,3,4,5,6,7,8,9,10,11,12,13,14,15,16,17,18,19,20,21,22,23,24,25,26,27,28,29,30,31,32,33,34,35,36,37,38,39,40,41,42,43,44,45,46,47,48,49,50],[1.2533904636309416,1.1460378693179887,1.0502678964475252,0.9657572708028392,0.8914499542172875,0.8263773924815258,0.7696460228322682,0.7204261983353285,0.6779436539868463,0.6414736550421007,0.610337581183462,0.5838677300112488,0.561440959897426,0.5425957425483524,0.5267744752168476,0.5136013104041547,0.5026243292898084,0.4935529950225751,0.4860358955308633,0.47985953968289025,0.4747599831423592,0.47058763920058994,0.4671493810168748,0.4643445208097977,0.4619398222568145,0.4599827879646421,0.45843405586195807,0.4571755191516886,0.4560926258871081,0.45521359618777535,0.454520920879849,0.4539590862449697,0.45347306352507816,0.45307900576074545,0.4527595719028538,0.45250066344954204,0.45229000090736465,0.45211736716467527,0.4519768832180585,0.45186156909653263,0.4517672631483335,0.4516901718040434,0.4516268389111634,0.45157522665183086,0.4515325070601174,0.45149776706289696,0.45146908130104635,0.45144558542402846,0.4514263472717613,0.45141049854180687,0.4513974965800566],[0.9444444444444444,0.8819444444444444,0.8239087528652616,0.7716766198476156,0.7246677345699735,0.6823596954345703,0.6442824204762777,0.610012928644816,0.5791703595055474,0.551412026087443,0.5264294942220052,0.5042522483401828,0.4842086103227403,0.46616877449883354,0.44985731442769367,0.4351760016547309,0.42189457681443954,0.4099399513668484,0.3991195095909966,0.38937944836086696,0.3805581463707818,0.3726171917385525,0.3654206328921848,0.35894176695081925,0.35286421245998806,0.3473943869272868,0.34259234534369576,0.33827008141411674,0.3342092037200928,0.33055443233913845,0.3273459275563558,0.3244583076900906,0.32174203130933976,0.319297366672092,0.3170972400241428,0.31511714723375106,0.3132958677079942,0.31168286005655926,0.3101971679263645,0.3088826868269179,0.3076685004764133,0.30659710036383736,0.3056047492557102,0.30473123656378853,0.3039192623562283,0.3031877411736382,0.3025420241885715,0.30194319619072807,0.3014261457655165,0.30094488461812335,0.3005085521274143],[1.570987654320987,1.3134027979109153,1.1030626543083093,0.9326871061085487,0.7946830208740039,0.6828995948045657,0.5923550004615284,0.5190139072478941,0.45960759798103684,0.41148845011307206,0.37251196300487915,0.3409015261484885,0.3152159514505431,0.2944101398315979,0.27749134773998524,0.2637863060488649,0.25263121639402975,0.24359455889575404,0.23623089174448827,0.23026517782467534,0.22539704159333318,0.2214527261683846,0.21822854418444926,0.21561583400608064,0.2133883993866574,0.2115841652237249,0.2101617835740449,0.20900945531161597,0.20802048338859752,0.20721941815420702,0.20658926751746598,0.20607885198436784,0.20563781934281955,0.20528058546114558,0.20499122994965546,0.20475685042227573,0.2045662449207839,0.2044101136919178,0.20428310296351052,0.2041788776263805,0.2040936600525356,0.20402401130436626,0.20396680162488995,0.2039201853256524,0.20388160493199495,0.20385023366278196,0.2038243313708108,0.2038031165988438,0.20378574701112484,0.20377143819376264,0.2037596999187422],[0.8031573497111646,0.7773039234370642,0.7826888059871016,0.7995807280707845,0.8239597194424354,0.8527059891525612,0.8835563758577307,0.914948451504183,0.9458471326315646,0.9755955636255518,1.0038005143808348,1.0295321267454836,1.0533878206884775,1.0757971394589874,1.0963259137677968,1.1154430771314234,1.132827188448202,1.1489360254932477,1.163513373800982,1.176984570911056,1.1891336502707612,1.2003461997577565,1.2104330097993954,1.219739188025483,1.2292634727860827,1.2378632000668952,1.2446548069879533,1.250907213660951,1.2573430004756745,1.2631465848157346,1.2676917705146022,1.2717900527935118,1.27613342398555,1.2800471410101995,1.2827611279847237,1.2859384338406095,1.2886105244959336,1.290604013953479,1.2927650108981825,1.29442646673851,1.29615181370792,1.297861356568506,1.2992783274176019,1.3003827861099997,1.3015120303825602,1.3022947017239352,1.3031102813536697,1.303933413166461,1.3045814820904684,1.305094146314435,1.3056762271658753],[0.6604938271604941,0.6194444452354939,0.6379761955252401,0.6646547701071811,0.6886654819741295,0.710275123378745,0.7297238077002545,0.7472276208163413,0.7629810497854597,0.7771591313045335,0.7899194060376398,0.8036154035340858,0.8146488112569961,0.8260094262314617,0.8350607759698675,0.844504832721281,0.8519399725073191,0.8598090360217073,0.8659253287715494,0.8724981645398119,0.8775373671065879,0.8830416872752487,0.8872004662191979,0.8918224624271885,0.8970037962275524,0.9016669988028568,0.9044094811521334,0.9075005162265843,0.9110131875344519,0.9141745913377102,0.9159830376005699,0.9176106301257043,0.9200391327074074,0.9222247874174544,0.9236344187240186,0.9254048064704641,0.9267374328316053,0.9277650513535333,0.9288288273943451,0.9298698953913388,0.9305863993789968,0.9315405743782996,0.9322300491115096,0.9329352065181378,0.933389998973494,0.9337197678989335,0.934251584372423,0.9345762532719637,0.9349197588076265,0.9351313378148782,0.9353443568699598],[0.6450617283950619,0.6042013893906534,0.6126017670175147,0.6393293407022058,0.6789096192636568,0.7271075039366478,0.7806718693188476,0.8371306689099024,0.8946267983073525,0.951786703765858,1.0076154726712288,1.0599364000010785,1.10962590077482,1.15733948526814,1.2019305091987946,1.2442132583204186,1.283297438887458,1.3200539906762208,1.3537633710137438,1.3852926801626828,1.4140388382062652,1.4408309992728878,1.4651480712120233,1.4877636868050648,1.5110886855261,1.5323053020798545,1.5491655885582192,1.5647688571890037,1.5809114208451722,1.5955392947316536,1.607042425030447,1.6174499383845236,1.6285165158130837,1.6385206832083852,1.6454761114686407,1.6536376556284398,1.6605170838416852,1.6656587208328313,1.6712413734025782,1.6755398777931425,1.6800095241783306,1.6844441008738429,1.6881241720970808,1.690995390411205,1.6939335652305345,1.6959714901382335,1.6980964053696401,1.7002423459719367,1.7019328434133632,1.7032707307442039,1.7047904101861142]]},"cv_scoring_history":[{"__meta":{"schema_version":3,"schema_name":"TwoDimTableV3","schema_type":"TwoDimTable"},"name":"Scoring History","description":"","columns":[{"__meta":{"schema_version":-1,"schema_name":"ColumnSpecsBase","schema_type":"Iced"},"name":"","type":"string","format":"%s","description":""},{"__meta":{"schema_version":-1,"schema_name":"ColumnSpecsBase","schema_type":"Iced"},"name":"timestamp","type":"string","format":"%s","description":"Timestamp"},{"__meta":{"schema_version":-1,"schema_name":"ColumnSpecsBase","schema_type":"Iced"},"name":"duration","type":"string","format":"%s","description":"Duration"},{"__meta":{"schema_version":-1,"schema_name":"ColumnSpecsBase","schema_type":"Iced"},"name":"number_of_trees","type":"long","format":"%d","description":"Number of Trees"},{"__meta":{"schema_version":-1,"schema_name":"ColumnSpecsBase","schema_type":"Iced"},"name":"training_rmse","type":"double","format":"%.5f","description":"Training RMSE"},{"__meta":{"schema_version":-1,"schema_name":"ColumnSpecsBase","schema_type":"Iced"},"name":"training_mae","type":"double","format":"%.5f","description":"Training MAE"},{"__meta":{"schema_version":-1,"schema_name":"ColumnSpecsBase","schema_type":"Iced"},"name":"training_deviance","type":"double","format":"%.5f","description":"Training Deviance"},{"__meta":{"schema_version":-1,"schema_name":"ColumnSpecsBase","schema_type":"Iced"},"name":"validation_rmse","type":"double","format":"%.5f","description":"Validation RMSE"},{"__meta":{"schema_version":-1,"schema_name":"ColumnSpecsBase","schema_type":"Iced"},"name":"validation_mae","type":"double","format":"%.5f","description":"Validation MAE"},{"__meta":{"schema_version":-1,"schema_name":"ColumnSpecsBase","schema_type":"Iced"},"name":"validation_deviance","type":"double","format":"%.5f","description":"Validation Deviance"}],"rowcount":51,"data":[["","","","","","","","","","","","","","","","","","","","","","","","","","","","","","","","","","","","","","","","","","","","","","","","","","",""],["2021-09-29 23:24:02","2021-09-29 23:24:02","2021-09-29 23:24:02","2021-09-29 23:24:02","2021-09-29 23:24:02","2021-09-29 23:24:02","2021-09-29 23:24:02","2021-09-29 23:24:02","2021-09-29 23:24:02","2021-09-29 23:24:02","2021-09-29 23:24:02","2021-09-29 23:24:02","2021-09-29 23:24:02","2021-09-29 23:24:02","2021-09-29 23:24:02","2021-09-29 23:24:02","2021-09-29 23:24:02","2021-09-29 23:24:02","2021-09-29 23:24:02","2021-09-29 23:24:02","2021-09-29 23:24:02","2021-09-29 23:24:02","2021-09-29 23:24:02","2021-09-29 23:24:02","2021-09-29 23:24:02","2021-09-29 23:24:02","2021-09-29 23:24:02","2021-09-29 23:24:02","2021-09-29 23:24:02","2021-09-29 23:24:02","2021-09-29 23:24:02","2021-09-29 23:24:02","2021-09-29 23:24:02","2021-09-29 23:24:02","2021-09-29 23:24:02","2021-09-29 23:24:02","2021-09-29 23:24:02","2021-09-29 23:24:02","2021-09-29 23:24:02","2021-09-29 23:24:02","2021-09-29 23:24:02","2021-09-29 23:24:02","2021-09-29 23:24:02","2021-09-29 23:24:02","2021-09-29 23:24:02","2021-09-29 23:24:02","2021-09-29 23:24:02","2021-09-29 23:24:02","2021-09-29 23:24:02","2021-09-29 23:24:02","2021-09-29 23:24:02"],[" 0.004 sec"," 0.008 sec"," 0.010 sec"," 0.011 sec"," 0.013 sec"," 0.014 sec"," 0.015 sec"," 0.017 sec"," 0.018 sec"," 0.019 sec"," 0.021 sec"," 0.023 sec"," 0.024 sec"," 0.026 sec"," 0.027 sec"," 0.029 sec"," 0.031 sec"," 0.033 sec"," 0.035 sec"," 0.036 sec"," 0.038 sec"," 0.039 sec"," 0.041 sec"," 0.043 sec"," 0.044 sec"," 0.046 sec"," 0.047 sec"," 0.049 sec"," 0.051 sec"," 0.052 sec"," 0.054 sec"," 0.056 sec"," 0.058 sec"," 0.060 sec"," 0.061 sec"," 0.063 sec"," 0.065 sec"," 0.067 sec"," 0.068 sec"," 0.070 sec"," 0.072 sec"," 0.074 sec"," 0.076 sec"," 0.078 sec"," 0.080 sec"," 0.082 sec"," 0.084 sec"," 0.086 sec"," 0.115 sec"," 0.117 sec"," 0.119 sec"],[0,1,2,3,4,5,6,7,8,9,10,11,12,13,14,15,16,17,18,19,20,21,22,23,24,25,26,27,28,29,30,31,32,33,34,35,36,37,38,39,40,41,42,43,44,45,46,47,48,49,50],[1.2332207155790618,1.1170086925194636,1.0131520750149015,0.9204780770321469,0.8379319587914613,0.7645642482751309,0.6995182241536748,0.6420180230469956,0.591358493492518,0.5468951468732429,0.5080351314897061,0.47423000273723087,0.444969143763319,0.41977536193672943,0.3982016654620779,0.37982978347545143,0.36426992836866656,0.35116143042643116,0.34017345790649,0.3310058408081976,0.32338966707118105,0.317086501081435,0.31188755576654564,0.3076120223216186,0.30410477112230744,0.30123397249136313,0.29888841549208106,0.29697492947396475,0.29541590924310807,0.29414705702075494,0.2931152697474699,0.2922768188931242,0.291595931386671,0.29104323682771455,0.2905947771616978,0.29023101164761583,0.2899360415754966,0.2896968917675818,0.2895030353345901,0.2893459144478912,0.28921858268922934,0.289115407939526,0.2890318100389088,0.2889640751744894,0.28890919940098386,0.2888647432129285,0.2888287238035703,0.28879955023071924,0.2887759146843703,0.28875676728258876,0.2887412580322094],[0.9166666666666666,0.8416666984558105,0.7741666634877523,0.7134166955947876,0.6587416330973307,0.6095340251922607,0.5652472972869873,0.5253892342249552,0.48951693375905353,0.45723187923431396,0.42817533016204834,0.40202446778615314,0.3784886598587036,0.3573065201441447,0.3382425705591838,0.32108501593271893,0.30564316113789874,0.2917455832163493,0.2792377471923828,0.26798057556152344,0.25784921646118164,0.24873101711273193,0.24052457014719644,0.2331387996673584,0.22649161020914713,0.22050917148590088,0.21512492497762045,0.21027910709381104,0.2059178352355957,0.20199271043141684,0.19846022129058838,0.19528075059254965,0.19241937001546225,0.18984409173329672,0.18752630551656088,0.18544026215871176,0.18356295426686606,0.18187336126963297,0.18035268783569336,0.17898404598236084,0.17775229612986246,0.1766437292098999,0.17564610640207926,0.1747481425603231,0.17393998305002847,0.17321268717447916,0.17255798975626627,0.17196893692016602,0.17143869400024414,0.17096145947774252,0.17053194840749106],[1.5208333333333333,1.2477084191640415,1.0264771271070003,0.847279890296799,0.7021299675640952,0.584558489740516,0.48932574592311084,0.41218714191717254,0.34970486782574045,0.2990943016735059,0.25809969482776296,0.22489409549615402,0.1979975389014612,0.17621135448911218,0.1585645663767726,0.14427066441500833,0.13269258071371345,0.12331435021913724,0.11571798146405854,0.10956486664914185,0.10458087676840933,0.10054384916806687,0.09727384744203012,0.09462515627679598,0.092479711819351,0.09074190618292732,0.08933428491536688,0.08819410873606633,0.08727055943393225,0.08652249115397126,0.08591656135913202,0.0854257388622841,0.08502818720126015,0.08470616570315315,0.08444532451365679,0.08423404012199853,0.08406290820446809,0.08392428909979799,0.08381200746794093,0.08372105820768638,0.08364738857276659,0.08358771910803853,0.08353938721436786,0.08350023674144798,0.08346852549851747,0.08344283987147112,0.08342203169399909,0.08340518021346573,0.08339152890179473,0.08338047065149112,0.08337151409002293],[1.3149778198382918,1.294137420925235,1.2777413247955056,1.2649718148328053,1.2551383990989355,1.2476643861623937,1.2420727656047064,1.2379722760571814,1.2350443596475544,1.2330313691370445,1.2317261166762647,1.230962938526532,1.230610066875463,1.2305632566017284,1.23074049541604,1.231077617428923,1.2315247768614035,1.232043526492131,1.2326044955618707,1.2331854899786907,1.2337699541398413,1.2343457740002595,1.2349042924378388,1.2354395363634354,1.2359476131597333,1.2364262003944164,1.2368741804085088,1.2372913184467604,1.2376780447144784,1.2380352338342528,1.2383640984992657,1.2386660697763234,1.2389426821922858,1.239195559212076,1.2394263271678194,1.239636592225259,1.2398279152154736,1.2400017970828483,1.240159657973231,1.2403028389073034,1.240432592886565,1.2405500972534884,1.2406564376781726,1.2407526268776625,1.240839578530735,1.2409181465043235,1.2409891018657373,1.2410531595923706,1.241110973718285,1.241163134023915,1.241210194832385],[1.0,1.0083333334575098,1.0158333300302427,1.0225833257039387,1.028658326715231,1.0341258210440476,1.0390465579306085,1.0434752147023876,1.047461001202464,1.0510482154786587,1.0542767050986488,1.057182343987127,1.0597974142680566,1.0621509711878996,1.0642691771499813,1.0661755562759936,1.067891295844068,1.0694354535080492,1.0708251954056323,1.072075971091787,1.073201672329257,1.074214808254813,1.0751266321943451,1.0759472689436127,1.0766858420489978,1.077350553047533,1.0779487929539755,1.0784872056683525,1.0789717834753294,1.0794078987479832,1.07980039929195,1.0801536561533187,1.0804715793735038,1.0807577134498085,1.081015237296621,1.0812470119368907,1.081455612302913,1.0816433589789085,1.0818123341693233,1.081964413431706,1.0821012815868016,1.0822244645193375,1.0823353291586197,1.0824351152793195,1.082524919610781,1.0826057435090963,1.0826784770712645,1.0827439309165736,1.0828028362011537,1.0828558445985739,1.0829035601054784],[1.7291666666666667,1.674791664239019,1.632622893090174,1.6001536923214008,1.5753724008926386,1.556666420497983,1.5427447550569238,1.5325753562861983,1.5253345702972378,1.5203663572759742,1.5171492265023916,1.5152697560258745,1.5144011366952312,1.514285928498251,1.5147221670569195,1.5155521001344738,1.5166532760235298,1.5179312511711662,1.5193138424793335,1.5207464526939833,1.5221882997382261,1.5236094897922996,1.5249886114813993,1.5263108480099004,1.527566502475242,1.5287497490217739,1.5298577381612202,1.5308898067037227,1.5318469423682544,1.532731240215033,1.533545640451899,1.534293632415124,1.5349789697578151,1.53560563397093,1.5361776204767106,1.536698880783853,1.5371732593475478,1.5376044567686933,1.5379959772642813,1.538351132201516,1.5386730174952863,1.5389645437956394,1.5392283963522935,1.5394670811038198,1.539682859648332,1.5398778463237255,1.5400539509495295,1.540212944934206,1.5403564490839494,1.540485925260067,1.5406027477558475]]},{"__meta":{"schema_version":3,"schema_name":"TwoDimTableV3","schema_type":"TwoDimTable"},"name":"Scoring History","description":"","columns":[{"__meta":{"schema_version":-1,"schema_name":"ColumnSpecsBase","schema_type":"Iced"},"name":"","type":"string","format":"%s","description":""},{"__meta":{"schema_version":-1,"schema_name":"ColumnSpecsBase","schema_type":"Iced"},"name":"timestamp","type":"string","format":"%s","description":"Timestamp"},{"__meta":{"schema_version":-1,"schema_name":"ColumnSpecsBase","schema_type":"Iced"},"name":"duration","type":"string","format":"%s","description":"Duration"},{"__meta":{"schema_version":-1,"schema_name":"ColumnSpecsBase","schema_type":"Iced"},"name":"number_of_trees","type":"long","format":"%d","description":"Number of Trees"},{"__meta":{"schema_version":-1,"schema_name":"ColumnSpecsBase","schema_type":"Iced"},"name":"training_rmse","type":"double","format":"%.5f","description":"Training RMSE"},{"__meta":{"schema_version":-1,"schema_name":"ColumnSpecsBase","schema_type":"Iced"},"name":"training_mae","type":"double","format":"%.5f","description":"Training MAE"},{"__meta":{"schema_version":-1,"schema_name":"ColumnSpecsBase","schema_type":"Iced"},"name":"training_deviance","type":"double","format":"%.5f","description":"Training Deviance"},{"__meta":{"schema_version":-1,"schema_name":"ColumnSpecsBase","schema_type":"Iced"},"name":"validation_rmse","type":"double","format":"%.5f","description":"Validation RMSE"},{"__meta":{"schema_version":-1,"schema_name":"ColumnSpecsBase","schema_type":"Iced"},"name":"validation_mae","type":"double","format":"%.5f","description":"Validation MAE"},{"__meta":{"schema_version":-1,"schema_name":"ColumnSpecsBase","schema_type":"Iced"},"name":"validation_deviance","type":"double","format":"%.5f","description":"Validation Deviance"}],"rowcount":51,"data":[["","","","","","","","","","","","","","","","","","","","","","","","","","","","","","","","","","","","","","","","","","","","","","","","","","",""],["2021-09-29 23:24:02","2021-09-29 23:24:02","2021-09-29 23:24:02","2021-09-29 23:24:02","2021-09-29 23:24:02","2021-09-29 23:24:02","2021-09-29 23:24:02","2021-09-29 23:24:02","2021-09-29 23:24:02","2021-09-29 23:24:02","2021-09-29 23:24:02","2021-09-29 23:24:02","2021-09-29 23:24:02","2021-09-29 23:24:02","2021-09-29 23:24:02","2021-09-29 23:24:02","2021-09-29 23:24:02","2021-09-29 23:24:02","2021-09-29 23:24:02","2021-09-29 23:24:02","2021-09-29 23:24:02","2021-09-29 23:24:02","2021-09-29 23:24:02","2021-09-29 23:24:02","2021-09-29 23:24:02","2021-09-29 23:24:02","2021-09-29 23:24:02","2021-09-29 23:24:02","2021-09-29 23:24:02","2021-09-29 23:24:02","2021-09-29 23:24:02","2021-09-29 23:24:02","2021-09-29 23:24:02","2021-09-29 23:24:02","2021-09-29 23:24:02","2021-09-29 23:24:02","2021-09-29 23:24:02","2021-09-29 23:24:02","2021-09-29 23:24:02","2021-09-29 23:24:02","2021-09-29 23:24:02","2021-09-29 23:24:02","2021-09-29 23:24:02","2021-09-29 23:24:02","2021-09-29 23:24:02","2021-09-29 23:24:02","2021-09-29 23:24:02","2021-09-29 23:24:02","2021-09-29 23:24:02","2021-09-29 23:24:02","2021-09-29 23:24:02"],[" 0.004 sec"," 0.009 sec"," 0.011 sec"," 0.012 sec"," 0.013 sec"," 0.015 sec"," 0.016 sec"," 0.018 sec"," 0.019 sec"," 0.021 sec"," 0.022 sec"," 0.024 sec"," 0.025 sec"," 0.027 sec"," 0.028 sec"," 0.030 sec"," 0.032 sec"," 0.033 sec"," 0.035 sec"," 0.036 sec"," 0.038 sec"," 0.039 sec"," 0.041 sec"," 0.043 sec"," 0.044 sec"," 0.046 sec"," 0.048 sec"," 0.049 sec"," 0.051 sec"," 0.052 sec"," 0.054 sec"," 0.056 sec"," 0.058 sec"," 0.059 sec"," 0.061 sec"," 0.063 sec"," 0.065 sec"," 0.067 sec"," 0.068 sec"," 0.070 sec"," 0.072 sec"," 0.074 sec"," 0.076 sec"," 0.078 sec"," 0.080 sec"," 0.082 sec"," 0.084 sec"," 0.086 sec"," 0.095 sec"," 0.098 sec"," 0.101 sec"],[0,1,2,3,4,5,6,7,8,9,10,11,12,13,14,15,16,17,18,19,20,21,22,23,24,25,26,27,28,29,30,31,32,33,34,35,36,37,38,39,40,41,42,43,44,45,46,47,48,49,50],[0.998044963916957,0.922465719745618,0.8563708255418523,0.798835238965736,0.7489985565517251,0.7060567540505049,0.6692571727401073,0.6378952343557465,0.6113137914633495,0.5889039934245001,0.5701066179502385,0.5543773925971736,0.5412166847264138,0.5303166345304328,0.5212484750974161,0.5137850162532174,0.5075988266988125,0.5025310751488697,0.49833825154162775,0.4949147387922418,0.4920827642380536,0.48977554726596023,0.487769982898521,0.486195761493832,0.48491633043406696,0.4837861911008945,0.482913261183377,0.48220482619160554,0.48156615507237616,0.4810482081477861,0.480649431434305,0.48032617173034226,0.4800324639187706,0.4797944286794782,0.4796015324210309,0.47944522541939316,0.47931707912852906,0.47921178150872984,0.4791253389461635,0.47905418444246695,0.47899523677588635,0.47894709091081605,0.47890685253669707,0.47887396630772583,0.4788465739877351,0.4788240584107703,0.4788053981788233,0.4787898926525413,0.47877715933799087,0.47876652083832605,0.47875777101704364],[0.8125,0.7651785612106323,0.7225893139839172,0.6842589974403381,0.6497617363929749,0.6187140941619873,0.5907712280750275,0.5656226873397827,0.5429890155792236,0.5226187407970428,0.504285454750061,0.48813948035240173,0.47351300716400146,0.46034857630729675,0.44841501116752625,0.4376736283302307,0.4279293715953827,0.41915807127952576,0.4111945629119873,0.4040255546569824,0.39751097559928894,0.39164575934410095,0.3861013352870941,0.3812655806541443,0.37691229581832886,0.3727661371231079,0.3691735863685608,0.36593979597091675,0.362834095954895,0.3600389063358307,0.3576163053512573,0.35543590784072876,0.353339284658432,0.35145238041877747,0.3497541546821594,0.3482256829738617,0.3468037545681,0.3455556631088257,0.3443920612335205,0.34337228536605835,0.34241756796836853,0.341584175825119,0.3408007323741913,0.34009411931037903,0.3394749164581299,0.3388947546482086,0.3383880853652954,0.3379111588001251,0.33749642968177795,0.337115079164505,0.3367691934108734],[0.99609375,0.850943004105801,0.7333709908392336,0.6381377390134446,0.5609988377165678,0.4985161399403353,0.4479051632640818,0.40691033001377264,0.3737045516332955,0.34680791347132356,0.3250215558306593,0.3073342934228407,0.2929154998262504,0.2812357328596846,0.2716999727913816,0.2639750429263188,0.25765656886601107,0.252537481490279,0.24834101294956668,0.24494059867379292,0.24214544686016382,0.23988008669967087,0.23791955621682348,0.23638631849456715,0.2351438475216412,0.2340490786999112,0.2332052178267645,0.2325214944024765,0.23190596171119182,0.23140737856219573,0.23102387593812068,0.23071323124912624,0.23043116641592576,0.23020269379186686,0.23001762990060115,0.22986772417745271,0.22974486234430458,0.22964393153677065,0.22956109042027606,0.22949291163183716,0.2294364368539874,0.22939031589193348,0.22935177340660573,0.22932027560729296,0.22929404141979148,0.22927247891296076,0.2292546093251815,0.22923976130623203,0.2292275683037559,0.2292173814756353,0.22920900330920801],[2.537992563030869,2.412475712073628,2.3092166724628984,2.2252494475064974,2.157797013322169,2.104304060814175,2.062463419133425,2.0302315180286805,2.0058312155679183,1.9877430148407156,1.9746874515587811,1.9656016127455267,1.9596129017966504,1.9560124103993939,1.9542296183974237,1.953809150965208,1.9543905300090518,1.9556905448490312,1.95748856317451,1.959614083710114,1.9619366209801148,1.9643574794690644,1.9668030285666869,1.969219326615696,1.9715677368196813,1.9738215300317417,1.9759631717149353,1.9779820343199186,1.979872818148911,1.98163409942433,1.9832674152260321,1.9847762868269145,1.9861657084162914,1.987441621928133,1.9886104860130154,1.9896790466443746,1.9906541751987332,1.9915426357353148,1.9923510331360468,1.9930857089150786,1.9937526539626944,1.9943575935209787,1.994905787749211,1.995402209541781,1.9958514524938504,1.996257771416952,1.9966250615382874,1.9969569176739388,1.9972566291734422,1.997527227767707,1.9977714684017238],[2.0,1.7999999970197678,1.6456249952316284,1.6810624822974205,1.7129562385380268,1.7416606470942497,1.7674946077167988,1.7907451651990414,1.8116706870496273,1.8305036537349224,1.8474533315747976,1.862708043307066,1.8764372821897268,1.8887935858219862,1.8999142870306969,1.90992290712893,1.918930672109127,1.9270376423373818,1.9343339428305626,1.9409006349742413,1.9468106497079134,1.9521296489983797,1.9569167364388704,1.9612251273356378,1.965102672111243,1.9685924523510039,1.9717332837171853,1.974560022354126,1.9771040915511549,1.979393720626831,1.9814543961547315,1.983308982802555,1.9849781037773937,1.9864803312812,1.9878323315642774,1.9890491007827222,1.990144181298092,1.991129732108675,1.9920167208183557,1.9928150177001953,1.993533468223177,1.9941801071399823,1.9947620630264282,1.99528582097264,1.9957571983686648,1.9961814404232427,1.996563243912533,1.9969068527570926,1.9972160816541873,1.997494387673214,1.9977448702265974],[6.44140625,5.82003906134516,5.332481640380621,4.951735103627972,4.656087950702073,4.428095580359027,4.253755355263538,4.121840016797041,4.0233588653466725,3.9511222930480576,3.8993905313437134,3.8635897000278154,3.840082724887888,3.825984549636447,3.8190134014217403,3.8173701983953867,3.8196423437890625,3.8247255072119,3.8317614749590074,3.8400873570750296,3.8491953047428704,3.858700307146056,3.8683141531790914,3.877824756316776,3.88707934086828,3.8959714324168453,3.9044304559737473,3.9124129280923636,3.9198963760449104,3.9268737040012756,3.9333496402973465,3.939336908750435,3.9448542212887885,3.949924200572328,3.9545716650809215,3.958822708655667,3.962704045236149,3.966242069951565,3.9694626392382726,3.9723906430815212,3.9750496451832875,3.9774622108347897,3.9796491019952995,3.9816299778442215,3.983423020421813,3.9850450899425756,3.9865116363627697,3.9878369310457984,3.989034042777261,3.990115025673341,3.9910908399599796]]},{"__meta":{"schema_version":3,"schema_name":"TwoDimTableV3","schema_type":"TwoDimTable"},"name":"Scoring History","description":"","columns":[{"__meta":{"schema_version":-1,"schema_name":"ColumnSpecsBase","schema_type":"Iced"},"name":"","type":"string","format":"%s","description":""},{"__meta":{"schema_version":-1,"schema_name":"ColumnSpecsBase","schema_type":"Iced"},"name":"timestamp","type":"string","format":"%s","description":"Timestamp"},{"__meta":{"schema_version":-1,"schema_name":"ColumnSpecsBase","schema_type":"Iced"},"name":"duration","type":"string","format":"%s","description":"Duration"},{"__meta":{"schema_version":-1,"schema_name":"ColumnSpecsBase","schema_type":"Iced"},"name":"number_of_trees","type":"long","format":"%d","description":"Number of Trees"},{"__meta":{"schema_version":-1,"schema_name":"ColumnSpecsBase","schema_type":"Iced"},"name":"training_rmse","type":"double","format":"%.5f","description":"Training RMSE"},{"__meta":{"schema_version":-1,"schema_name":"ColumnSpecsBase","schema_type":"Iced"},"name":"training_mae","type":"double","format":"%.5f","description":"Training MAE"},{"__meta":{"schema_version":-1,"schema_name":"ColumnSpecsBase","schema_type":"Iced"},"name":"training_deviance","type":"double","format":"%.5f","description":"Training Deviance"},{"__meta":{"schema_version":-1,"schema_name":"ColumnSpecsBase","schema_type":"Iced"},"name":"validation_rmse","type":"double","format":"%.5f","description":"Validation RMSE"},{"__meta":{"schema_version":-1,"schema_name":"ColumnSpecsBase","schema_type":"Iced"},"name":"validation_mae","type":"double","format":"%.5f","description":"Validation MAE"},{"__meta":{"schema_version":-1,"schema_name":"ColumnSpecsBase","schema_type":"Iced"},"name":"validation_deviance","type":"double","format":"%.5f","description":"Validation Deviance"}],"rowcount":51,"data":[["","","","","","","","","","","","","","","","","","","","","","","","","","","","","","","","","","","","","","","","","","","","","","","","","","",""],["2021-09-29 23:24:02","2021-09-29 23:24:02","2021-09-29 23:24:02","2021-09-29 23:24:02","2021-09-29 23:24:02","2021-09-29 23:24:02","2021-09-29 23:24:02","2021-09-29 23:24:02","2021-09-29 23:24:02","2021-09-29 23:24:02","2021-09-29 23:24:02","2021-09-29 23:24:02","2021-09-29 23:24:02","2021-09-29 23:24:02","2021-09-29 23:24:02","2021-09-29 23:24:02","2021-09-29 23:24:02","2021-09-29 23:24:02","2021-09-29 23:24:02","2021-09-29 23:24:02","2021-09-29 23:24:02","2021-09-29 23:24:02","2021-09-29 23:24:02","2021-09-29 23:24:02","2021-09-29 23:24:02","2021-09-29 23:24:02","2021-09-29 23:24:02","2021-09-29 23:24:02","2021-09-29 23:24:02","2021-09-29 23:24:02","2021-09-29 23:24:02","2021-09-29 23:24:02","2021-09-29 23:24:02","2021-09-29 23:24:02","2021-09-29 23:24:02","2021-09-29 23:24:02","2021-09-29 23:24:02","2021-09-29 23:24:02","2021-09-29 23:24:02","2021-09-29 23:24:02","2021-09-29 23:24:02","2021-09-29 23:24:02","2021-09-29 23:24:02","2021-09-29 23:24:02","2021-09-29 23:24:02","2021-09-29 23:24:02","2021-09-29 23:24:02","2021-09-29 23:24:02","2021-09-29 23:24:02","2021-09-29 23:24:02","2021-09-29 23:24:02"],[" 0.005 sec"," 0.009 sec"," 0.011 sec"," 0.012 sec"," 0.013 sec"," 0.015 sec"," 0.016 sec"," 0.018 sec"," 0.019 sec"," 0.021 sec"," 0.022 sec"," 0.024 sec"," 0.026 sec"," 0.027 sec"," 0.029 sec"," 0.031 sec"," 0.033 sec"," 0.034 sec"," 0.036 sec"," 0.038 sec"," 0.040 sec"," 0.042 sec"," 0.043 sec"," 0.045 sec"," 0.047 sec"," 0.048 sec"," 0.050 sec"," 0.052 sec"," 0.053 sec"," 0.055 sec"," 0.057 sec"," 0.059 sec"," 0.061 sec"," 0.062 sec"," 0.064 sec"," 0.066 sec"," 0.068 sec"," 0.070 sec"," 0.072 sec"," 0.073 sec"," 0.075 sec"," 0.078 sec"," 0.080 sec"," 0.081 sec"," 0.083 sec"," 0.085 sec"," 0.093 sec"," 0.097 sec"," 0.100 sec"," 0.106 sec"," 0.108 sec"],[0,1,2,3,4,5,6,7,8,9,10,11,12,13,14,15,16,17,18,19,20,21,22,23,24,25,26,27,28,29,30,31,32,33,34,35,36,37,38,39,40,41,42,43,44,45,46,47,48,49,50],[1.3674145257408599,1.251283359987911,1.1486422374677152,1.0582300172415355,0.978893733554702,0.9095726783509601,0.8492851155105492,0.7971166339613464,0.7522126091487883,0.7137724834923472,0.6810474373978453,0.6533395227659199,0.6300034629210945,0.6104476324801312,0.594135837558829,0.5805873597920254,0.5693768245070386,0.5601318677473601,0.5525300934126159,0.5462950960742808,0.5411921106471589,0.5370231424603679,0.5336223873171542,0.5308518367940765,0.5285970259998386,0.5267635598651315,0.5252737542558776,0.5240639119742655,0.5230818925444577,0.5222850925144611,0.5216388031004328,0.5211147168524587,0.5206898325847423,0.5203454015516967,0.5200662609600044,0.5198400446940927,0.5196567305977184,0.5195081990833327,0.5193878658521922,0.5192903681137603,0.51921138453158,0.5191473967050905,0.5190955608928581,0.5190535691361852,0.5190195530291731,0.5189919986603803,0.518969681388187,0.5189517892123986,0.5189377774697431,0.518926429499931,0.5189172359766846],[1.0177514792899407,0.9544378427358774,0.897455618931697,0.8461715624882624,0.800015926361084,0.7584758538466233,0.7210898766150842,0.687442449422983,0.6571597319382888,0.6299052972059983,0.6053763903104342,0.5833002237173227,0.5634317031273475,0.5455500529362605,0.529456615447998,0.5149724666888897,0.5019367291377141,0.4902045543377216,0.4796456557053786,0.47014262126042294,0.4615898865919847,0.45389241438645583,0.44696470407339245,0.44072980147141677,0.435118345113901,0.4300680527320275,0.4255227675804725,0.4214320182800293,0.41775035858154297,0.41443681716918945,0.4114546775817871,0.4087707446171687,0.4063552709726187,0.404181223649245,0.40222468742957485,0.4004637644841121,0.39887890448937047,0.39745253783005935,0.39616889220017654,0.39501351576585036,0.39397371732271635,0.393037906059852,0.3921956282395583,0.39143760387714094,0.39075535994309646,0.3901413404024564,0.3895887594956618,0.3891173509451059,0.38872410700871396,0.3883702571575458,0.3880517299358661],[1.8698224852071006,1.565710046982636,1.3193789896948391,1.1198507693910205,0.9582329415926639,0.827322457202539,0.7212852074277669,0.635394928137867,0.5658238093624277,0.5094711581908331,0.463825611986172,0.4268525320079999,0.39690436329257095,0.3726463120005974,0.3529973934717313,0.3370816823502747,0.32418996828571905,0.31374770926614615,0.3052895041265541,0.29843833199480774,0.2928889006267267,0.2883938555380085,0.28475285224605895,0.28180367262764494,0.2794148158958741,0.277479848001786,0.2759125169100641,0.2746429838337707,0.27361466630789155,0.27278171786283917,0.2721070409000521,0.2715605481202182,0.27111790175712697,0.27075933691599646,0.2704689157889194,0.27023367206755633,0.2700431176555097,0.26988876891480756,0.2697637551944948,0.26966248641572466,0.26958046182720025,0.26951401950567255,0.26946020133867093,0.26941660763301256,0.2693812964266027,0.26935269467349615,0.2693295302001563,0.26931095952674977,0.2692964168852366,0.26928463923354684,0.2692750977936822],[0.9402253286521552,0.9088356552786346,0.9093274421063509,0.9331224981334151,0.9721286962145781,1.019880092239232,1.0717443000164046,1.124630639500693,1.1765808070828647,1.2264137562493989,1.273463606448181,1.317399449361034,1.3581050716306162,1.3955998191668229,1.4299865154806095,1.4614173563362092,1.4900713352416068,1.516139680200695,1.539816264285516,1.5612914644845908,1.5807483003560168,1.5983602575424452,1.6142899623176032,1.628688743471315,1.6416966067138243,1.6534423776473393,1.664044269927103,1.6736103483303286,1.6822392468201273,1.6900207467333606,1.6970364490860417,1.7033604697292914,1.7090600343733673,1.7141960164508705,1.718823482595433,1.7229923288992448,1.726747592641797,1.7301299562496668,1.7331762017473158,1.735919571372644,1.7383899760518995,1.740614449334724,1.7426173813719943,1.7444207358973922,1.7460443152928133,1.74750600661464,1.7488219118268984,1.7499937059509918,1.7510763692281441,1.7520509368354453,1.752928222834948],[0.7538461538461538,0.7384615382609458,0.7246153885928484,0.7121538596657606,0.7741815683933402,0.8367634508328938,0.8930871508585716,0.9437784991728568,0.9894007144066,1.030460723260274,1.0674147339107896,1.1006733443158174,1.1306060803624296,1.1575455296354795,1.181791020141771,1.2036119849922562,1.2232508386055434,1.2409257900471293,1.2568332400208766,1.2711499512231403,1.2840349879617299,1.2956315344701017,1.3060684126837605,1.3154615798535252,1.323915435051402,1.3315238867922181,1.3383714974428023,1.3445343318896794,1.350080891865162,1.3550727952540347,1.3595654977288523,1.3636089241400788,1.3672480310465636,1.3705232345884162,1.3734709083836951,1.3761238396669233,1.3785114777892322,1.3806603254436942,1.3825942720496989,1.3843348420377315,1.3859013378888796,1.3873111736996526,1.3885800278548577,1.3897219860962087,1.3907497227809817,1.3916746914684501,1.392507163336939,1.3932339639409639,1.3939931182794116,1.3946763505874862,1.3952912807587727],[0.8840236686390532,0.8259822483057453,0.8268763969676789,0.8707175965227452,0.9450342020038555,1.040155402545904,1.1486358446176532,1.264794075303738,1.3843423955957652,1.50409070151776,1.6217095569480076,1.7355413091767553,1.8444493855888013,1.9476988552584689,2.0448614344563754,2.1357406894007145,2.2203125841087052,2.298679529879066,2.371034127758202,2.437631037072438,2.4987651890784357,2.5547555128911514,2.6059320824393692,2.6526270231101714,2.6951677484956855,2.7338716962000866,2.7690433322772248,2.800971598038364,2.8299288835419487,2.8561701243891853,2.879932709526561,2.9014368898363925,2.920886201092295,2.938467982816033,2.954354164321493,2.9687025654456436,2.9816572486942414,2.9933496655124743,3.003899746303252,3.0134167582745843,3.0219997088377237,3.0297386612328245,3.0367153378597864,3.0430037038287994,3.0486707509663495,3.0537772431542463,3.0583780792858883,3.0624779708680867,3.0662684508692197,3.069682485265962,3.0727573544112894]]},{"__meta":{"schema_version":3,"schema_name":"TwoDimTableV3","schema_type":"TwoDimTable"},"name":"Scoring History","description":"","columns":[{"__meta":{"schema_version":-1,"schema_name":"ColumnSpecsBase","schema_type":"Iced"},"name":"","type":"string","format":"%s","description":""},{"__meta":{"schema_version":-1,"schema_name":"ColumnSpecsBase","schema_type":"Iced"},"name":"timestamp","type":"string","format":"%s","description":"Timestamp"},{"__meta":{"schema_version":-1,"schema_name":"ColumnSpecsBase","schema_type":"Iced"},"name":"duration","type":"string","format":"%s","description":"Duration"},{"__meta":{"schema_version":-1,"schema_name":"ColumnSpecsBase","schema_type":"Iced"},"name":"number_of_trees","type":"long","format":"%d","description":"Number of Trees"},{"__meta":{"schema_version":-1,"schema_name":"ColumnSpecsBase","schema_type":"Iced"},"name":"training_rmse","type":"double","format":"%.5f","description":"Training RMSE"},{"__meta":{"schema_version":-1,"schema_name":"ColumnSpecsBase","schema_type":"Iced"},"name":"training_mae","type":"double","format":"%.5f","description":"Training MAE"},{"__meta":{"schema_version":-1,"schema_name":"ColumnSpecsBase","schema_type":"Iced"},"name":"training_deviance","type":"double","format":"%.5f","description":"Training Deviance"},{"__meta":{"schema_version":-1,"schema_name":"ColumnSpecsBase","schema_type":"Iced"},"name":"validation_rmse","type":"double","format":"%.5f","description":"Validation RMSE"},{"__meta":{"schema_version":-1,"schema_name":"ColumnSpecsBase","schema_type":"Iced"},"name":"validation_mae","type":"double","format":"%.5f","description":"Validation MAE"},{"__meta":{"schema_version":-1,"schema_name":"ColumnSpecsBase","schema_type":"Iced"},"name":"validation_deviance","type":"double","format":"%.5f","description":"Validation Deviance"}],"rowcount":51,"data":[["","","","","","","","","","","","","","","","","","","","","","","","","","","","","","","","","","","","","","","","","","","","","","","","","","",""],["2021-09-29 23:24:02","2021-09-29 23:24:02","2021-09-29 23:24:02","2021-09-29 23:24:02","2021-09-29 23:24:02","2021-09-29 23:24:02","2021-09-29 23:24:02","2021-09-29 23:24:02","2021-09-29 23:24:02","2021-09-29 23:24:02","2021-09-29 23:24:02","2021-09-29 23:24:02","2021-09-29 23:24:02","2021-09-29 23:24:02","2021-09-29 23:24:02","2021-09-29 23:24:02","2021-09-29 23:24:02","2021-09-29 23:24:02","2021-09-29 23:24:02","2021-09-29 23:24:02","2021-09-29 23:24:02","2021-09-29 23:24:02","2021-09-29 23:24:02","2021-09-29 23:24:02","2021-09-29 23:24:02","2021-09-29 23:24:02","2021-09-29 23:24:02","2021-09-29 23:24:02","2021-09-29 23:24:02","2021-09-29 23:24:02","2021-09-29 23:24:02","2021-09-29 23:24:02","2021-09-29 23:24:02","2021-09-29 23:24:02","2021-09-29 23:24:02","2021-09-29 23:24:02","2021-09-29 23:24:02","2021-09-29 23:24:02","2021-09-29 23:24:02","2021-09-29 23:24:02","2021-09-29 23:24:02","2021-09-29 23:24:02","2021-09-29 23:24:02","2021-09-29 23:24:02","2021-09-29 23:24:02","2021-09-29 23:24:02","2021-09-29 23:24:02","2021-09-29 23:24:02","2021-09-29 23:24:02","2021-09-29 23:24:02","2021-09-29 23:24:02"],[" 0.005 sec"," 0.009 sec"," 0.010 sec"," 0.012 sec"," 0.013 sec"," 0.014 sec"," 0.016 sec"," 0.017 sec"," 0.019 sec"," 0.020 sec"," 0.022 sec"," 0.023 sec"," 0.025 sec"," 0.026 sec"," 0.028 sec"," 0.029 sec"," 0.031 sec"," 0.033 sec"," 0.034 sec"," 0.036 sec"," 0.038 sec"," 0.039 sec"," 0.041 sec"," 0.042 sec"," 0.044 sec"," 0.046 sec"," 0.047 sec"," 0.049 sec"," 0.051 sec"," 0.053 sec"," 0.055 sec"," 0.056 sec"," 0.058 sec"," 0.060 sec"," 0.062 sec"," 0.064 sec"," 0.066 sec"," 0.068 sec"," 0.069 sec"," 0.071 sec"," 0.073 sec"," 0.075 sec"," 0.078 sec"," 0.079 sec"," 0.081 sec"," 0.083 sec"," 0.085 sec"," 0.114 sec"," 0.116 sec"," 0.118 sec"," 0.120 sec"],[0,1,2,3,4,5,6,7,8,9,10,11,12,13,14,15,16,17,18,19,20,21,22,23,24,25,26,27,28,29,30,31,32,33,34,35,36,37,38,39,40,41,42,43,44,45,46,47,48,49,50],[1.3931361750980638,1.2610869440143895,1.1432571343884261,1.0377712356364936,0.9437236425991528,0.860038880876568,0.785747646506562,0.719974118058643,0.661923653737234,0.6108723666739933,0.5661563409956191,0.5271630946860223,0.4933244034724562,0.46411003382508065,0.4390235828984097,0.4176002718297638,0.39936906750663265,0.38388325942480417,0.3708264686500254,0.35982311659911154,0.3491763680529908,0.3403084126609987,0.33295231398471997,0.32687255574966945,0.3218637656948157,0.3177487472887186,0.31437610373418184,0.3116175205007517,0.3093650286784115,0.3075284115187194,0.30603268459068494,0.30481574460438865,0.3038264622950904,0.3030227658865446,0.302370206832724,0.30184060992911377,0.3014109522299211,0.3010624779138067,0.3007799155232047,0.30055084876689186,0.30036518420629515,0.30021471299706454,0.3000927694562307,0.29999396081677565,0.299913903261005,0.2998490395774263,0.29979648805091025,0.2997539126948089,0.2997194211802532,0.29969148116777133,0.29966884959980394],[1.0414201183431953,0.9488165928767278,0.8661657480093149,0.7910876640906701,0.7235174179077148,0.6627041743351862,0.6079721817603478,0.5648825352008526,0.5276250105637771,0.4940932347224309,0.4639147244966947,0.43675400660588193,0.4123093898479755,0.39030922376192534,0.37050907428448016,0.35268889940702,0.3384708624619704,0.3238038649925819,0.31234880594106823,0.3002452850341797,0.2881694206824669,0.2773011647737943,0.2675197674677922,0.2587165832519531,0.250793640430157,0.24366298088660607,0.2372453762934758,0.23146955783550555,0.2262712992154635,0.22159286645742562,0.21738235767071062,0.2135927860553448,0.21018218994140625,0.20711271579448992,0.20435010469876802,0.20186380239633414,0.19962611565223107,0.19761217557466948,0.195799680856558,0.1941684209383451,0.19270034936758187,0.19137910696176383,0.19018994844876802,0.18911966910729042,0.1881564580477201,0.18728953141432542,0.1865093157841609,0.18580711804903471,0.18517508873572716,0.18460629536555365,0.18409439233633187],[1.940828402366863,1.590340280363552,1.3070368753300359,1.0769691375144947,0.8906143136006134,0.7396668766194195,0.6173993639906012,0.5183627306743207,0.4381429233768498,0.3731650483658856,0.3205330024495477,0.2779009283989441,0.24336896706145475,0.2153981234971175,0.19274170634095683,0.17438998703229258,0.1594956520811173,0.1473663568666115,0.13751226985144827,0.1294726752390978,0.1219241360066777,0.11580981572784857,0.11085724338777954,0.10684566770232078,0.10359628366724721,0.10096426640354995,0.09883233459908507,0.09710547908303642,0.09570672096919434,0.09457372389122681,0.09365600403778164,0.09291263815872788,0.09231051919075,0.0918227966455316,0.09142774198006429,0.0911077538023794,0.09084856212414777,0.09063861560760135,0.09046855758214616,0.09033081269449912,0.09021924388328163,0.09012887389990983,0.09005567027991045,0.08999637652653711,0.08994834936925145,0.08990944653550496,0.08987793424765957,0.08985240817584711,0.089831731432626,0.08981498388453264,0.0898014194204699],[0.7927183401838925,0.7774070274620446,0.6976768448419756,0.6985885323207777,0.6979064640785396,0.7041496173481124,0.6773784410757377,0.6884879059733752,0.683313310144369,0.6824347893229072,0.6962037504120439,0.7061107027212716,0.7181466843960236,0.7293531163691362,0.7382080147470167,0.7459726368151302,0.7550553863610105,0.7616483915141332,0.7695126267687705,0.7774446624955018,0.7878661428804334,0.7973698025430598,0.8068334564525883,0.8147507369441996,0.8219352130724191,0.8292618084012043,0.8351870631018498,0.8413182385507346,0.8469434140226125,0.8513533814596472,0.855336601968735,0.8595433770848103,0.863373204382532,0.86631298600426,0.8694554168861676,0.8718498508815784,0.8740085456159385,0.8763272562877807,0.878082625468244,0.8799742966922407,0.8816844420284384,0.882970210395045,0.8841284119976799,0.8853826988186293,0.8863227071563452,0.8871692435091757,0.8879315654716721,0.888758632190256,0.8893768992597917,0.8899335543368205,0.8904347211318417],[0.6923076923076923,0.6980769234781082,0.6591692312692221,0.6637523136173303,0.6678770884011801,0.6715893897299583,0.6454059547816332,0.6484129185859974,0.6272043376301344,0.608116623487037,0.6103087010865028,0.6122815671448525,0.6140571466718729,0.615655171040159,0.6043840566721673,0.6056784502302225,0.607810660924476,0.6101610348488276,0.6185425256307309,0.6328477759773914,0.6435806651528064,0.6532402609403316,0.6674048514033739,0.6752291199679558,0.6822709557528679,0.6925969503748302,0.6983008382770304,0.7066648959110562,0.7141925522985939,0.7183506868708018,0.7220930099415664,0.7275806713777666,0.7325195693339293,0.7352477263587598,0.7392482281125222,0.7414580249621604,0.7434468459731971,0.7463632106243704,0.7479741477801536,0.7503363990618919,0.7524624252154564,0.7536367797686789,0.7546937083753829,0.7562435913060863,0.7570997142859806,0.7578702259038647,0.7585636997290959,0.7595805931066234,0.7601423072789867,0.7606478404880572,0.761102819412302],[0.6284023668639055,0.6043616863473721,0.4867529798286541,0.4880259374900982,0.48707343260260993,0.4958266836114931,0.4588415524341968,0.47401559667160315,0.4669170798204547,0.46571724167820083,0.4846996620877955,0.49859232449752805,0.5157346603090018,0.5319559683573708,0.5449510730367316,0.5564751748769181,0.570108636472775,0.5801082722960664,0.5921496827565731,0.6044202032427447,0.6207330590972916,0.6357986020075581,0.6509802264512308,0.6638187633511163,0.675577494488403,0.6876751468728358,0.6975374303726932,0.7078163785181109,0.7173131465562784,0.7248025801227755,0.7316007026674222,0.7388148170903603,0.7454132900457613,0.7504981897196172,0.7559527219526994,0.7601221624822305,0.7638909378096882,0.7679494601128697,0.7710290971492044,0.7743547628390037,0.7773674553149987,0.77963639244507,0.7816830489015393,0.7839025233673597,0.7855679412209524,0.7870692666286431,0.7884224649609743,0.7898919062926948,0.7909912689369616,0.7919817311345667,0.7928739925971409]]}],"reproducibility_information_table":[{"__meta":{"schema_version":3,"schema_name":"TwoDimTableV3","schema_type":"TwoDimTable"},"name":"Node Information","description":"","columns":[{"__meta":{"schema_version":-1,"schema_name":"ColumnSpecsBase","schema_type":"Iced"},"name":"","type":"string","format":"%s","description":""},{"__meta":{"schema_version":-1,"schema_name":"ColumnSpecsBase","schema_type":"Iced"},"name":"node","type":"int","format":"%d","description":"node"},{"__meta":{"schema_version":-1,"schema_name":"ColumnSpecsBase","schema_type":"Iced"},"name":"h2o","type":"string","format":"%s","description":"h2o"},{"__meta":{"schema_version":-1,"schema_name":"ColumnSpecsBase","schema_type":"Iced"},"name":"healthy","type":"string","format":"%s","description":"healthy"},{"__meta":{"schema_version":-1,"schema_name":"ColumnSpecsBase","schema_type":"Iced"},"name":"last_ping","type":"string","format":"%s","description":"last_ping"},{"__meta":{"schema_version":-1,"schema_name":"ColumnSpecsBase","schema_type":"Iced"},"name":"num_cpus","type":"int","format":"%d","description":"num_cpus"},{"__meta":{"schema_version":-1,"schema_name":"ColumnSpecsBase","schema_type":"Iced"},"name":"sys_load","type":"double","format":"%.5f","description":"sys_load"},{"__meta":{"schema_version":-1,"schema_name":"ColumnSpecsBase","schema_type":"Iced"},"name":"mem_value_size","type":"long","format":"%d","description":"mem_value_size"},{"__meta":{"schema_version":-1,"schema_name":"ColumnSpecsBase","schema_type":"Iced"},"name":"free_mem","type":"long","format":"%d","description":"free_mem"},{"__meta":{"schema_version":-1,"schema_name":"ColumnSpecsBase","schema_type":"Iced"},"name":"pojo_mem","type":"long","format":"%d","description":"pojo_mem"},{"__meta":{"schema_version":-1,"schema_name":"ColumnSpecsBase","schema_type":"Iced"},"name":"swap_mem","type":"long","format":"%d","description":"swap_mem"},{"__meta":{"schema_version":-1,"schema_name":"ColumnSpecsBase","schema_type":"Iced"},"name":"free_disc","type":"long","format":"%d","description":"free_disc"},{"__meta":{"schema_version":-1,"schema_name":"ColumnSpecsBase","schema_type":"Iced"},"name":"max_disc","type":"long","format":"%d","description":"max_disc"},{"__meta":{"schema_version":-1,"schema_name":"ColumnSpecsBase","schema_type":"Iced"},"name":"pid","type":"int","format":"%d","description":"pid"},{"__meta":{"schema_version":-1,"schema_name":"ColumnSpecsBase","schema_type":"Iced"},"name":"num_keys","type":"int","format":"%d","description":"num_keys"},{"__meta":{"schema_version":-1,"schema_name":"ColumnSpecsBase","schema_type":"Iced"},"name":"tcps_active","type":"string","format":"%s","description":"tcps_active"},{"__meta":{"schema_version":-1,"schema_name":"ColumnSpecsBase","schema_type":"Iced"},"name":"open_fds","type":"int","format":"%d","description":"open_fds"},{"__meta":{"schema_version":-1,"schema_name":"ColumnSpecsBase","schema_type":"Iced"},"name":"rpcs_active","type":"string","format":"%s","description":"rpcs_active"},{"__meta":{"schema_version":-1,"schema_name":"ColumnSpecsBase","schema_type":"Iced"},"name":"nthreads","type":"int","format":"%d","description":"nthreads"},{"__meta":{"schema_version":-1,"schema_name":"ColumnSpecsBase","schema_type":"Iced"},"name":"is_leader","type":"string","format":"%s","description":"is_leader"},{"__meta":{"schema_version":-1,"schema_name":"ColumnSpecsBase","schema_type":"Iced"},"name":"total_mem","type":"long","format":"%d","description":"total_mem"},{"__meta":{"schema_version":-1,"schema_name":"ColumnSpecsBase","schema_type":"Iced"},"name":"max_mem","type":"long","format":"%d","description":"max_mem"},{"__meta":{"schema_version":-1,"schema_name":"ColumnSpecsBase","schema_type":"Iced"},"name":"java_version","type":"string","format":"%s","description":"java_version"},{"__meta":{"schema_version":-1,"schema_name":"ColumnSpecsBase","schema_type":"Iced"},"name":"jvm_launch_parameters","type":"string","format":"%s","description":"jvm_launch_parameters"},{"__meta":{"schema_version":-1,"schema_name":"ColumnSpecsBase","schema_type":"Iced"},"name":"os_version","type":"string","format":"%s","description":"os_version"},{"__meta":{"schema_version":-1,"schema_name":"ColumnSpecsBase","schema_type":"Iced"},"name":"machine_physical_mem","type":"long","format":"%d","description":"machine_physical_mem"},{"__meta":{"schema_version":-1,"schema_name":"ColumnSpecsBase","schema_type":"Iced"},"name":"machine_locale","type":"string","format":"%s","description":"machine_locale"}],"rowcount":1,"data":[[""],[0],["127.0.0.1:54321"],["true"],["1632950642212"],[8],[0.18076678],[19863382],[4056163134],[187483500],[180561],[48636100608],[106766008320],[15096],[10438],["\u0000"],[-1],["\u0000"],[8],["true"],[2593128448],[4263510016],["Java 11.0.7 (from Oracle Corporation)"],["[]"],["Windows 10 10.0 (amd64)"],[17052135424],["en_US"]]},{"__meta":{"schema_version":3,"schema_name":"TwoDimTableV3","schema_type":"TwoDimTable"},"name":"Cluster Configuration","description":"","columns":[{"__meta":{"schema_version":-1,"schema_name":"ColumnSpecsBase","schema_type":"Iced"},"name":"","type":"string","format":"%s","description":""},{"__meta":{"schema_version":-1,"schema_name":"ColumnSpecsBase","schema_type":"Iced"},"name":"h2o_cluster_uptime","type":"long","format":"%d","description":"H2O cluster uptime"},{"__meta":{"schema_version":-1,"schema_name":"ColumnSpecsBase","schema_type":"Iced"},"name":"h2o_cluster_timezone","type":"string","format":"%s","description":"H2O cluster timezone"},{"__meta":{"schema_version":-1,"schema_name":"ColumnSpecsBase","schema_type":"Iced"},"name":"h2o_data_parsing_timezone","type":"string","format":"%s","description":"H2O data parsing timezone"},{"__meta":{"schema_version":-1,"schema_name":"ColumnSpecsBase","schema_type":"Iced"},"name":"h2o_cluster_version","type":"string","format":"%s","description":"H2O cluster version"},{"__meta":{"schema_version":-1,"schema_name":"ColumnSpecsBase","schema_type":"Iced"},"name":"h2o_cluster_version_age","type":"string","format":"%s","description":"H2O cluster version age"},{"__meta":{"schema_version":-1,"schema_name":"ColumnSpecsBase","schema_type":"Iced"},"name":"h2o_cluster_name","type":"string","format":"%s","description":"H2O cluster name"},{"__meta":{"schema_version":-1,"schema_name":"ColumnSpecsBase","schema_type":"Iced"},"name":"h2o_cluster_total_nodes","type":"int","format":"%d","description":"H2O cluster total nodes"},{"__meta":{"schema_version":-1,"schema_name":"ColumnSpecsBase","schema_type":"Iced"},"name":"h2o_cluster_free_memory","type":"long","format":"%d","description":"H2O cluster free memory"},{"__meta":{"schema_version":-1,"schema_name":"ColumnSpecsBase","schema_type":"Iced"},"name":"h2o_cluster_total_cores","type":"int","format":"%d","description":"H2O cluster total cores"},{"__meta":{"schema_version":-1,"schema_name":"ColumnSpecsBase","schema_type":"Iced"},"name":"h2o_cluster_allowed_cores","type":"int","format":"%d","description":"H2O cluster allowed cores"},{"__meta":{"schema_version":-1,"schema_name":"ColumnSpecsBase","schema_type":"Iced"},"name":"h2o_cluster_status","type":"string","format":"%s","description":"H2O cluster status"},{"__meta":{"schema_version":-1,"schema_name":"ColumnSpecsBase","schema_type":"Iced"},"name":"h2o_internal_security","type":"string","format":"%s","description":"H2O internal security"},{"__meta":{"schema_version":-1,"schema_name":"ColumnSpecsBase","schema_type":"Iced"},"name":"h2o_api_extensions","type":"string","format":"%s","description":"H2O API Extensions"}],"rowcount":1,"data":[[""],[7446056],["Europe/Berlin"],["UTC"],["3.32.1.5"],["1 month and 25 days"],["H2O_from_python_alina_6vfftn"],[1],[4056163134],[8],[8],["locked, healthly"],["false"],["Amazon S3, Algos, AutoML, Core V3, TargetEncoder, Core V4"]]},{"__meta":{"schema_version":3,"schema_name":"TwoDimTableV3","schema_type":"TwoDimTable"},"name":"Input Frames Information","description":"","columns":[{"__meta":{"schema_version":-1,"schema_name":"ColumnSpecsBase","schema_type":"Iced"},"name":"","type":"string","format":"%s","description":""},{"__meta":{"schema_version":-1,"schema_name":"ColumnSpecsBase","schema_type":"Iced"},"name":"input_frame","type":"string","format":"%s","description":"Input Frame"},{"__meta":{"schema_version":-1,"schema_name":"ColumnSpecsBase","schema_type":"Iced"},"name":"checksum","type":"long","format":"%d","description":"Checksum"},{"__meta":{"schema_version":-1,"schema_name":"ColumnSpecsBase","schema_type":"Iced"},"name":"espc","type":"string","format":"%d","description":"ESPC"}],"rowcount":3,"data":[["","",""],["training_frame","validation_frame","calibration_frame"],[621360589956297948,-2898598370151090544,-1],["[0, 18]","[0, 9]","-1"]]}],"training_metrics":{"__meta":{"schema_version":3,"schema_name":"ModelMetricsRegressionV3","schema_type":"ModelMetricsRegression"},"model":{"__meta":{"schema_version":3,"schema_name":"ModelKeyV3","schema_type":"Key<Model>"},"name":"light_all_gbm_model","type":"Key<Model>","URL":"/3/Models/light_all_gbm_model"},"model_checksum":-3220188065528348288,"frame":{"__meta":{"schema_version":3,"schema_name":"FrameKeyV3","schema_type":"Key<Frame>"},"name":"py_184_sid_81a4","type":"Key<Frame>","URL":"/3/Frames/py_184_sid_81a4"},"frame_checksum":6321184937604360880,"description":null,"model_category":"Regression","scoring_time":1632950642711,"predictions":null,"MSE":0.2037596999187422,"RMSE":0.4513974965800566,"nobs":18,"custom_metric_name":null,"custom_metric_value":0.0,"r2":0.8702983442560461,"mean_residual_deviance":0.2037596999187422,"mae":0.3005085521274143,"rmsle":0.055212693939481326},"validation_metrics":{"__meta":{"schema_version":3,"schema_name":"ModelMetricsRegressionV3","schema_type":"ModelMetricsRegression"},"model":{"__meta":{"schema_version":3,"schema_name":"ModelKeyV3","schema_type":"Key<Model>"},"name":"light_all_gbm_model","type":"Key<Model>","URL":"/3/Models/light_all_gbm_model"},"model_checksum":-3220188065528348288,"frame":{"__meta":{"schema_version":3,"schema_name":"FrameKeyV3","schema_type":"Key<Frame>"},"name":"py_185_sid_81a4","type":"Key<Frame>","URL":"/3/Frames/py_185_sid_81a4"},"frame_checksum":-8703700668396331008,"description":null,"model_category":"Regression","scoring_time":1632950642711,"predictions":null,"MSE":1.7047904101861142,"RMSE":1.3056762271658753,"nobs":9,"custom_metric_name":null,"custom_metric_value":0.0,"r2":-1.7617604645015006,"mean_residual_deviance":1.7047904101861142,"mae":0.9353443568699598,"rmsle":0.18437445640724054},"cross_validation_metrics":{"__meta":{"schema_version":3,"schema_name":"ModelMetricsRegressionV3","schema_type":"ModelMetricsRegression"},"model":{"__meta":{"schema_version":3,"schema_name":"ModelKeyV3","schema_type":"Key<Model>"},"name":"light_all_gbm_model","type":"Key<Model>","URL":"/3/Models/light_all_gbm_model"},"model_checksum":-3220188065528348288,"frame":{"__meta":{"schema_version":3,"schema_name":"FrameKeyV3","schema_type":"Key<Frame>"},"name":"py_184_sid_81a4","type":"Key<Frame>","URL":"/3/Frames/py_184_sid_81a4"},"frame_checksum":6321184937604360880,"description":"4-fold cross-validation on training data (Metrics computed for combined holdout predictions)","model_category":"Regression","scoring_time":1632950642714,"predictions":null,"MSE":2.0307752723054,"RMSE":1.4250527261492467,"nobs":18,"custom_metric_name":null,"custom_metric_value":0.0,"r2":-0.29267424013153187,"mean_residual_deviance":2.0307752723054,"mae":1.1819378667745244,"rmsle":0.16682938800552907},"cross_validation_metrics_summary":{"__meta":{"schema_version":3,"schema_name":"TwoDimTableV3","schema_type":"TwoDimTable"},"name":"Cross-Validation Metrics Summary","description":"","columns":[{"__meta":{"schema_version":-1,"schema_name":"ColumnSpecsBase","schema_type":"Iced"},"name":"","type":"string","format":"%s","description":""},{"__meta":{"schema_version":-1,"schema_name":"ColumnSpecsBase","schema_type":"Iced"},"name":"mean","type":"string","format":"%s","description":"mean"},{"__meta":{"schema_version":-1,"schema_name":"ColumnSpecsBase","schema_type":"Iced"},"name":"sd","type":"string","format":"%s","description":"sd"},{"__meta":{"schema_version":-1,"schema_name":"ColumnSpecsBase","schema_type":"Iced"},"name":"cv_1_valid","type":"string","format":"%s","description":"cv_1_valid"},{"__meta":{"schema_version":-1,"schema_name":"ColumnSpecsBase","schema_type":"Iced"},"name":"cv_2_valid","type":"string","format":"%s","description":"cv_2_valid"},{"__meta":{"schema_version":-1,"schema_name":"ColumnSpecsBase","schema_type":"Iced"},"name":"cv_3_valid","type":"string","format":"%s","description":"cv_3_valid"},{"__meta":{"schema_version":-1,"schema_name":"ColumnSpecsBase","schema_type":"Iced"},"name":"cv_4_valid","type":"string","format":"%s","description":"cv_4_valid"}],"rowcount":7,"data":[["mae","mean_residual_deviance","mse","r2","residual_deviance","rmse","rmsle"],["1.3092606","2.3493311","2.3493311","-1.2227683","2.3493311","1.4705862","0.17755148"],["0.5269808","1.4485995","1.4485995","2.1852646","1.4485995","0.49894235","0.07361009"],["1.0829035","1.5406028","1.5406028","0.009612519","1.5406028","1.2412102","0.14110148"],["1.9977449","3.9910908","3.9910908","0.00222729","3.9910908","1.9977715","0.27730855"],["1.3952913","3.0727572","3.0727572","-4.4870667","3.0727572","1.7529283","0.18444254"],["0.7611028","0.792874","0.792874","-0.4158464","0.792874","0.89043474","0.10735338"]]},"status":null,"start_time":1632950642651,"end_time":1632950642713,"run_time":62,"default_threshold":0.5,"help":{"domains":"Domains for categorical columns", "__meta":"Metadata on this schema instance, to make it self-describing.", "help":"Help information for output fields", "training_metrics":"Training data model metrics", "cross_validation_models":"Cross-validation models (model ids)", "cross_validation_predictions":"Cross-validation predictions, one per cv model (deprecated, use cross_validation_holdout_predictions_frame_id instead)", "cross_validation_metrics_summary":"Cross-validation model metrics summary", "status":"Job status", "reproducibility_information_table":"Model reproducibility information", "variable_importances":"Variable Importances", "model_summary":"Model summary", "end_time":"End time in milliseconds", "names":"Column names", "cross_validation_fold_assignment_frame_id":"Cross-validation fold assignment (each row is assigned to one holdout fold)", "run_time":"Runtime in milliseconds", "default_threshold":"Default threshold used for predictions", "scoring_history":"Scoring history", "cross_validation_holdout_predictions_frame_id":"Cross-validation holdout predictions (full out-of-sample predictions on training data)", "init_f":"The Intercept term, the initial model function value to which trees make adjustments", "model_category":"Category of the model (e.g., Binomial)", "column_types":"Column types", "original_names":"Original column names", "start_time":"Start time in milliseconds", "cv_scoring_history":"Cross-Validation scoring history", "cross_validation_metrics":"Cross-validation model metrics", "validation_metrics":"Validation data model metrics"},"variable_importances":{"__meta":{"schema_version":3,"schema_name":"TwoDimTableV3","schema_type":"TwoDimTable"},"name":"Variable Importances","description":"","columns":[{"__meta":{"schema_version":-1,"schema_name":"ColumnSpecsBase","schema_type":"Iced"},"name":"variable","type":"string","format":"%s","description":"Variable"},{"__meta":{"schema_version":-1,"schema_name":"ColumnSpecsBase","schema_type":"Iced"},"name":"relative_importance","type":"double","format":"%5f","description":"Relative Importance"},{"__meta":{"schema_version":-1,"schema_name":"ColumnSpecsBase","schema_type":"Iced"},"name":"scaled_importance","type":"double","format":"%5f","description":"Scaled Importance"},{"__meta":{"schema_version":-1,"schema_name":"ColumnSpecsBase","schema_type":"Iced"},"name":"percentage","type":"double","format":"%5f","description":"Percentage"}],"rowcount":3,"data":[["abv","style","flavor"],[82.67535400390625,42.503822326660156,4.347639560699463],[1.0,0.5141051143809064,0.052586887750054816],[0.6382875502267414,0.32814689401722746,0.033565555756031124]]},"init_f":7.388888888888889},"compatible_frames":null}
