{"__meta":{"schema_version":3,"schema_name":"GBMModelV3","schema_type":"GBMModel"},"model_id":{"__meta":{"schema_version":3,"schema_name":"ModelKeyV3","schema_type":"Key<Model>"},"name":"alc_free_all_gbm_model","type":"Key<Model>","URL":"/3/Models/alc_free_all_gbm_model"},"algo":"gbm","algo_full_name":"Gradient Boosting Machine","response_column_name":"rating","data_frame":{"__meta":{"schema_version":3,"schema_name":"FrameKeyV3","schema_type":"Key<Frame>"},"name":"py_37_sid_ad02","type":"Key<Frame>","URL":"/3/Frames/py_37_sid_ad02"},"timestamp":1633026200872,"have_pojo":true,"have_mojo":true,"algo":"gbm","algo_full_name":"Gradient Boosting Machine","model_id":{"__meta":{"schema_version":3,"schema_name":"ModelKeyV3","schema_type":"Key<Model>"},"name":"alc_free_all_gbm_model","type":"Key<Model>","URL":"/3/Models/alc_free_all_gbm_model"},"parameters":[{"__meta":{"schema_version":3,"schema_name":"ModelParameterSchemaV3","schema_type":"Iced"},"name":"model_id","label":"model_id","help":"Destination id for this model; auto-generated if not specified.","required":false,"type":"Key<Model>","default_value":null,"actual_value":{"__meta":{"schema_version":3,"schema_name":"ModelKeyV3","schema_type":"Key<Model>"},"name":"alc_free_all_gbm_model","type":"Key<Model>","URL":"/3/Models/alc_free_all_gbm_model"},"input_value":null,"level":"critical","values":[],"is_member_of_frames":[],"is_mutually_exclusive_with":[],"gridable":false},{"__meta":{"schema_version":3,"schema_name":"ModelParameterSchemaV3","schema_type":"Iced"},"name":"training_frame","label":"training_frame","help":"Id of the training data frame.","required":false,"type":"Key<Frame>","default_value":null,"actual_value":{"__meta":{"schema_version":3,"schema_name":"FrameKeyV3","schema_type":"Key<Frame>"},"name":"py_37_sid_ad02","type":"Key<Frame>","URL":"/3/Frames/py_37_sid_ad02"},"input_value":{"__meta":{"schema_version":3,"schema_name":"FrameKeyV3","schema_type":"Key<Frame>"},"name":"py_37_sid_ad02","type":"Key<Frame>","URL":"/3/Frames/py_37_sid_ad02"},"level":"critical","values":[],"is_member_of_frames":[],"is_mutually_exclusive_with":[],"gridable":false},{"__meta":{"schema_version":3,"schema_name":"ModelParameterSchemaV3","schema_type":"Iced"},"name":"validation_frame","label":"validation_frame","help":"Id of the validation data frame.","required":false,"type":"Key<Frame>","default_value":null,"actual_value":{"__meta":{"schema_version":3,"schema_name":"FrameKeyV3","schema_type":"Key<Frame>"},"name":"py_38_sid_ad02","type":"Key<Frame>","URL":"/3/Frames/py_38_sid_ad02"},"input_value":{"__meta":{"schema_version":3,"schema_name":"FrameKeyV3","schema_type":"Key<Frame>"},"name":"py_38_sid_ad02","type":"Key<Frame>","URL":"/3/Frames/py_38_sid_ad02"},"level":"critical","values":[],"is_member_of_frames":[],"is_mutually_exclusive_with":[],"gridable":true},{"__meta":{"schema_version":3,"schema_name":"ModelParameterSchemaV3","schema_type":"Iced"},"name":"nfolds","label":"nfolds","help":"Number of folds for K-fold cross-validation (0 to disable or >= 2).","required":false,"type":"int","default_value":0,"actual_value":4,"input_value":4,"level":"critical","values":[],"is_member_of_frames":[],"is_mutually_exclusive_with":[],"gridable":false},{"__meta":{"schema_version":3,"schema_name":"ModelParameterSchemaV3","schema_type":"Iced"},"name":"keep_cross_validation_models","label":"keep_cross_validation_models","help":"Whether to keep the cross-validation models.","required":false,"type":"boolean","default_value":true,"actual_value":true,"input_value":true,"level":"expert","values":[],"is_member_of_frames":[],"is_mutually_exclusive_with":[],"gridable":false},{"__meta":{"schema_version":3,"schema_name":"ModelParameterSchemaV3","schema_type":"Iced"},"name":"keep_cross_validation_predictions","label":"keep_cross_validation_predictions","help":"Whether to keep the predictions of the cross-validation models.","required":false,"type":"boolean","default_value":false,"actual_value":false,"input_value":false,"level":"expert","values":[],"is_member_of_frames":[],"is_mutually_exclusive_with":[],"gridable":false},{"__meta":{"schema_version":3,"schema_name":"ModelParameterSchemaV3","schema_type":"Iced"},"name":"keep_cross_validation_fold_assignment","label":"keep_cross_validation_fold_assignment","help":"Whether to keep the cross-validation fold assignment.","required":false,"type":"boolean","default_value":false,"actual_value":false,"input_value":false,"level":"expert","values":[],"is_member_of_frames":[],"is_mutually_exclusive_with":[],"gridable":false},{"__meta":{"schema_version":3,"schema_name":"ModelParameterSchemaV3","schema_type":"Iced"},"name":"score_each_iteration","label":"score_each_iteration","help":"Whether to score during each iteration of model training.","required":false,"type":"boolean","default_value":false,"actual_value":false,"input_value":false,"level":"secondary","values":[],"is_member_of_frames":[],"is_mutually_exclusive_with":[],"gridable":false},{"__meta":{"schema_version":3,"schema_name":"ModelParameterSchemaV3","schema_type":"Iced"},"name":"score_tree_interval","label":"score_tree_interval","help":"Score the model after every so many trees. Disabled if set to 0.","required":false,"type":"int","default_value":0,"actual_value":0,"input_value":0,"level":"secondary","values":[],"is_member_of_frames":[],"is_mutually_exclusive_with":[],"gridable":false},{"__meta":{"schema_version":3,"schema_name":"ModelParameterSchemaV3","schema_type":"Iced"},"name":"fold_assignment","label":"fold_assignment","help":"Cross-validation fold assignment scheme, if fold_column is not specified. The 'Stratified' option will stratify the folds based on the response variable, for classification problems.","required":false,"type":"enum","default_value":"AUTO","actual_value":"Random","input_value":"Random","level":"secondary","values":["AUTO","Random","Modulo","Stratified"],"is_member_of_frames":[],"is_mutually_exclusive_with":[],"gridable":true},{"__meta":{"schema_version":3,"schema_name":"ModelParameterSchemaV3","schema_type":"Iced"},"name":"fold_column","label":"fold_column","help":"Column with cross-validation fold index assignment per observation.","required":false,"type":"VecSpecifier","default_value":null,"actual_value":null,"input_value":null,"level":"secondary","values":[],"is_member_of_frames":["training_frame"],"is_mutually_exclusive_with":["response_column","weights_column","ignored_columns","offset_column"],"gridable":true},{"__meta":{"schema_version":3,"schema_name":"ModelParameterSchemaV3","schema_type":"Iced"},"name":"response_column","label":"response_column","help":"Response variable column.","required":false,"type":"VecSpecifier","default_value":null,"actual_value":{"__meta":{"schema_version":3,"schema_name":"ColSpecifierV3","schema_type":"VecSpecifier"},"column_name":"rating","is_member_of_frames":null},"input_value":{"__meta":{"schema_version":3,"schema_name":"ColSpecifierV3","schema_type":"VecSpecifier"},"column_name":"rating","is_member_of_frames":null},"level":"critical","values":[],"is_member_of_frames":["training_frame","validation_frame"],"is_mutually_exclusive_with":["weights_column","ignored_columns","offset_column","fold_column"],"gridable":true},{"__meta":{"schema_version":3,"schema_name":"ModelParameterSchemaV3","schema_type":"Iced"},"name":"ignored_columns","label":"ignored_columns","help":"Names of columns to ignore for training.","required":false,"type":"string[]","default_value":null,"actual_value":["filtration","occurrence","name","pasteurization","method","abv","perception","split","fermentation"],"input_value":["filtration","occurrence","name","pasteurization","method","abv","perception","split","fermentation"],"level":"critical","values":[],"is_member_of_frames":["training_frame","validation_frame"],"is_mutually_exclusive_with":["response_column","weights_column","offset_column","fold_column"],"gridable":false},{"__meta":{"schema_version":3,"schema_name":"ModelParameterSchemaV3","schema_type":"Iced"},"name":"ignore_const_cols","label":"ignore_const_cols","help":"Ignore constant columns.","required":false,"type":"boolean","default_value":true,"actual_value":true,"input_value":true,"level":"critical","values":[],"is_member_of_frames":[],"is_mutually_exclusive_with":[],"gridable":false},{"__meta":{"schema_version":3,"schema_name":"ModelParameterSchemaV3","schema_type":"Iced"},"name":"offset_column","label":"offset_column","help":"Offset column. This will be added to the combination of columns before applying the link function.","required":false,"type":"VecSpecifier","default_value":null,"actual_value":null,"input_value":null,"level":"secondary","values":[],"is_member_of_frames":["training_frame","validation_frame"],"is_mutually_exclusive_with":["response_column","weights_column","ignored_columns","fold_column"],"gridable":true},{"__meta":{"schema_version":3,"schema_name":"ModelParameterSchemaV3","schema_type":"Iced"},"name":"weights_column","label":"weights_column","help":"Column with observation weights. Giving some observation a weight of zero is equivalent to excluding it from the dataset; giving an observation a relative weight of 2 is equivalent to repeating that row twice. Negative weights are not allowed. Note: Weights are per-row observation weights and do not increase the size of the data frame. This is typically the number of times a row is repeated, but non-integer values are supported as well. During training, rows with higher weights matter more, due to the larger loss function pre-factor.","required":false,"type":"VecSpecifier","default_value":null,"actual_value":null,"input_value":null,"level":"secondary","values":[],"is_member_of_frames":["training_frame","validation_frame"],"is_mutually_exclusive_with":["response_column","ignored_columns","offset_column","fold_column"],"gridable":true},{"__meta":{"schema_version":3,"schema_name":"ModelParameterSchemaV3","schema_type":"Iced"},"name":"balance_classes","label":"balance_classes","help":"Balance training data class counts via over/under-sampling (for imbalanced data).","required":false,"type":"boolean","default_value":false,"actual_value":false,"input_value":false,"level":"secondary","values":[],"is_member_of_frames":[],"is_mutually_exclusive_with":[],"gridable":true},{"__meta":{"schema_version":3,"schema_name":"ModelParameterSchemaV3","schema_type":"Iced"},"name":"class_sampling_factors","label":"class_sampling_factors","help":"Desired over/under-sampling ratios per class (in lexicographic order). If not specified, sampling factors will be automatically computed to obtain class balance during training. Requires balance_classes.","required":false,"type":"float[]","default_value":null,"actual_value":null,"input_value":null,"level":"expert","values":[],"is_member_of_frames":[],"is_mutually_exclusive_with":[],"gridable":true},{"__meta":{"schema_version":3,"schema_name":"ModelParameterSchemaV3","schema_type":"Iced"},"name":"max_after_balance_size","label":"max_after_balance_size","help":"Maximum relative size of the training data after balancing class counts (can be less than 1.0). Requires balance_classes.","required":false,"type":"float","default_value":5.0,"actual_value":5.0,"input_value":5.0,"level":"expert","values":[],"is_member_of_frames":[],"is_mutually_exclusive_with":[],"gridable":true},{"__meta":{"schema_version":3,"schema_name":"ModelParameterSchemaV3","schema_type":"Iced"},"name":"max_confusion_matrix_size","label":"max_confusion_matrix_size","help":"[Deprecated] Maximum size (# classes) for confusion matrices to be printed in the Logs","required":false,"type":"int","default_value":20,"actual_value":20,"input_value":20,"level":"secondary","values":[],"is_member_of_frames":[],"is_mutually_exclusive_with":[],"gridable":false},{"__meta":{"schema_version":3,"schema_name":"ModelParameterSchemaV3","schema_type":"Iced"},"name":"ntrees","label":"ntrees","help":"Number of trees.","required":false,"type":"int","default_value":50,"actual_value":50,"input_value":50,"level":"critical","values":[],"is_member_of_frames":[],"is_mutually_exclusive_with":[],"gridable":true},{"__meta":{"schema_version":3,"schema_name":"ModelParameterSchemaV3","schema_type":"Iced"},"name":"max_depth","label":"max_depth","help":"Maximum tree depth (0 for unlimited).","required":false,"type":"int","default_value":5,"actual_value":5,"input_value":5,"level":"critical","values":[],"is_member_of_frames":[],"is_mutually_exclusive_with":[],"gridable":true},{"__meta":{"schema_version":3,"schema_name":"ModelParameterSchemaV3","schema_type":"Iced"},"name":"min_rows","label":"min_rows","help":"Fewest allowed (weighted) observations in a leaf.","required":false,"type":"double","default_value":10.0,"actual_value":1.0,"input_value":1.0,"level":"critical","values":[],"is_member_of_frames":[],"is_mutually_exclusive_with":[],"gridable":true},{"__meta":{"schema_version":3,"schema_name":"ModelParameterSchemaV3","schema_type":"Iced"},"name":"nbins","label":"nbins","help":"For numerical columns (real/int), build a histogram of (at least) this many bins, then split at the best point","required":false,"type":"int","default_value":20,"actual_value":13,"input_value":13,"level":"critical","values":[],"is_member_of_frames":[],"is_mutually_exclusive_with":[],"gridable":true},{"__meta":{"schema_version":3,"schema_name":"ModelParameterSchemaV3","schema_type":"Iced"},"name":"nbins_top_level","label":"nbins_top_level","help":"For numerical columns (real/int), build a histogram of (at most) this many bins at the root level, then decrease by factor of two per level","required":false,"type":"int","default_value":1024,"actual_value":16,"input_value":16,"level":"secondary","values":[],"is_member_of_frames":[],"is_mutually_exclusive_with":[],"gridable":true},{"__meta":{"schema_version":3,"schema_name":"ModelParameterSchemaV3","schema_type":"Iced"},"name":"nbins_cats","label":"nbins_cats","help":"For categorical columns (factors), build a histogram of this many bins, then split at the best point. Higher values can lead to more overfitting.","required":false,"type":"int","default_value":1024,"actual_value":1024,"input_value":1024,"level":"secondary","values":[],"is_member_of_frames":[],"is_mutually_exclusive_with":[],"gridable":true},{"__meta":{"schema_version":3,"schema_name":"ModelParameterSchemaV3","schema_type":"Iced"},"name":"r2_stopping","label":"r2_stopping","help":"r2_stopping is no longer supported and will be ignored if set - please use stopping_rounds, stopping_metric and stopping_tolerance instead. Previous version of H2O would stop making trees when the R^2 metric equals or exceeds this","required":false,"type":"double","default_value":1.7976931348623157E308,"actual_value":1.7976931348623157E308,"input_value":1.7976931348623157E308,"level":"secondary","values":[],"is_member_of_frames":[],"is_mutually_exclusive_with":[],"gridable":true},{"__meta":{"schema_version":3,"schema_name":"ModelParameterSchemaV3","schema_type":"Iced"},"name":"stopping_rounds","label":"stopping_rounds","help":"Early stopping based on convergence of stopping_metric. Stop if simple moving average of length k of the stopping_metric does not improve for k:=stopping_rounds scoring events (0 to disable)","required":false,"type":"int","default_value":0,"actual_value":0,"input_value":0,"level":"secondary","values":[],"is_member_of_frames":[],"is_mutually_exclusive_with":[],"gridable":true},{"__meta":{"schema_version":3,"schema_name":"ModelParameterSchemaV3","schema_type":"Iced"},"name":"stopping_metric","label":"stopping_metric","help":"Metric to use for early stopping (AUTO: logloss for classification, deviance for regression and anonomaly_score for Isolation Forest). Note that custom and custom_increasing can only be used in GBM and DRF with the Python client.","required":false,"type":"enum","default_value":"AUTO","actual_value":null,"input_value":"AUTO","level":"secondary","values":["AUTO","deviance","logloss","MSE","RMSE","MAE","RMSLE","AUC","AUCPR","lift_top_group","misclassification","mean_per_class_error","anomaly_score","custom","custom_increasing"],"is_member_of_frames":[],"is_mutually_exclusive_with":[],"gridable":true},{"__meta":{"schema_version":3,"schema_name":"ModelParameterSchemaV3","schema_type":"Iced"},"name":"stopping_tolerance","label":"stopping_tolerance","help":"Relative tolerance for metric-based stopping criterion (stop if relative improvement is not at least this much)","required":false,"type":"double","default_value":0.001,"actual_value":0.001,"input_value":0.001,"level":"secondary","values":[],"is_member_of_frames":[],"is_mutually_exclusive_with":[],"gridable":true},{"__meta":{"schema_version":3,"schema_name":"ModelParameterSchemaV3","schema_type":"Iced"},"name":"max_runtime_secs","label":"max_runtime_secs","help":"Maximum allowed runtime in seconds for model training. Use 0 to disable.","required":false,"type":"double","default_value":0.0,"actual_value":0.0,"input_value":0.0,"level":"secondary","values":[],"is_member_of_frames":[],"is_mutually_exclusive_with":[],"gridable":true},{"__meta":{"schema_version":3,"schema_name":"ModelParameterSchemaV3","schema_type":"Iced"},"name":"seed","label":"seed","help":"Seed for pseudo random number generator (if applicable)","required":false,"type":"long","default_value":-1,"actual_value":12,"input_value":12,"level":"critical","values":[],"is_member_of_frames":[],"is_mutually_exclusive_with":[],"gridable":true},{"__meta":{"schema_version":3,"schema_name":"ModelParameterSchemaV3","schema_type":"Iced"},"name":"build_tree_one_node","label":"build_tree_one_node","help":"Run on one node only; no network overhead but fewer cpus used. Suitable for small datasets.","required":false,"type":"boolean","default_value":false,"actual_value":true,"input_value":true,"level":"expert","values":[],"is_member_of_frames":[],"is_mutually_exclusive_with":[],"gridable":false},{"__meta":{"schema_version":3,"schema_name":"ModelParameterSchemaV3","schema_type":"Iced"},"name":"learn_rate","label":"learn_rate","help":"Learning rate (from 0.0 to 1.0)","required":false,"type":"double","default_value":0.1,"actual_value":0.1,"input_value":0.1,"level":"critical","values":[],"is_member_of_frames":[],"is_mutually_exclusive_with":[],"gridable":true},{"__meta":{"schema_version":3,"schema_name":"ModelParameterSchemaV3","schema_type":"Iced"},"name":"learn_rate_annealing","label":"learn_rate_annealing","help":"Scale the learning rate by this factor after each tree (e.g., 0.99 or 0.999) ","required":false,"type":"double","default_value":1.0,"actual_value":1.0,"input_value":1.0,"level":"secondary","values":[],"is_member_of_frames":[],"is_mutually_exclusive_with":[],"gridable":true},{"__meta":{"schema_version":3,"schema_name":"ModelParameterSchemaV3","schema_type":"Iced"},"name":"distribution","label":"distribution","help":"Distribution function","required":false,"type":"enum","default_value":"AUTO","actual_value":"gaussian","input_value":"gaussian","level":"secondary","values":["AUTO","bernoulli","quasibinomial","ordinal","multinomial","gaussian","poisson","gamma","tweedie","laplace","quantile","huber","custom"],"is_member_of_frames":[],"is_mutually_exclusive_with":[],"gridable":true},{"__meta":{"schema_version":3,"schema_name":"ModelParameterSchemaV3","schema_type":"Iced"},"name":"quantile_alpha","label":"quantile_alpha","help":"Desired quantile for Quantile regression, must be between 0 and 1.","required":false,"type":"double","default_value":0.5,"actual_value":0.5,"input_value":0.5,"level":"secondary","values":[],"is_member_of_frames":[],"is_mutually_exclusive_with":[],"gridable":true},{"__meta":{"schema_version":3,"schema_name":"ModelParameterSchemaV3","schema_type":"Iced"},"name":"tweedie_power","label":"tweedie_power","help":"Tweedie power for Tweedie regression, must be between 1 and 2.","required":false,"type":"double","default_value":1.5,"actual_value":1.5,"input_value":1.5,"level":"secondary","values":[],"is_member_of_frames":[],"is_mutually_exclusive_with":[],"gridable":true},{"__meta":{"schema_version":3,"schema_name":"ModelParameterSchemaV3","schema_type":"Iced"},"name":"huber_alpha","label":"huber_alpha","help":"Desired quantile for Huber/M-regression (threshold between quadratic and linear loss, must be between 0 and 1).","required":false,"type":"double","default_value":0.9,"actual_value":0.9,"input_value":0.9,"level":"secondary","values":[],"is_member_of_frames":[],"is_mutually_exclusive_with":[],"gridable":true},{"__meta":{"schema_version":3,"schema_name":"ModelParameterSchemaV3","schema_type":"Iced"},"name":"checkpoint","label":"checkpoint","help":"Model checkpoint to resume training with.","required":false,"type":"Key<Model>","default_value":null,"actual_value":null,"input_value":null,"level":"secondary","values":[],"is_member_of_frames":[],"is_mutually_exclusive_with":[],"gridable":false},{"__meta":{"schema_version":3,"schema_name":"ModelParameterSchemaV3","schema_type":"Iced"},"name":"sample_rate","label":"sample_rate","help":"Row sample rate per tree (from 0.0 to 1.0)","required":false,"type":"double","default_value":1.0,"actual_value":1.0,"input_value":1.0,"level":"critical","values":[],"is_member_of_frames":[],"is_mutually_exclusive_with":[],"gridable":true},{"__meta":{"schema_version":3,"schema_name":"ModelParameterSchemaV3","schema_type":"Iced"},"name":"sample_rate_per_class","label":"sample_rate_per_class","help":"A list of row sample rates per class (relative fraction for each class, from 0.0 to 1.0), for each tree","required":false,"type":"double[]","default_value":null,"actual_value":null,"input_value":null,"level":"expert","values":[],"is_member_of_frames":[],"is_mutually_exclusive_with":[],"gridable":true},{"__meta":{"schema_version":3,"schema_name":"ModelParameterSchemaV3","schema_type":"Iced"},"name":"col_sample_rate","label":"col_sample_rate","help":"Column sample rate (from 0.0 to 1.0)","required":false,"type":"double","default_value":1.0,"actual_value":1.0,"input_value":1.0,"level":"critical","values":[],"is_member_of_frames":[],"is_mutually_exclusive_with":[],"gridable":true},{"__meta":{"schema_version":3,"schema_name":"ModelParameterSchemaV3","schema_type":"Iced"},"name":"col_sample_rate_change_per_level","label":"col_sample_rate_change_per_level","help":"Relative change of the column sampling rate for every level (must be > 0.0 and <= 2.0)","required":false,"type":"double","default_value":1.0,"actual_value":1.0,"input_value":1.0,"level":"expert","values":[],"is_member_of_frames":[],"is_mutually_exclusive_with":[],"gridable":true},{"__meta":{"schema_version":3,"schema_name":"ModelParameterSchemaV3","schema_type":"Iced"},"name":"col_sample_rate_per_tree","label":"col_sample_rate_per_tree","help":"Column sample rate per tree (from 0.0 to 1.0)","required":false,"type":"double","default_value":1.0,"actual_value":1.0,"input_value":1.0,"level":"secondary","values":[],"is_member_of_frames":[],"is_mutually_exclusive_with":[],"gridable":true},{"__meta":{"schema_version":3,"schema_name":"ModelParameterSchemaV3","schema_type":"Iced"},"name":"min_split_improvement","label":"min_split_improvement","help":"Minimum relative improvement in squared error reduction for a split to happen","required":false,"type":"double","default_value":1.0E-5,"actual_value":1.0E-5,"input_value":1.0E-5,"level":"secondary","values":[],"is_member_of_frames":[],"is_mutually_exclusive_with":[],"gridable":true},{"__meta":{"schema_version":3,"schema_name":"ModelParameterSchemaV3","schema_type":"Iced"},"name":"histogram_type","label":"histogram_type","help":"What type of histogram to use for finding optimal split points","required":false,"type":"enum","default_value":"AUTO","actual_value":"UniformAdaptive","input_value":"AUTO","level":"secondary","values":["AUTO","UniformAdaptive","Random","QuantilesGlobal","RoundRobin"],"is_member_of_frames":[],"is_mutually_exclusive_with":[],"gridable":true},{"__meta":{"schema_version":3,"schema_name":"ModelParameterSchemaV3","schema_type":"Iced"},"name":"max_abs_leafnode_pred","label":"max_abs_leafnode_pred","help":"Maximum absolute value of a leaf node prediction","required":false,"type":"double","default_value":1.7976931348623157E308,"actual_value":1.7976931348623157E308,"input_value":1.7976931348623157E308,"level":"expert","values":[],"is_member_of_frames":[],"is_mutually_exclusive_with":[],"gridable":true},{"__meta":{"schema_version":3,"schema_name":"ModelParameterSchemaV3","schema_type":"Iced"},"name":"pred_noise_bandwidth","label":"pred_noise_bandwidth","help":"Bandwidth (sigma) of Gaussian multiplicative noise ~N(1,sigma) for tree node predictions","required":false,"type":"double","default_value":0.0,"actual_value":0.0,"input_value":0.0,"level":"expert","values":[],"is_member_of_frames":[],"is_mutually_exclusive_with":[],"gridable":true},{"__meta":{"schema_version":3,"schema_name":"ModelParameterSchemaV3","schema_type":"Iced"},"name":"categorical_encoding","label":"categorical_encoding","help":"Encoding scheme for categorical features","required":false,"type":"enum","default_value":"AUTO","actual_value":"Enum","input_value":"Enum","level":"secondary","values":["AUTO","Enum","OneHotInternal","OneHotExplicit","Binary","Eigen","LabelEncoder","SortByResponse","EnumLimited"],"is_member_of_frames":[],"is_mutually_exclusive_with":[],"gridable":true},{"__meta":{"schema_version":3,"schema_name":"ModelParameterSchemaV3","schema_type":"Iced"},"name":"calibrate_model","label":"calibrate_model","help":"Use Platt Scaling to calculate calibrated class probabilities. Calibration can provide more accurate estimates of class probabilities.","required":false,"type":"boolean","default_value":false,"actual_value":false,"input_value":false,"level":"expert","values":[],"is_member_of_frames":[],"is_mutually_exclusive_with":[],"gridable":false},{"__meta":{"schema_version":3,"schema_name":"ModelParameterSchemaV3","schema_type":"Iced"},"name":"calibration_frame","label":"calibration_frame","help":"Calibration frame for Platt Scaling","required":false,"type":"Key<Frame>","default_value":null,"actual_value":null,"input_value":null,"level":"expert","values":[],"is_member_of_frames":[],"is_mutually_exclusive_with":[],"gridable":false},{"__meta":{"schema_version":3,"schema_name":"ModelParameterSchemaV3","schema_type":"Iced"},"name":"custom_metric_func","label":"custom_metric_func","help":"Reference to custom evaluation function, format: `language:keyName=funcName`","required":false,"type":"string","default_value":null,"actual_value":null,"input_value":null,"level":"secondary","values":[],"is_member_of_frames":[],"is_mutually_exclusive_with":[],"gridable":false},{"__meta":{"schema_version":3,"schema_name":"ModelParameterSchemaV3","schema_type":"Iced"},"name":"custom_distribution_func","label":"custom_distribution_func","help":"Reference to custom distribution, format: `language:keyName=funcName`","required":false,"type":"string","default_value":null,"actual_value":null,"input_value":null,"level":"secondary","values":[],"is_member_of_frames":[],"is_mutually_exclusive_with":[],"gridable":false},{"__meta":{"schema_version":3,"schema_name":"ModelParameterSchemaV3","schema_type":"Iced"},"name":"export_checkpoints_dir","label":"export_checkpoints_dir","help":"Automatically export generated models to this directory.","required":false,"type":"string","default_value":null,"actual_value":null,"input_value":null,"level":"secondary","values":[],"is_member_of_frames":[],"is_mutually_exclusive_with":[],"gridable":false},{"__meta":{"schema_version":3,"schema_name":"ModelParameterSchemaV3","schema_type":"Iced"},"name":"monotone_constraints","label":"monotone_constraints","help":"A mapping representing monotonic constraints. Use +1 to enforce an increasing constraint and -1 to specify a decreasing constraint.","required":false,"type":"KeyValue[]","default_value":null,"actual_value":null,"input_value":null,"level":"secondary","values":[],"is_member_of_frames":[],"is_mutually_exclusive_with":[],"gridable":false},{"__meta":{"schema_version":3,"schema_name":"ModelParameterSchemaV3","schema_type":"Iced"},"name":"check_constant_response","label":"check_constant_response","help":"Check if response column is constant. If enabled, then an exception is thrown if the response column is a constant value.If disabled, then model will train regardless of the response column being a constant value or not.","required":false,"type":"boolean","default_value":true,"actual_value":true,"input_value":true,"level":"expert","values":[],"is_member_of_frames":[],"is_mutually_exclusive_with":[],"gridable":false},{"__meta":{"schema_version":3,"schema_name":"ModelParameterSchemaV3","schema_type":"Iced"},"name":"gainslift_bins","label":"gainslift_bins","help":"Gains/Lift table number of bins. 0 means disabled.. Default value -1 means automatic binning.","required":false,"type":"int","default_value":-1,"actual_value":-1,"input_value":-1,"level":"secondary","values":[],"is_member_of_frames":[],"is_mutually_exclusive_with":[],"gridable":false},{"__meta":{"schema_version":3,"schema_name":"ModelParameterSchemaV3","schema_type":"Iced"},"name":"auc_type","label":"auc_type","help":"Set default multinomial AUC type.","required":false,"type":"enum","default_value":"AUTO","actual_value":"AUTO","input_value":"AUTO","level":"secondary","values":["AUTO","NONE","MACRO_OVR","WEIGHTED_OVR","MACRO_OVO","WEIGHTED_OVO"],"is_member_of_frames":[],"is_mutually_exclusive_with":[],"gridable":true}],"output":{"__meta":{"schema_version":3,"schema_name":"GBMModelOutputV3","schema_type":"GBMOutput"},"names":["style","flavor","rating"],"original_names":null,"column_types":["Enum","Enum","Numeric"],"domains":[["blonde","keller","lager","pils","soda","wheat"],["fruit","herb","lemon","standard"],null],"cross_validation_models":[{"__meta":{"schema_version":3,"schema_name":"ModelKeyV3","schema_type":"Key<Model>"},"name":"alc_free_all_gbm_model_cv_1","type":"Key<Model>","URL":"/3/Models/alc_free_all_gbm_model_cv_1"},{"__meta":{"schema_version":3,"schema_name":"ModelKeyV3","schema_type":"Key<Model>"},"name":"alc_free_all_gbm_model_cv_2","type":"Key<Model>","URL":"/3/Models/alc_free_all_gbm_model_cv_2"},{"__meta":{"schema_version":3,"schema_name":"ModelKeyV3","schema_type":"Key<Model>"},"name":"alc_free_all_gbm_model_cv_3","type":"Key<Model>","URL":"/3/Models/alc_free_all_gbm_model_cv_3"},{"__meta":{"schema_version":3,"schema_name":"ModelKeyV3","schema_type":"Key<Model>"},"name":"alc_free_all_gbm_model_cv_4","type":"Key<Model>","URL":"/3/Models/alc_free_all_gbm_model_cv_4"}],"cross_validation_predictions":null,"cross_validation_holdout_predictions_frame_id":null,"cross_validation_fold_assignment_frame_id":null,"model_category":"Regression","model_summary":{"__meta":{"schema_version":3,"schema_name":"TwoDimTableV3","schema_type":"TwoDimTable"},"name":"Model Summary","description":"","columns":[{"__meta":{"schema_version":-1,"schema_name":"ColumnSpecsBase","schema_type":"Iced"},"name":"","type":"string","format":"%s","description":""},{"__meta":{"schema_version":-1,"schema_name":"ColumnSpecsBase","schema_type":"Iced"},"name":"number_of_trees","type":"long","format":"%d","description":"Number of Trees"},{"__meta":{"schema_version":-1,"schema_name":"ColumnSpecsBase","schema_type":"Iced"},"name":"number_of_internal_trees","type":"long","format":"%d","description":"Number of Internal Trees"},{"__meta":{"schema_version":-1,"schema_name":"ColumnSpecsBase","schema_type":"Iced"},"name":"model_size_in_bytes","type":"long","format":"%d","description":"Model Size in Bytes"},{"__meta":{"schema_version":-1,"schema_name":"ColumnSpecsBase","schema_type":"Iced"},"name":"min_depth","type":"long","format":"%d","description":"Min. Depth"},{"__meta":{"schema_version":-1,"schema_name":"ColumnSpecsBase","schema_type":"Iced"},"name":"max_depth","type":"long","format":"%d","description":"Max. Depth"},{"__meta":{"schema_version":-1,"schema_name":"ColumnSpecsBase","schema_type":"Iced"},"name":"mean_depth","type":"double","format":"%.5f","description":"Mean Depth"},{"__meta":{"schema_version":-1,"schema_name":"ColumnSpecsBase","schema_type":"Iced"},"name":"min_leaves","type":"long","format":"%d","description":"Min. Leaves"},{"__meta":{"schema_version":-1,"schema_name":"ColumnSpecsBase","schema_type":"Iced"},"name":"max_leaves","type":"long","format":"%d","description":"Max. Leaves"},{"__meta":{"schema_version":-1,"schema_name":"ColumnSpecsBase","schema_type":"Iced"},"name":"mean_leaves","type":"double","format":"%.5f","description":"Mean Leaves"}],"rowcount":1,"data":[[""],[50],[50],[7060],[1],[4],[3.52],[2],[8],[6.6]]},"scoring_history":{"__meta":{"schema_version":3,"schema_name":"TwoDimTableV3","schema_type":"TwoDimTable"},"name":"Scoring History","description":"","columns":[{"__meta":{"schema_version":-1,"schema_name":"ColumnSpecsBase","schema_type":"Iced"},"name":"","type":"string","format":"%s","description":""},{"__meta":{"schema_version":-1,"schema_name":"ColumnSpecsBase","schema_type":"Iced"},"name":"timestamp","type":"string","format":"%s","description":"Timestamp"},{"__meta":{"schema_version":-1,"schema_name":"ColumnSpecsBase","schema_type":"Iced"},"name":"duration","type":"string","format":"%s","description":"Duration"},{"__meta":{"schema_version":-1,"schema_name":"ColumnSpecsBase","schema_type":"Iced"},"name":"number_of_trees","type":"long","format":"%d","description":"Number of Trees"},{"__meta":{"schema_version":-1,"schema_name":"ColumnSpecsBase","schema_type":"Iced"},"name":"training_rmse","type":"double","format":"%.5f","description":"Training RMSE"},{"__meta":{"schema_version":-1,"schema_name":"ColumnSpecsBase","schema_type":"Iced"},"name":"training_mae","type":"double","format":"%.5f","description":"Training MAE"},{"__meta":{"schema_version":-1,"schema_name":"ColumnSpecsBase","schema_type":"Iced"},"name":"training_deviance","type":"double","format":"%.5f","description":"Training Deviance"},{"__meta":{"schema_version":-1,"schema_name":"ColumnSpecsBase","schema_type":"Iced"},"name":"validation_rmse","type":"double","format":"%.5f","description":"Validation RMSE"},{"__meta":{"schema_version":-1,"schema_name":"ColumnSpecsBase","schema_type":"Iced"},"name":"validation_mae","type":"double","format":"%.5f","description":"Validation MAE"},{"__meta":{"schema_version":-1,"schema_name":"ColumnSpecsBase","schema_type":"Iced"},"name":"validation_deviance","type":"double","format":"%.5f","description":"Validation Deviance"}],"rowcount":51,"data":[["","","","","","","","","","","","","","","","","","","","","","","","","","","","","","","","","","","","","","","","","","","","","","","","","","",""],["2021-09-30 20:23:20","2021-09-30 20:23:20","2021-09-30 20:23:20","2021-09-30 20:23:20","2021-09-30 20:23:20","2021-09-30 20:23:20","2021-09-30 20:23:20","2021-09-30 20:23:20","2021-09-30 20:23:20","2021-09-30 20:23:20","2021-09-30 20:23:20","2021-09-30 20:23:20","2021-09-30 20:23:20","2021-09-30 20:23:20","2021-09-30 20:23:20","2021-09-30 20:23:20","2021-09-30 20:23:20","2021-09-30 20:23:20","2021-09-30 20:23:20","2021-09-30 20:23:20","2021-09-30 20:23:20","2021-09-30 20:23:20","2021-09-30 20:23:20","2021-09-30 20:23:20","2021-09-30 20:23:20","2021-09-30 20:23:20","2021-09-30 20:23:20","2021-09-30 20:23:20","2021-09-30 20:23:20","2021-09-30 20:23:20","2021-09-30 20:23:20","2021-09-30 20:23:20","2021-09-30 20:23:20","2021-09-30 20:23:20","2021-09-30 20:23:20","2021-09-30 20:23:20","2021-09-30 20:23:20","2021-09-30 20:23:20","2021-09-30 20:23:20","2021-09-30 20:23:20","2021-09-30 20:23:20","2021-09-30 20:23:20","2021-09-30 20:23:20","2021-09-30 20:23:20","2021-09-30 20:23:20","2021-09-30 20:23:20","2021-09-30 20:23:20","2021-09-30 20:23:20","2021-09-30 20:23:20","2021-09-30 20:23:20","2021-09-30 20:23:20"],[" 0.170 sec"," 0.173 sec"," 0.175 sec"," 0.177 sec"," 0.179 sec"," 0.180 sec"," 0.182 sec"," 0.184 sec"," 0.186 sec"," 0.187 sec"," 0.189 sec"," 0.191 sec"," 0.193 sec"," 0.194 sec"," 0.196 sec"," 0.198 sec"," 0.200 sec"," 0.202 sec"," 0.204 sec"," 0.206 sec"," 0.207 sec"," 0.209 sec"," 0.212 sec"," 0.213 sec"," 0.215 sec"," 0.218 sec"," 0.219 sec"," 0.221 sec"," 0.224 sec"," 0.226 sec"," 0.228 sec"," 0.231 sec"," 0.233 sec"," 0.235 sec"," 0.238 sec"," 0.240 sec"," 0.242 sec"," 0.248 sec"," 0.251 sec"," 0.252 sec"," 0.255 sec"," 0.257 sec"," 0.258 sec"," 0.261 sec"," 0.264 sec"," 0.266 sec"," 0.268 sec"," 0.270 sec"," 0.272 sec"," 0.274 sec"," 0.277 sec"],[0,1,2,3,4,5,6,7,8,9,10,11,12,13,14,15,16,17,18,19,20,21,22,23,24,25,26,27,28,29,30,31,32,33,34,35,36,37,38,39,40,41,42,43,44,45,46,47,48,49,50],[1.813709132227803,1.744533474086409,1.68642241633472,1.637841777031526,1.597408795596154,1.5638919225853294,1.5362073454283431,1.5134116365225871,1.4946922813356376,1.4793560037426647,1.4668160408291009,1.4565795390562832,1.4482349253343085,1.4414404007143673,1.435913258272115,1.431420639512025,1.4277712501484632,1.4248083934543887,1.4224039472639183,1.4204533684159593,1.4188714393723452,1.4175887779052485,1.4165489627094454,1.4157061641322968,1.4150231252592753,1.4144696284831255,1.4140211285760147,1.4136577428949713,1.4133633279940678,1.413124811713825,1.4129315776128912,1.4127750391603602,1.4126482340842668,1.4125469921734237,1.4124649788430406,1.4123985450912155,1.4123448775962,1.4123014053938994,1.4122661916321249,1.4122376667591052,1.4122145614409765,1.4121964821104445,1.4121818392847592,1.4121699763774545,1.4121598476237045,1.4121516438879445,1.4121449985351637,1.4121396151853576,1.412135255024814,1.4121318820322097,1.4121296755230257],[1.5153061224489799,1.449489780834743,1.3934948784964425,1.3473826135907854,1.3090729202542986,1.2745941366468156,1.2435632944107056,1.215635555131095,1.1905005829674857,1.1678791386740548,1.1475197757993425,1.1291963372911726,1.1127052307128906,1.0978633165359497,1.084505523954119,1.0724835736410958,1.0616637808935983,1.0519259827477592,1.0431619371686662,1.0352743353162492,1.0281754902430944,1.0217865364892142,1.0160363912582397,1.0108613456998552,1.0062037706375122,1.0020120314189367,0.9982393980026245,0.9948440960475377,0.991788216999599,0.9890380075999669,0.9865627288818359,0.9843349627086094,0.9823300327573504,0.9805337871823993,0.978917121887207,0.9774621554783413,0.9761782714298793,0.9750227928161621,0.9739828620638166,0.9730468988418579,0.9722045319420951,0.9714903150285993,0.9708476066589355,0.9702690499169486,0.9697555984769549,0.9692935432706561,0.9688776901790074,0.9685033389500209,0.9681664705276489,0.9679040397916522,0.9676678691591535],[3.28954081632653,3.0433970422079955,2.8440205663162357,2.6825256865897864,2.551714860247955,2.445757945527638,2.359933008147997,2.2904147815619758,2.2341050158843325,2.188494185809467,2.151549297633559,2.121623953597415,2.09738439895807,2.0777504288115956,2.0618468852816414,2.048965047221015,2.0385307427505057,2.030078958058076,2.0232329891919756,2.017687771844245,2.0131961614665506,2.0095579432428963,2.006610963753206,2.0042239431621818,2.002290445018527,2.000724329901191,1.999455752059386,1.9984282140469045,1.9975958969184668,1.996921733481234,1.9963756430156536,1.9959333112745574,1.995575033261397,1.9952890050981864,1.9950573164580712,1.9948696501757825,1.9947180532722248,1.994595259677583,1.9944957960271057,1.9944152274132014,1.9943499675459293,1.9942989040851151,1.9942575472056856,1.9942240421819,1.9941954352406046,1.994172265335424,1.9941534968878776,1.99413829277585,1.9941259784839969,1.9941164522518307,1.9941102204927657],[1.0503886549894816,1.007930711558565,0.9743611497313138,0.9483127342921323,0.9285293953258675,0.9138842513797065,0.9033894078724979,0.8961972189455127,0.8915943490376961,0.8889906442326032,0.8879051372250907,0.887950991467025,0.888820748724845,0.8902727248041059,0.8921189510764174,0.8942148343577211,0.8964504465816647,0.8987433473510816,0.901032707572364,0.9032745961058664,0.9054381989392608,0.9075027768058247,0.9094552834403064,0.9112885015466607,0.912999558986733,0.9145887695158144,0.9160587564940891,0.9174137381645807,0.9186590255326501,0.9198005956307939,0.92084481204005,0.9217981613336371,0.9226671242709011,0.9235931536079958,0.9244340617626731,0.9251969164118572,0.9259052470856014,0.926546733787145,0.9271272967250007,0.9276524063936413,0.9281271136475211,0.9286875109417067,0.9291928942557299,0.9296485750820798,0.9300423736653711,0.9303973278976106,0.9307172241979764,0.9310054872848134,0.9312652064157588,0.931526337051661,0.9317967405688796],[0.7071428571428573,0.6697619040097511,0.6542619078287057,0.6621690532990865,0.6692854887672833,0.6881137312522956,0.705969029026372,0.7220387910625764,0.7365015835634299,0.74951809953366,0.7612329741141626,0.7717763652226755,0.7812654211318918,0.789805571468813,0.7974917064553925,0.8044092278129288,0.8106350013187953,0.816238206545157,0.8212810902989336,0.825819680294288,0.8299044167755969,0.8335806849545666,0.8368893213703164,0.8398670899814793,0.8425470832868346,0.8449590750171669,0.8471298730133899,0.8490835860970296,0.8508419294508972,0.8524244343529321,0.8538486961408385,0.8551305266230234,0.8562841737077438,0.8574750617745199,0.858546864557346,0.8595114838930644,0.8604034777165257,0.8612062839225733,0.8619288193893485,0.8625791044573166,0.8631643680290185,0.8638348105962255,0.8644382003245742,0.8649812511068635,0.8654461514395994,0.8658645601552312,0.8662411311832589,0.866580051150439,0.8668850775184442,0.8671976749976498,0.8675283194361587],[1.1033163265306123,1.015924319302955,0.9493796501057277,0.8992970420206202,0.8621668379842211,0.8351844249198466,0.8161124222562224,0.8031694552456713,0.794940483235953,0.7903043655330988,0.788375532710707,0.7884569632472729,0.7900023233637941,0.7925855245301272,0.7958762228696871,0.7996201699854065,0.8036234031764661,0.8077396044078269,0.8118599401151851,0.815904995970216,0.8198183320983725,0.8235612899102825,0.827108912577488,0.8304467330511583,0.833568194709969,0.8364726173244513,0.8391636453494968,0.84164796697311,0.8439344051925982,0.8460331357227631,0.847955167861075,0.8497118502380742,0.8513146222103346,0.8530243133915629,0.8545783345470337,0.8559893341380092,0.8573005265806485,0.8584888498916265,0.8595650243326075,0.8605389870879134,0.8614199390876784,0.8624604929791024,0.8633994347353401,0.8642464731521413,0.8649788168131177,0.865639187759014,0.8662345514187864,0.8667712173544327,0.867254884680586,0.8677413166208847,0.8682451657347879]]},"cv_scoring_history":[{"__meta":{"schema_version":3,"schema_name":"TwoDimTableV3","schema_type":"TwoDimTable"},"name":"Scoring History","description":"","columns":[{"__meta":{"schema_version":-1,"schema_name":"ColumnSpecsBase","schema_type":"Iced"},"name":"","type":"string","format":"%s","description":""},{"__meta":{"schema_version":-1,"schema_name":"ColumnSpecsBase","schema_type":"Iced"},"name":"timestamp","type":"string","format":"%s","description":"Timestamp"},{"__meta":{"schema_version":-1,"schema_name":"ColumnSpecsBase","schema_type":"Iced"},"name":"duration","type":"string","format":"%s","description":"Duration"},{"__meta":{"schema_version":-1,"schema_name":"ColumnSpecsBase","schema_type":"Iced"},"name":"number_of_trees","type":"long","format":"%d","description":"Number of Trees"},{"__meta":{"schema_version":-1,"schema_name":"ColumnSpecsBase","schema_type":"Iced"},"name":"training_rmse","type":"double","format":"%.5f","description":"Training RMSE"},{"__meta":{"schema_version":-1,"schema_name":"ColumnSpecsBase","schema_type":"Iced"},"name":"training_mae","type":"double","format":"%.5f","description":"Training MAE"},{"__meta":{"schema_version":-1,"schema_name":"ColumnSpecsBase","schema_type":"Iced"},"name":"training_deviance","type":"double","format":"%.5f","description":"Training Deviance"},{"__meta":{"schema_version":-1,"schema_name":"ColumnSpecsBase","schema_type":"Iced"},"name":"validation_rmse","type":"double","format":"%.5f","description":"Validation RMSE"},{"__meta":{"schema_version":-1,"schema_name":"ColumnSpecsBase","schema_type":"Iced"},"name":"validation_mae","type":"double","format":"%.5f","description":"Validation MAE"},{"__meta":{"schema_version":-1,"schema_name":"ColumnSpecsBase","schema_type":"Iced"},"name":"validation_deviance","type":"double","format":"%.5f","description":"Validation Deviance"}],"rowcount":51,"data":[["","","","","","","","","","","","","","","","","","","","","","","","","","","","","","","","","","","","","","","","","","","","","","","","","","",""],["2021-09-30 20:23:20","2021-09-30 20:23:20","2021-09-30 20:23:20","2021-09-30 20:23:20","2021-09-30 20:23:20","2021-09-30 20:23:20","2021-09-30 20:23:20","2021-09-30 20:23:20","2021-09-30 20:23:20","2021-09-30 20:23:20","2021-09-30 20:23:20","2021-09-30 20:23:20","2021-09-30 20:23:20","2021-09-30 20:23:20","2021-09-30 20:23:20","2021-09-30 20:23:20","2021-09-30 20:23:20","2021-09-30 20:23:20","2021-09-30 20:23:20","2021-09-30 20:23:20","2021-09-30 20:23:20","2021-09-30 20:23:20","2021-09-30 20:23:20","2021-09-30 20:23:20","2021-09-30 20:23:20","2021-09-30 20:23:20","2021-09-30 20:23:20","2021-09-30 20:23:20","2021-09-30 20:23:20","2021-09-30 20:23:20","2021-09-30 20:23:20","2021-09-30 20:23:20","2021-09-30 20:23:20","2021-09-30 20:23:20","2021-09-30 20:23:20","2021-09-30 20:23:20","2021-09-30 20:23:20","2021-09-30 20:23:20","2021-09-30 20:23:20","2021-09-30 20:23:20","2021-09-30 20:23:20","2021-09-30 20:23:20","2021-09-30 20:23:20","2021-09-30 20:23:20","2021-09-30 20:23:20","2021-09-30 20:23:20","2021-09-30 20:23:20","2021-09-30 20:23:20","2021-09-30 20:23:20","2021-09-30 20:23:20","2021-09-30 20:23:20"],[" 0.007 sec"," 0.010 sec"," 0.012 sec"," 0.014 sec"," 0.018 sec"," 0.020 sec"," 0.022 sec"," 0.024 sec"," 0.025 sec"," 0.028 sec"," 0.030 sec"," 0.032 sec"," 0.034 sec"," 0.036 sec"," 0.038 sec"," 0.040 sec"," 0.042 sec"," 0.045 sec"," 0.047 sec"," 0.049 sec"," 0.057 sec"," 0.059 sec"," 0.061 sec"," 0.063 sec"," 0.066 sec"," 0.069 sec"," 0.071 sec"," 0.075 sec"," 0.078 sec"," 0.081 sec"," 0.084 sec"," 0.088 sec"," 0.091 sec"," 0.093 sec"," 0.096 sec"," 0.099 sec"," 0.104 sec"," 0.107 sec"," 0.111 sec"," 0.113 sec"," 0.117 sec"," 0.119 sec"," 0.123 sec"," 0.128 sec"," 0.131 sec"," 0.134 sec"," 0.137 sec"," 0.139 sec"," 0.143 sec"," 0.146 sec"," 0.150 sec"],[0,1,2,3,4,5,6,7,8,9,10,11,12,13,14,15,16,17,18,19,20,21,22,23,24,25,26,27,28,29,30,31,32,33,34,35,36,37,38,39,40,41,42,43,44,45,46,47,48,49,50],[1.7916128329552334,1.7217777278620436,1.66306302405325,1.6139390120702135,1.5730244596418503,1.5390865221548997,1.5110381728549889,1.4879314170854727,1.4689485346282984,1.4533906620056805,1.4406656302993546,1.4302753980732534,1.4218036060017627,1.4149042905943405,1.4092910841178399,1.4047279638659882,1.401020929999597,1.3980110219798898,1.3955682332214996,1.3935864402865228,1.391979121960513,1.3906758401984882,1.3896192837278676,1.3887628850104643,1.3880688064700721,1.3875063573578674,1.3870505980518226,1.3866813299284415,1.3863821467654083,1.3861397606108061,1.3859433983497422,1.3857843244571049,1.3856554610058491,1.3855510728303038,1.3854665125398986,1.3853980146890184,1.385342528928476,1.3852975830059742,1.3852611758356677,1.3852316858821727,1.3852077997793315,1.3851895609013611,1.3851747867821471,1.3851628194932548,1.3851530399533225,1.3851449985240019,1.3851384230691832,1.3851342159342492,1.3851308083599319,1.3851280478261867,1.385124603213149],[1.4197530864197532,1.356296353869968,1.2991852760314941,1.253874142964681,1.2158942222595215,1.18171223004659,1.1509484714931912,1.1232610013749864,1.0983423391977947,1.0759155220455594,1.0557313230302598,1.037565655178494,1.021216419008043,1.0065021514892578,0.9932593239678277,0.9813408851623535,0.9706142081154717,0.9609601497650146,0.952271474732293,0.9444516632292006,0.9374138514200846,0.9310799174838595,0.9253793557484945,0.9202489323086209,0.915631373723348,0.9114757511350844,0.9077355066935221,0.9043694072299533,0.9013398620817397,0.898613280720181,0.8961594237221612,0.8939509259329902,0.8919632434844971,0.8901743094126383,0.8885642555024889,0.8871152003606161,0.8858110904693604,0.8846373293134902,0.8835809230804443,0.8826302025053236,0.8817746639251709,0.8811140987608168,0.8805195622973971,0.879984458287557,0.8794541358947754,0.8790145979987251,0.8785772853427463,0.8783029847674899,0.8780561685562134,0.8778338432312012,0.8775471051534017],[3.2098765432098775,2.964518544161782,2.7657786219731406,2.604799134682177,2.4744059506315352,2.3687873226788647,2.283236359824943,2.213939901949983,2.1578097973866255,2.11234441640531,2.075517458325837,2.045687714333604,2.021525494039616,2.001954151542274,1.9861013597740365,1.9732606524670853,1.9628596462969357,1.954434817577256,1.947610693576978,1.9420831665504623,1.937605875973961,1.9339792925117711,1.931041753708352,1.928662350782588,1.9267350114952504,1.925173891708498,1.9239093615559189,1.922885110772111,1.9220554568698622,1.9213834359461828,1.920839103429232,1.9203981939110344,1.9200410566153323,1.919751775421206,1.9195174573694689,1.9193276591042736,1.9191739224579452,1.9190493934821942,1.9189485252776168,1.9188668235719666,1.9188006485694966,1.9187501196301058,1.9187091899369666,1.9186760365065032,1.9186489440919305,1.9186266669360572,1.9186084510625834,1.9185967961517874,1.9185873562678384,1.918579708874783,1.9185701664263837],[1.9151765544116033,1.8816352221256394,1.8827540585895821,1.9091367567116213,1.9526396720629573,2.006775986317646,2.0666916236901796,2.128920992128252,2.191083306001995,2.2516032340366734,2.309484774354941,2.364139957875917,2.4152636230691247,2.4627437236738916,2.50659779448053,2.546928208728946,2.583890826221251,2.6176731432941187,2.6484791140045068,2.6765187387165237,2.7020009923449297,2.7251291319707693,2.7460977013569488,2.765090709315112,2.782280658864447,2.7978281203965447,2.8118817783441417,2.8245786915416726,2.8360447624636445,2.8463953158755895,2.85573572514366,2.8641620729993846,2.8717618284346047,2.878614486950899,2.88479223687926,2.890360548247546,2.895378746058414,2.8999005297556275,2.903974501966645,2.9076445877131984,2.9109505079971596,2.9139001036817844,2.916556621564563,2.918949013829536,2.921335999613084,2.923267237734369,2.9252063211551427,2.9268855646179657,2.928397284995227,2.9297581658486562,2.929683231405971],[1.5444444444444443,1.5906666675789487,1.6522666663138401,1.7077066712288391,1.7576026659665835,1.8025090736543965,1.8429248389994932,1.8792990269346368,1.912035791317208,1.9414988819716705,1.9680156647434663,1.991880774285851,2.0133593794165385,2.032690128751306,2.0500878043214064,2.0657457202879916,2.079837845985053,2.0925207616036965,2.1039353862378953,2.114208548140919,2.1234543880421874,2.131775630635416,2.139264740163667,2.1460049296936226,2.1520711093183813,2.157530671367163,2.16244427856032,2.1668665242122693,2.1708465368111822,2.174428547776511,2.177652363255361,2.1805538036660033,2.1831651076590384,2.185515271788204,2.187630407608554,2.1895340185120906,2.1912472617029883,2.1927891772680193,2.194176902881332,2.1954258449699005,2.196549889087651,2.197462988380317,2.1982847686307245,2.199024370723378,2.2002291629981805,2.200809611143227,2.201796430000427,2.2025182649612867,2.203167921078016,2.2037526224393837,2.202909816877541],[3.667901234567901,3.5405511091438044,3.5447628451355433,3.6448031558273684,3.8128016889141336,4.0271498592611605,4.2712142674311515,4.532304590724341,4.800846053840632,5.069717123524407,5.333719922977293,5.589157740425543,5.833498368920994,6.065106648495145,6.283032503294657,6.4868433004192365,6.676491801830339,6.852212685123311,7.014441617318096,7.163752558700692,7.300809362632985,7.42632878591576,7.541052585397918,7.645726630740748,7.741085664691181,7.827842191281661,7.906679135383813,7.978244784711268,8.04314989469747,8.101966294238498,8.155226531861786,8.203424380408132,8.247015999254064,8.286421364483587,8.322026249958844,8.354184098865854,8.383218083126794,8.409423082476968,8.433067908072424,8.454397048457855,8.473632860008921,8.490813814236713,8.506302526792098,8.520263345336422,8.534204022635375,8.545491343211129,8.556832021326004,8.566659108369027,8.575510658767417,8.583482910356883,8.583043836381334]]},{"__meta":{"schema_version":3,"schema_name":"TwoDimTableV3","schema_type":"TwoDimTable"},"name":"Scoring History","description":"","columns":[{"__meta":{"schema_version":-1,"schema_name":"ColumnSpecsBase","schema_type":"Iced"},"name":"","type":"string","format":"%s","description":""},{"__meta":{"schema_version":-1,"schema_name":"ColumnSpecsBase","schema_type":"Iced"},"name":"timestamp","type":"string","format":"%s","description":"Timestamp"},{"__meta":{"schema_version":-1,"schema_name":"ColumnSpecsBase","schema_type":"Iced"},"name":"duration","type":"string","format":"%s","description":"Duration"},{"__meta":{"schema_version":-1,"schema_name":"ColumnSpecsBase","schema_type":"Iced"},"name":"number_of_trees","type":"long","format":"%d","description":"Number of Trees"},{"__meta":{"schema_version":-1,"schema_name":"ColumnSpecsBase","schema_type":"Iced"},"name":"training_rmse","type":"double","format":"%.5f","description":"Training RMSE"},{"__meta":{"schema_version":-1,"schema_name":"ColumnSpecsBase","schema_type":"Iced"},"name":"training_mae","type":"double","format":"%.5f","description":"Training MAE"},{"__meta":{"schema_version":-1,"schema_name":"ColumnSpecsBase","schema_type":"Iced"},"name":"training_deviance","type":"double","format":"%.5f","description":"Training Deviance"},{"__meta":{"schema_version":-1,"schema_name":"ColumnSpecsBase","schema_type":"Iced"},"name":"validation_rmse","type":"double","format":"%.5f","description":"Validation RMSE"},{"__meta":{"schema_version":-1,"schema_name":"ColumnSpecsBase","schema_type":"Iced"},"name":"validation_mae","type":"double","format":"%.5f","description":"Validation MAE"},{"__meta":{"schema_version":-1,"schema_name":"ColumnSpecsBase","schema_type":"Iced"},"name":"validation_deviance","type":"double","format":"%.5f","description":"Validation Deviance"}],"rowcount":51,"data":[["","","","","","","","","","","","","","","","","","","","","","","","","","","","","","","","","","","","","","","","","","","","","","","","","","",""],["2021-09-30 20:23:20","2021-09-30 20:23:20","2021-09-30 20:23:20","2021-09-30 20:23:20","2021-09-30 20:23:20","2021-09-30 20:23:20","2021-09-30 20:23:20","2021-09-30 20:23:20","2021-09-30 20:23:20","2021-09-30 20:23:20","2021-09-30 20:23:20","2021-09-30 20:23:20","2021-09-30 20:23:20","2021-09-30 20:23:20","2021-09-30 20:23:20","2021-09-30 20:23:20","2021-09-30 20:23:20","2021-09-30 20:23:20","2021-09-30 20:23:20","2021-09-30 20:23:20","2021-09-30 20:23:20","2021-09-30 20:23:20","2021-09-30 20:23:20","2021-09-30 20:23:20","2021-09-30 20:23:20","2021-09-30 20:23:20","2021-09-30 20:23:20","2021-09-30 20:23:20","2021-09-30 20:23:20","2021-09-30 20:23:20","2021-09-30 20:23:20","2021-09-30 20:23:20","2021-09-30 20:23:20","2021-09-30 20:23:20","2021-09-30 20:23:20","2021-09-30 20:23:20","2021-09-30 20:23:20","2021-09-30 20:23:20","2021-09-30 20:23:20","2021-09-30 20:23:20","2021-09-30 20:23:20","2021-09-30 20:23:20","2021-09-30 20:23:20","2021-09-30 20:23:20","2021-09-30 20:23:20","2021-09-30 20:23:20","2021-09-30 20:23:20","2021-09-30 20:23:20","2021-09-30 20:23:20","2021-09-30 20:23:20","2021-09-30 20:23:20"],[" 0.007 sec"," 0.010 sec"," 0.012 sec"," 0.014 sec"," 0.018 sec"," 0.020 sec"," 0.022 sec"," 0.024 sec"," 0.026 sec"," 0.027 sec"," 0.029 sec"," 0.031 sec"," 0.034 sec"," 0.035 sec"," 0.038 sec"," 0.041 sec"," 0.045 sec"," 0.047 sec"," 0.057 sec"," 0.060 sec"," 0.063 sec"," 0.065 sec"," 0.068 sec"," 0.071 sec"," 0.073 sec"," 0.075 sec"," 0.079 sec"," 0.082 sec"," 0.085 sec"," 0.089 sec"," 0.093 sec"," 0.096 sec"," 0.099 sec"," 0.102 sec"," 0.105 sec"," 0.109 sec"," 0.111 sec"," 0.114 sec"," 0.117 sec"," 0.119 sec"," 0.123 sec"," 0.130 sec"," 0.134 sec"," 0.137 sec"," 0.140 sec"," 0.143 sec"," 0.147 sec"," 0.150 sec"," 0.153 sec"," 0.158 sec"," 0.160 sec"],[0,1,2,3,4,5,6,7,8,9,10,11,12,13,14,15,16,17,18,19,20,21,22,23,24,25,26,27,28,29,30,31,32,33,34,35,36,37,38,39,40,41,42,43,44,45,46,47,48,49,50],[1.8443427013437605,1.7722855119111047,1.7116970066093284,1.6610010049139632,1.6187738649266035,1.5837446687480998,1.5547926787374686,1.5309402115925288,1.5113437943278603,1.4952824293548455,1.4821452026970805,1.471418034838368,1.462671345033588,1.4555480327219312,1.4497524556378876,1.4450410311655582,1.4412134833969668,1.4381056906700442,1.435583470711853,1.4335371978753972,1.4318775673164312,1.4305318703938854,1.4294409275592754,1.4285566441144424,1.4278399839867795,1.42725921905346,1.4267886280683333,1.4264073364535155,1.4260984200446967,1.4258481402962622,1.4256453839426302,1.4254839258669707,1.4253531318978083,1.4252475981184602,1.4251621127090341,1.425092863868228,1.4250369291921692,1.4249916209481406,1.4249549183832402,1.4249251876270244,1.4248983102174773,1.4248765411242443,1.4248606594806992,1.424848410818306,1.4248379109438734,1.424829406201179,1.4248225164402464,1.4248169356174598,1.4248124146726326,1.4248089301726037,1.4248066906088885],[1.5584000000000002,1.4872266387939452,1.4231706428527833,1.3708706283569336,1.3264502716064452,1.2864718437194824,1.2504913711547851,1.2181088638305664,1.188964614868164,1.162734775543213,1.1391280364990235,1.1178818511962891,1.0987602806091308,1.0815509414672853,1.0660624313354492,1.0521228981018067,1.0395772933959961,1.028286190032959,1.0181242752075195,1.0089784622192384,1.0007472038269043,0.9933391952514649,0.9866719436645508,0.9806713485717773,0.9752709197998047,0.9704104804992676,0.9660360908508301,0.9620991325378419,0.9585559463500977,0.9553669548034668,0.9524968910217285,0.9499421119689941,0.9476428604125977,0.9455368423461914,0.9436415100097656,0.9419356727600098,0.9404540824890136,0.9392086601257325,0.9380877113342285,0.9370788192749023,0.9360295104980468,0.9350852203369141,0.9342853546142578,0.9336627960205078,0.933110523223877,0.9326134872436523,0.9321660614013672,0.9317633819580078,0.9314009284973145,0.9311205291748047,0.9308680725097657],[3.4016,3.1409959357300066,2.929906642435335,2.758924338325196,2.6204288257694133,2.5082471757880285,2.4173802738556334,2.343777931470977,2.2841600646533333,2.235869543537328,2.19675440187797,2.165071033247605,2.139407463582365,2.1186200755606843,2.101782182628085,2.0881435817520195,2.077096304725219,2.068147977537565,2.06089990138109,2.055028897692446,2.050273367784021,2.046421432212628,2.0433013653815215,2.040774085443518,2.038727019871367,2.037068878373093,2.0357257891851166,2.0346378894884127,2.0337567036539803,2.0330429191863093,2.0324647607569295,2.032004422905111,2.031631550610891,2.03133071594244,2.031087047501278,2.0308896706481483,2.0307302495614477,2.030601119772409,2.0304965194245868,2.0304117903339103,2.030335194460622,2.0302731574461905,2.030227898935773,2.030192993811452,2.0301630724629014,2.0301388367756044,2.030119203355116,2.0301033000223287,2.0300904170052583,2.0300804874995992,2.030074105603853],[1.565801179375381,1.541056132493664,1.5196419751452017,1.501092762466163,1.4850066155520563,1.471037937206245,1.4588901961254621,1.4483094172266828,1.4390783094574577,1.4310111037537938,1.4239489889881296,1.4177561713911575,1.4123164917244944,1.4075304653662792,1.4033127968108505,1.3995902626205912,1.3962998772710282,1.3933873986900922,1.390805997252896,1.3885151836092466,1.3864798667043792,1.3846695683543904,1.3830577714639944,1.3816213566081867,1.3803401301980291,1.379196395761294,1.3781746474393055,1.3772612561779247,1.3764442168824247,1.3757129540758022,1.375058118235598,1.3740790110928935,1.3732014339758358,1.3724145405912198,1.3717087222422257,1.3710754170895831,1.3705070005286353,1.3699967002772206,1.3695384646527797,1.3691268888858819,1.3691437078135447,1.3691590593992715,1.3690617365385642,1.3686356726312796,1.3682529440481768,1.36790908015825,1.3676000767046448,1.3673223685091023,1.3670727520139268,1.3668483614584104,1.366646611782648],[1.4266666666666667,1.4173333330452442,1.4089333380013704,1.4013733394195638,1.3945693338662386,1.388445727750659,1.3829344755411148,1.37797435178111,1.37351023397098,1.3694925313567123,1.3658765957131982,1.362622245748838,1.359693337144951,1.3570573176940284,1.3546848938862484,1.3525497123971582,1.3506280428171158,1.3488985386118293,1.347341983181735,1.3459410832636058,1.3446802781646452,1.343545548763747,1.3425242906964074,1.3416051552537829,1.3407779381672542,1.3400334364175797,1.3393633848273507,1.338760344767943,1.3382176086989543,1.337729152593141,1.3372895405146605,1.3364228730695322,1.3356428787717596,1.334940879091931,1.3343090857674058,1.3337404733663425,1.333228715841348,1.3327681388380006,1.3323536243118967,1.3319805627983685,1.3321158256055787,1.3322375621359486,1.3323471234183915,1.3319590965600219,1.3316098683672803,1.33129556054133,1.3310126762763443,1.330758084349412,1.3305289555383693,1.330322746692303,1.3301371531176847],[2.4517333333333338,2.3748540034963295,2.3093117326232098,2.2532794815282964,2.2052446482333727,2.163952612700004,2.128360604350989,2.0976001680274936,2.0709463807509345,2.0477927790666515,2.0276307232403163,2.010032561517713,1.994637872796984,1.9811420109342144,1.9692868056930914,1.9588529032223752,1.9496533472670885,1.9415284428283421,1.9343413219946228,1.92797441511342,1.9223264207765933,1.9173098135267335,1.912848799206951,1.908877573035846,1.9053388750351123,1.902182698080944,1.8993653588444541,1.896848567768795,1.8945986821890715,1.8925861320119701,1.890784828525624,1.888093128726024,1.8856821782732915,1.883521671226209,1.8815848186753998,1.8798477993473746,1.8782894384979967,1.8768909587704725,1.875635606163493,1.8745084378703336,1.874554492645421,1.8745965299350977,1.874330038453989,1.873163604398875,1.8721161188965034,1.87117525157939,1.8703299698025504,1.8695704594253415,1.8688879092989314,1.868274443221541,1.8677229614969912]]},{"__meta":{"schema_version":3,"schema_name":"TwoDimTableV3","schema_type":"TwoDimTable"},"name":"Scoring History","description":"","columns":[{"__meta":{"schema_version":-1,"schema_name":"ColumnSpecsBase","schema_type":"Iced"},"name":"","type":"string","format":"%s","description":""},{"__meta":{"schema_version":-1,"schema_name":"ColumnSpecsBase","schema_type":"Iced"},"name":"timestamp","type":"string","format":"%s","description":"Timestamp"},{"__meta":{"schema_version":-1,"schema_name":"ColumnSpecsBase","schema_type":"Iced"},"name":"duration","type":"string","format":"%s","description":"Duration"},{"__meta":{"schema_version":-1,"schema_name":"ColumnSpecsBase","schema_type":"Iced"},"name":"number_of_trees","type":"long","format":"%d","description":"Number of Trees"},{"__meta":{"schema_version":-1,"schema_name":"ColumnSpecsBase","schema_type":"Iced"},"name":"training_rmse","type":"double","format":"%.5f","description":"Training RMSE"},{"__meta":{"schema_version":-1,"schema_name":"ColumnSpecsBase","schema_type":"Iced"},"name":"training_mae","type":"double","format":"%.5f","description":"Training MAE"},{"__meta":{"schema_version":-1,"schema_name":"ColumnSpecsBase","schema_type":"Iced"},"name":"training_deviance","type":"double","format":"%.5f","description":"Training Deviance"},{"__meta":{"schema_version":-1,"schema_name":"ColumnSpecsBase","schema_type":"Iced"},"name":"validation_rmse","type":"double","format":"%.5f","description":"Validation RMSE"},{"__meta":{"schema_version":-1,"schema_name":"ColumnSpecsBase","schema_type":"Iced"},"name":"validation_mae","type":"double","format":"%.5f","description":"Validation MAE"},{"__meta":{"schema_version":-1,"schema_name":"ColumnSpecsBase","schema_type":"Iced"},"name":"validation_deviance","type":"double","format":"%.5f","description":"Validation Deviance"}],"rowcount":51,"data":[["","","","","","","","","","","","","","","","","","","","","","","","","","","","","","","","","","","","","","","","","","","","","","","","","","",""],["2021-09-30 20:23:20","2021-09-30 20:23:20","2021-09-30 20:23:20","2021-09-30 20:23:20","2021-09-30 20:23:20","2021-09-30 20:23:20","2021-09-30 20:23:20","2021-09-30 20:23:20","2021-09-30 20:23:20","2021-09-30 20:23:20","2021-09-30 20:23:20","2021-09-30 20:23:20","2021-09-30 20:23:20","2021-09-30 20:23:20","2021-09-30 20:23:20","2021-09-30 20:23:20","2021-09-30 20:23:20","2021-09-30 20:23:20","2021-09-30 20:23:20","2021-09-30 20:23:20","2021-09-30 20:23:20","2021-09-30 20:23:20","2021-09-30 20:23:20","2021-09-30 20:23:20","2021-09-30 20:23:20","2021-09-30 20:23:20","2021-09-30 20:23:20","2021-09-30 20:23:20","2021-09-30 20:23:20","2021-09-30 20:23:20","2021-09-30 20:23:20","2021-09-30 20:23:20","2021-09-30 20:23:20","2021-09-30 20:23:20","2021-09-30 20:23:20","2021-09-30 20:23:20","2021-09-30 20:23:20","2021-09-30 20:23:20","2021-09-30 20:23:20","2021-09-30 20:23:20","2021-09-30 20:23:20","2021-09-30 20:23:20","2021-09-30 20:23:20","2021-09-30 20:23:20","2021-09-30 20:23:20","2021-09-30 20:23:20","2021-09-30 20:23:20","2021-09-30 20:23:20","2021-09-30 20:23:20","2021-09-30 20:23:20","2021-09-30 20:23:20"],[" 0.007 sec"," 0.010 sec"," 0.013 sec"," 0.014 sec"," 0.016 sec"," 0.019 sec"," 0.021 sec"," 0.023 sec"," 0.025 sec"," 0.027 sec"," 0.029 sec"," 0.031 sec"," 0.033 sec"," 0.035 sec"," 0.038 sec"," 0.041 sec"," 0.044 sec"," 0.046 sec"," 0.056 sec"," 0.058 sec"," 0.061 sec"," 0.063 sec"," 0.067 sec"," 0.069 sec"," 0.071 sec"," 0.074 sec"," 0.076 sec"," 0.078 sec"," 0.080 sec"," 0.083 sec"," 0.088 sec"," 0.091 sec"," 0.093 sec"," 0.096 sec"," 0.099 sec"," 0.104 sec"," 0.107 sec"," 0.110 sec"," 0.113 sec"," 0.117 sec"," 0.119 sec"," 0.123 sec"," 0.128 sec"," 0.132 sec"," 0.136 sec"," 0.138 sec"," 0.141 sec"," 0.144 sec"," 0.147 sec"," 0.151 sec"," 0.154 sec"],[0,1,2,3,4,5,6,7,8,9,10,11,12,13,14,15,16,17,18,19,20,21,22,23,24,25,26,27,28,29,30,31,32,33,34,35,36,37,38,39,40,41,42,43,44,45,46,47,48,49,50],[1.9166296949998196,1.848807576234363,1.7919910035795765,1.7446137521810823,1.7052735926856057,1.6727299372402076,1.6458979179043882,1.6238390050317455,1.6057491576761969,1.5909456234708563,1.5788529967358131,1.5689896544137951,1.560954684508787,1.554415891154389,1.5490992258703453,1.5447793380941761,1.5412713549953767,1.5384240216935061,1.5361138052137253,1.5342399907494386,1.5327205034356675,1.5314886267449785,1.5304900797468368,1.5296807806155952,1.529024925881555,1.5284934873992302,1.5280628765571664,1.527713995795345,1.5274313473249403,1.527202359835674,1.5270168569901976,1.526866580789881,1.5267448473054845,1.526646701237892,1.5265671980564408,1.5265027977986476,1.526450632184751,1.5264083772576609,1.5263741484372169,1.5263464226326724,1.5263239652008016,1.5263059036833637,1.5262919288590722,1.526280511720922,1.5262715132095401,1.5262642244767475,1.5262583213930894,1.5262535392989462,1.526249121803608,1.5262467898323042,1.526243839820477],[1.63265306122449,1.5630385080973308,1.5003854433695476,1.4439977464221774,1.3992216019403367,1.3624740782238187,1.3300221306937081,1.3049564134506952,1.2823972474961054,1.2620940208435059,1.2438211213974726,1.227375484648205,1.2125744819641113,1.1992535364060175,1.1872646468026298,1.1764747074672155,1.1667637825012207,1.158023925054641,1.1501580419994535,1.143078781309582,1.136707374027797,1.130973180135091,1.12581239427839,1.1211677051725841,1.1169874327523368,1.1132252556937081,1.1098392123267764,1.1067917914617629,1.1040491603669667,1.1015807560511999,1.0993592171441942,1.0973598162333171,1.0955603690374465,1.0938972518557595,1.0924004373096285,1.0910533042181105,1.089840911683582,1.0887497720264254,1.0877676918393089,1.0868838401067824,1.0860884076073056,1.0854006721859886,1.0848450433640253,1.0843430246625627,1.0839410282316662,1.0835792223612468,1.0832536561148507,1.0829606283278692,1.0826635587783087,1.0825031598409016,1.0822776839846657],[3.6734693877551017,3.41808945394158,3.211231756910138,3.0436771442993544,2.9079580259108733,2.7980254429396285,2.7089799561620005,2.636853114262489,2.578430357377816,2.531107976841072,2.4927767853016576,2.46172853565752,2.4365795270899264,2.4162087626732935,2.3997084115921035,2.386343203402681,2.3755173897292847,2.3667484705236217,2.3596456225681908,2.3538923492148376,2.349232141652086,2.34545741384922,2.3423998842034788,2.3399232905847365,2.3379172239670942,2.336292341021861,2.334976154712162,2.333910052948979,2.3330465207908824,2.3323470478876516,2.3317804815322214,2.331321555532982,2.3309498287738473,2.3306501504005372,2.3304074101818926,2.3302107916870987,2.330051532497226,2.3299225341623653,2.329818041017439,2.3297334018835563,2.329664846746298,2.3296097116186893,2.329567052100347,2.329532200459079,2.3295047320349394,2.3294824829176073,2.329464463621651,2.32944986622256,2.329436381806285,2.329429263473414,2.3294202585899537],[1.5452362609131385,1.4831278966567136,1.4302193218376147,1.3853018907347183,1.347283678149916,1.315187620320213,1.288147926402014,1.265404658437796,1.2462967377366425,1.2302537889840828,1.216787267468514,1.2054814132982885,1.1959843327603412,1.1879995563656334,1.1812782764628031,1.175612294388354,1.1708278096939755,1.1667799920613848,1.163348313515776,1.1604325273420715,1.1579492957426916,1.1558293271387001,1.1540149658061074,1.1524582329163837,1.1511191374493885,1.149964318513341,1.1489658978856812,1.1481005606639485,1.14734874603855,1.1466940172541404,1.1461225324856916,1.1456226155704041,1.1451843718628318,1.1447994355163083,1.1444606810000642,1.1441620297405195,1.143898286743805,1.1436650041055818,1.1434583714999442,1.1432750869067827,1.1431122996454175,1.1429490499948654,1.1426637980635503,1.1424138119126774,1.1419867876450165,1.1416028181075237,1.1412575276530608,1.1409469865084305,1.1409466471127518,1.1410647833262169,1.1408308562894518],[1.448979591836735,1.3826530577272786,1.322959187459581,1.2692347064006086,1.2208826679128166,1.1773658220713237,1.138200652804606,1.1029519999057664,1.071228207640198,1.0426768062028047,1.0169805490734931,0.993853932930803,0.9730399912413288,0.954307436962061,0.9374481439780522,0.9222747899249806,0.9086187663678158,0.8963283296598465,0.8852669270899225,0.8753116637924497,0.8663519205316447,0.8582881614090686,0.8510307681138572,0.8444991141215576,0.8386206245905132,0.8333299868996732,0.828568399869552,0.824282982571963,0.8204261122927148,0.8169549284692932,0.8138308617409928,0.8110191982063676,0.8084886914941161,0.806211235436459,0.8041615236707376,0.8023167906485842,0.8006565322557808,0.7991622881072917,0.7978174642716745,0.7966071289455596,0.7955178217487221,0.7945374377827371,0.7939401556362343,0.7930538696260668,0.7923741506220185,0.7917624150060727,0.7912118507772495,0.7907163271720865,0.7905417608316367,0.7905985581541878,0.790217967779074],[2.387755102040817,2.199668357841367,2.0455273085576464,1.9190613284731852,1.8151733094091662,1.729718476643545,1.6593250802938084,1.6012489495960753,1.5532555584929977,1.5135243853096918,1.480571254273493,1.4531854378076392,1.4303785242081986,1.4113429459249416,1.3954183664429307,1.38206426671705,1.3708377599527921,1.3613755498747655,1.3533792985600006,1.3466036505135073,1.3408465715109954,1.3359414334739004,1.3317505413044715,1.3281599786167537,1.3250752686022242,1.3224179338538529,1.3201226345042494,1.3181348973968727,1.3164091450362334,1.3149071692064387,1.3135968594714154,1.3124511773063738,1.3114472455588686,1.3105657475584578,1.3097902503551304,1.3091067502999454,1.3085032904154121,1.3079696416158206,1.3074970473533043,1.3070779243417114,1.3067057296006348,1.3063325308841651,1.3056805554050184,1.3051093176488544,1.3041338231557837,1.30325699431104,1.3024687444247767,1.301760026022669,1.3017592515578305,1.302028839747306,1.301495042662124]]},{"__meta":{"schema_version":3,"schema_name":"TwoDimTableV3","schema_type":"TwoDimTable"},"name":"Scoring History","description":"","columns":[{"__meta":{"schema_version":-1,"schema_name":"ColumnSpecsBase","schema_type":"Iced"},"name":"","type":"string","format":"%s","description":""},{"__meta":{"schema_version":-1,"schema_name":"ColumnSpecsBase","schema_type":"Iced"},"name":"timestamp","type":"string","format":"%s","description":"Timestamp"},{"__meta":{"schema_version":-1,"schema_name":"ColumnSpecsBase","schema_type":"Iced"},"name":"duration","type":"string","format":"%s","description":"Duration"},{"__meta":{"schema_version":-1,"schema_name":"ColumnSpecsBase","schema_type":"Iced"},"name":"number_of_trees","type":"long","format":"%d","description":"Number of Trees"},{"__meta":{"schema_version":-1,"schema_name":"ColumnSpecsBase","schema_type":"Iced"},"name":"training_rmse","type":"double","format":"%.5f","description":"Training RMSE"},{"__meta":{"schema_version":-1,"schema_name":"ColumnSpecsBase","schema_type":"Iced"},"name":"training_mae","type":"double","format":"%.5f","description":"Training MAE"},{"__meta":{"schema_version":-1,"schema_name":"ColumnSpecsBase","schema_type":"Iced"},"name":"training_deviance","type":"double","format":"%.5f","description":"Training Deviance"},{"__meta":{"schema_version":-1,"schema_name":"ColumnSpecsBase","schema_type":"Iced"},"name":"validation_rmse","type":"double","format":"%.5f","description":"Validation RMSE"},{"__meta":{"schema_version":-1,"schema_name":"ColumnSpecsBase","schema_type":"Iced"},"name":"validation_mae","type":"double","format":"%.5f","description":"Validation MAE"},{"__meta":{"schema_version":-1,"schema_name":"ColumnSpecsBase","schema_type":"Iced"},"name":"validation_deviance","type":"double","format":"%.5f","description":"Validation Deviance"}],"rowcount":51,"data":[["","","","","","","","","","","","","","","","","","","","","","","","","","","","","","","","","","","","","","","","","","","","","","","","","","",""],["2021-09-30 20:23:20","2021-09-30 20:23:20","2021-09-30 20:23:20","2021-09-30 20:23:20","2021-09-30 20:23:20","2021-09-30 20:23:20","2021-09-30 20:23:20","2021-09-30 20:23:20","2021-09-30 20:23:20","2021-09-30 20:23:20","2021-09-30 20:23:20","2021-09-30 20:23:20","2021-09-30 20:23:20","2021-09-30 20:23:20","2021-09-30 20:23:20","2021-09-30 20:23:20","2021-09-30 20:23:20","2021-09-30 20:23:20","2021-09-30 20:23:20","2021-09-30 20:23:20","2021-09-30 20:23:20","2021-09-30 20:23:20","2021-09-30 20:23:20","2021-09-30 20:23:20","2021-09-30 20:23:20","2021-09-30 20:23:20","2021-09-30 20:23:20","2021-09-30 20:23:20","2021-09-30 20:23:20","2021-09-30 20:23:20","2021-09-30 20:23:20","2021-09-30 20:23:20","2021-09-30 20:23:20","2021-09-30 20:23:20","2021-09-30 20:23:20","2021-09-30 20:23:20","2021-09-30 20:23:20","2021-09-30 20:23:20","2021-09-30 20:23:20","2021-09-30 20:23:20","2021-09-30 20:23:20","2021-09-30 20:23:20","2021-09-30 20:23:20","2021-09-30 20:23:20","2021-09-30 20:23:20","2021-09-30 20:23:20","2021-09-30 20:23:20","2021-09-30 20:23:20","2021-09-30 20:23:20","2021-09-30 20:23:20","2021-09-30 20:23:20"],[" 0.007 sec"," 0.010 sec"," 0.012 sec"," 0.014 sec"," 0.016 sec"," 0.019 sec"," 0.021 sec"," 0.023 sec"," 0.025 sec"," 0.027 sec"," 0.029 sec"," 0.031 sec"," 0.033 sec"," 0.035 sec"," 0.037 sec"," 0.040 sec"," 0.042 sec"," 0.044 sec"," 0.047 sec"," 0.049 sec"," 0.057 sec"," 0.059 sec"," 0.062 sec"," 0.064 sec"," 0.066 sec"," 0.069 sec"," 0.071 sec"," 0.073 sec"," 0.076 sec"," 0.078 sec"," 0.080 sec"," 0.082 sec"," 0.085 sec"," 0.088 sec"," 0.090 sec"," 0.093 sec"," 0.095 sec"," 0.099 sec"," 0.102 sec"," 0.105 sec"," 0.109 sec"," 0.111 sec"," 0.114 sec"," 0.117 sec"," 0.119 sec"," 0.124 sec"," 0.128 sec"," 0.131 sec"," 0.134 sec"," 0.137 sec"," 0.139 sec"],[0,1,2,3,4,5,6,7,8,9,10,11,12,13,14,15,16,17,18,19,20,21,22,23,24,25,26,27,28,29,30,31,32,33,34,35,36,37,38,39,40,41,42,43,44,45,46,47,48,49,50],[1.627114009527298,1.539255826314629,1.464231276861006,1.400518313994504,1.3467029913149122,1.3014824396051814,1.2636681788362587,1.2321881762851121,1.2060872589422809,1.1845239521057516,1.1667656204234635,1.1521807343550925,1.140230233687762,1.1304577056330574,1.1224795954200224,1.1159755148507347,1.1106792408110635,1.106370697670767,1.1028684494270757,1.100023435144641,1.097713579455107,1.0958390300195406,1.0943182982704496,1.0930849367849018,1.092084902838973,1.0912741937164716,1.0906170892837743,1.0900851555906752,1.0896540864028286,1.0893047973896386,1.0890217888221496,1.0887918889481822,1.0886056371645905,1.0884547485202023,1.0883333931293997,1.0882350839141337,1.0881549984544057,1.0880901247452466,1.0880376359299058,1.08799512004453,1.0879604101724853,1.0879322944590653,1.087909898917025,1.0878923534672957,1.087878141983189,1.0878666303138316,1.0878573067847512,1.0878497540410916,1.0878436360938073,1.0878386800884263,1.0878346664008363],[1.3650000000000002,1.292833399772644,1.2368833780288697,1.1865283489227294,1.1412087678909302,1.1004211902618408,1.0637124538421632,1.0306745052337647,1.0009404420852661,0.9741797685623169,0.9500952243804932,0.9284191131591797,0.9089106321334839,0.8913529634475708,0.8755510807037353,0.8613293647766114,0.8485296964645386,0.8370100498199463,0.8266424179077149,0.8173115015029907,0.8089137077331543,0.8013557195663452,0.794553565979004,0.7884315013885498,0.7829217195510865,0.7779628515243531,0.7734999418258667,0.7694618463516235,0.7658274412155152,0.762556529045105,0.7596126556396484,0.7569846868515014,0.7546195745468139,0.7524909496307373,0.7505182743072509,0.7487428188323975,0.7472514390945435,0.7459091901779175,0.7446086168289184,0.7434381723403931,0.7424632787704468,0.7415858507156372,0.7407613039016724,0.7400668859481812,0.7394419431686401,0.7388794660568238,0.7383733034133911,0.7379177331924438,0.737507700920105,0.7371746301651001,0.7369255304336548],[2.6475,2.3693084988435316,2.143973232138012,1.9614515478340082,1.8136089468165324,1.6938565406006547,1.5968572662033467,1.5182877017768306,1.4546464761829043,1.4030969931122286,1.3613420130021496,1.32752044461904,1.3001249858156485,1.2779346242251564,1.2599604421342974,1.245401349746362,1.2336083759686403,1.2240561206644998,1.216318816741682,1.2100515578674162,1.2049751025201432,1.2008631797141676,1.1975325379295327,1.194834679026053,1.1926494350088093,1.1908793658715353,1.1894456354378122,1.1882856464391467,1.187346028014383,1.1865849416160814,1.1859684565293946,1.1854677774393507,1.185062233266524,1.184733739576177,1.1844695746005527,1.1842555978616018,1.1840813006613076,1.1839401195681263,1.183825897199938,1.183733381240711,1.1836578541026825,1.1835966773269662,1.1835479481616518,1.1835097727326116,1.1834788518047958,1.1834538053503707,1.1834335199249721,1.1834170873672634,1.183403776589796,1.1833929938965297,1.1833842614234187],[2.2254213084267884,2.1961765994235023,2.175154171457502,2.1606525152849745,2.1512537926020547,2.1457934574027138,2.1433270942640537,2.1430974147945627,2.1445033837471756,2.1470726059673244,2.150437321958799,2.154314082846855,2.1584867931238763,2.1627927800770066,2.167111454536622,2.171355191614779,2.1754619737597043,2.1793895626014823,2.1831108883295576,2.1866103746400385,2.1898810618064717,2.1929223757124876,2.195738359575901,2.198336336305676,2.2007258265734255,2.202917807134528,2.2049240479851346,2.206943424070448,2.208782923696397,2.210456291650561,2.2119767266453154,2.2131695864500447,2.2142524526499696,2.215234543528558,2.2162453009888323,2.217159651956008,2.2177949313749212,2.2183701855389084,2.2190428883492634,2.219650289240636,2.2200666190832115,2.2204428356643153,2.220862841047015,2.2212609919165387,2.2216201043905843,2.221943937257886,2.2222358956968264,2.2224990748925073,2.2227362738445895,2.222950025323001,2.2231426194658113],[1.7625000000000002,1.734166665747762,1.7086666624993088,1.685716661438346,1.665061664581299,1.646472172625363,1.6297416293993594,1.6146841354668142,1.6011323917657139,1.5889358192682268,1.5779589007608594,1.5680796734988691,1.559188369009644,1.5529680737294256,1.553921271674335,1.5547791550401597,1.55555125544779,1.5562461440917104,1.5568715521134435,1.5574344162363558,1.5579409902915358,1.5583969120401888,1.5588072302984073,1.5591765226330607,1.5595088782487436,1.5598079981049522,1.5600772083038463,1.560561777302064,1.5609978878404944,1.5613903916440903,1.561743639735505,1.5618192839086986,1.5618873761617578,1.5619486497947945,1.5621289061149581,1.5622911380254663,1.5622500585508532,1.562213097733911,1.5623235272127203,1.562422917986987,1.5623862253618426,1.562353204388637,1.562447747279657,1.5625924241379834,1.5627226290001999,1.5628398042812477,1.5629452612978638,1.5630401682778028,1.5631255742831853,1.5632024329883278,1.5632716026942943],[4.9525,4.8231916558553785,4.731295669608971,4.668419291807287,4.627892880184725,4.604429561832292,4.593851033006391,4.592866529299138,4.598894762903087,4.6099207752953175,4.62438067567333,4.641069167552286,4.659065236090195,4.677672609553228,4.696372056383834,4.714783368152453,4.732634799274468,4.749738865576281,4.765973150743069,4.78126493048345,4.79557906485864,4.8089085459005005,4.821266943713069,4.832682647521862,4.843194163747286,4.852846864990398,4.861690057383153,4.870599277047793,4.878722004012803,4.886117017297549,4.892841039220525,4.8981196183874625,4.9029139240664055,4.907264082842177,4.911743234155081,4.915796922261687,4.918614357632291,4.92116628008793,4.924151340333442,4.926847406526039,4.928695793167561,4.930366386452985,4.932231758743419,4.934000394210045,4.935595888232432,4.937034860317077,4.938332376123477,4.93950213789805,4.940556543064529,4.941506815083532,4.942363106485309]]}],"reproducibility_information_table":[{"__meta":{"schema_version":3,"schema_name":"TwoDimTableV3","schema_type":"TwoDimTable"},"name":"Node Information","description":"","columns":[{"__meta":{"schema_version":-1,"schema_name":"ColumnSpecsBase","schema_type":"Iced"},"name":"","type":"string","format":"%s","description":""},{"__meta":{"schema_version":-1,"schema_name":"ColumnSpecsBase","schema_type":"Iced"},"name":"node","type":"int","format":"%d","description":"node"},{"__meta":{"schema_version":-1,"schema_name":"ColumnSpecsBase","schema_type":"Iced"},"name":"h2o","type":"string","format":"%s","description":"h2o"},{"__meta":{"schema_version":-1,"schema_name":"ColumnSpecsBase","schema_type":"Iced"},"name":"healthy","type":"string","format":"%s","description":"healthy"},{"__meta":{"schema_version":-1,"schema_name":"ColumnSpecsBase","schema_type":"Iced"},"name":"last_ping","type":"string","format":"%s","description":"last_ping"},{"__meta":{"schema_version":-1,"schema_name":"ColumnSpecsBase","schema_type":"Iced"},"name":"num_cpus","type":"int","format":"%d","description":"num_cpus"},{"__meta":{"schema_version":-1,"schema_name":"ColumnSpecsBase","schema_type":"Iced"},"name":"sys_load","type":"double","format":"%.5f","description":"sys_load"},{"__meta":{"schema_version":-1,"schema_name":"ColumnSpecsBase","schema_type":"Iced"},"name":"mem_value_size","type":"long","format":"%d","description":"mem_value_size"},{"__meta":{"schema_version":-1,"schema_name":"ColumnSpecsBase","schema_type":"Iced"},"name":"free_mem","type":"long","format":"%d","description":"free_mem"},{"__meta":{"schema_version":-1,"schema_name":"ColumnSpecsBase","schema_type":"Iced"},"name":"pojo_mem","type":"long","format":"%d","description":"pojo_mem"},{"__meta":{"schema_version":-1,"schema_name":"ColumnSpecsBase","schema_type":"Iced"},"name":"swap_mem","type":"long","format":"%d","description":"swap_mem"},{"__meta":{"schema_version":-1,"schema_name":"ColumnSpecsBase","schema_type":"Iced"},"name":"free_disc","type":"long","format":"%d","description":"free_disc"},{"__meta":{"schema_version":-1,"schema_name":"ColumnSpecsBase","schema_type":"Iced"},"name":"max_disc","type":"long","format":"%d","description":"max_disc"},{"__meta":{"schema_version":-1,"schema_name":"ColumnSpecsBase","schema_type":"Iced"},"name":"pid","type":"int","format":"%d","description":"pid"},{"__meta":{"schema_version":-1,"schema_name":"ColumnSpecsBase","schema_type":"Iced"},"name":"num_keys","type":"int","format":"%d","description":"num_keys"},{"__meta":{"schema_version":-1,"schema_name":"ColumnSpecsBase","schema_type":"Iced"},"name":"tcps_active","type":"string","format":"%s","description":"tcps_active"},{"__meta":{"schema_version":-1,"schema_name":"ColumnSpecsBase","schema_type":"Iced"},"name":"open_fds","type":"int","format":"%d","description":"open_fds"},{"__meta":{"schema_version":-1,"schema_name":"ColumnSpecsBase","schema_type":"Iced"},"name":"rpcs_active","type":"string","format":"%s","description":"rpcs_active"},{"__meta":{"schema_version":-1,"schema_name":"ColumnSpecsBase","schema_type":"Iced"},"name":"nthreads","type":"int","format":"%d","description":"nthreads"},{"__meta":{"schema_version":-1,"schema_name":"ColumnSpecsBase","schema_type":"Iced"},"name":"is_leader","type":"string","format":"%s","description":"is_leader"},{"__meta":{"schema_version":-1,"schema_name":"ColumnSpecsBase","schema_type":"Iced"},"name":"total_mem","type":"long","format":"%d","description":"total_mem"},{"__meta":{"schema_version":-1,"schema_name":"ColumnSpecsBase","schema_type":"Iced"},"name":"max_mem","type":"long","format":"%d","description":"max_mem"},{"__meta":{"schema_version":-1,"schema_name":"ColumnSpecsBase","schema_type":"Iced"},"name":"java_version","type":"string","format":"%s","description":"java_version"},{"__meta":{"schema_version":-1,"schema_name":"ColumnSpecsBase","schema_type":"Iced"},"name":"jvm_launch_parameters","type":"string","format":"%s","description":"jvm_launch_parameters"},{"__meta":{"schema_version":-1,"schema_name":"ColumnSpecsBase","schema_type":"Iced"},"name":"os_version","type":"string","format":"%s","description":"os_version"},{"__meta":{"schema_version":-1,"schema_name":"ColumnSpecsBase","schema_type":"Iced"},"name":"machine_physical_mem","type":"long","format":"%d","description":"machine_physical_mem"},{"__meta":{"schema_version":-1,"schema_name":"ColumnSpecsBase","schema_type":"Iced"},"name":"machine_locale","type":"string","format":"%s","description":"machine_locale"}],"rowcount":1,"data":[[""],[0],["127.0.0.1:54321"],["true"],["1633026199906"],[8],[0.8334041],[10283893],[4253226123],[0],[0],[48483008512],[106766008320],[16644],[4949],["\u0000"],[-1],["\u0000"],[8],["true"],[442499072],[4263510016],["Java 11.0.7 (from Oracle Corporation)"],["[]"],["Windows 10 10.0 (amd64)"],[17052135424],["en_US"]]},{"__meta":{"schema_version":3,"schema_name":"TwoDimTableV3","schema_type":"TwoDimTable"},"name":"Cluster Configuration","description":"","columns":[{"__meta":{"schema_version":-1,"schema_name":"ColumnSpecsBase","schema_type":"Iced"},"name":"","type":"string","format":"%s","description":""},{"__meta":{"schema_version":-1,"schema_name":"ColumnSpecsBase","schema_type":"Iced"},"name":"h2o_cluster_uptime","type":"long","format":"%d","description":"H2O cluster uptime"},{"__meta":{"schema_version":-1,"schema_name":"ColumnSpecsBase","schema_type":"Iced"},"name":"h2o_cluster_timezone","type":"string","format":"%s","description":"H2O cluster timezone"},{"__meta":{"schema_version":-1,"schema_name":"ColumnSpecsBase","schema_type":"Iced"},"name":"h2o_data_parsing_timezone","type":"string","format":"%s","description":"H2O data parsing timezone"},{"__meta":{"schema_version":-1,"schema_name":"ColumnSpecsBase","schema_type":"Iced"},"name":"h2o_cluster_version","type":"string","format":"%s","description":"H2O cluster version"},{"__meta":{"schema_version":-1,"schema_name":"ColumnSpecsBase","schema_type":"Iced"},"name":"h2o_cluster_version_age","type":"string","format":"%s","description":"H2O cluster version age"},{"__meta":{"schema_version":-1,"schema_name":"ColumnSpecsBase","schema_type":"Iced"},"name":"h2o_cluster_name","type":"string","format":"%s","description":"H2O cluster name"},{"__meta":{"schema_version":-1,"schema_name":"ColumnSpecsBase","schema_type":"Iced"},"name":"h2o_cluster_total_nodes","type":"int","format":"%d","description":"H2O cluster total nodes"},{"__meta":{"schema_version":-1,"schema_name":"ColumnSpecsBase","schema_type":"Iced"},"name":"h2o_cluster_free_memory","type":"long","format":"%d","description":"H2O cluster free memory"},{"__meta":{"schema_version":-1,"schema_name":"ColumnSpecsBase","schema_type":"Iced"},"name":"h2o_cluster_total_cores","type":"int","format":"%d","description":"H2O cluster total cores"},{"__meta":{"schema_version":-1,"schema_name":"ColumnSpecsBase","schema_type":"Iced"},"name":"h2o_cluster_allowed_cores","type":"int","format":"%d","description":"H2O cluster allowed cores"},{"__meta":{"schema_version":-1,"schema_name":"ColumnSpecsBase","schema_type":"Iced"},"name":"h2o_cluster_status","type":"string","format":"%s","description":"H2O cluster status"},{"__meta":{"schema_version":-1,"schema_name":"ColumnSpecsBase","schema_type":"Iced"},"name":"h2o_internal_security","type":"string","format":"%s","description":"H2O internal security"},{"__meta":{"schema_version":-1,"schema_name":"ColumnSpecsBase","schema_type":"Iced"},"name":"h2o_api_extensions","type":"string","format":"%s","description":"H2O API Extensions"}],"rowcount":1,"data":[[""],[27612],["Europe/Berlin"],["UTC"],["3.32.1.5"],["1 month and 26 days"],["H2O_from_python_alina_54531v"],[1],[4253226123],[8],[8],["locked, healthly"],["false"],["Amazon S3, Algos, AutoML, Core V3, TargetEncoder, Core V4"]]},{"__meta":{"schema_version":3,"schema_name":"TwoDimTableV3","schema_type":"TwoDimTable"},"name":"Input Frames Information","description":"","columns":[{"__meta":{"schema_version":-1,"schema_name":"ColumnSpecsBase","schema_type":"Iced"},"name":"","type":"string","format":"%s","description":""},{"__meta":{"schema_version":-1,"schema_name":"ColumnSpecsBase","schema_type":"Iced"},"name":"input_frame","type":"string","format":"%s","description":"Input Frame"},{"__meta":{"schema_version":-1,"schema_name":"ColumnSpecsBase","schema_type":"Iced"},"name":"checksum","type":"long","format":"%d","description":"Checksum"},{"__meta":{"schema_version":-1,"schema_name":"ColumnSpecsBase","schema_type":"Iced"},"name":"espc","type":"string","format":"%d","description":"ESPC"}],"rowcount":3,"data":[["","",""],["training_frame","validation_frame","calibration_frame"],[1509629188092175621,1509629256983806079,-1],["[0, 28]","[0, 5]","-1"]]}],"training_metrics":{"__meta":{"schema_version":3,"schema_name":"ModelMetricsRegressionV3","schema_type":"ModelMetricsRegression"},"model":{"__meta":{"schema_version":3,"schema_name":"ModelKeyV3","schema_type":"Key<Model>"},"name":"alc_free_all_gbm_model","type":"Key<Model>","URL":"/3/Models/alc_free_all_gbm_model"},"model_checksum":-2847189840386171008,"frame":{"__meta":{"schema_version":3,"schema_name":"FrameKeyV3","schema_type":"Key<Frame>"},"name":"py_37_sid_ad02","type":"Key<Frame>","URL":"/3/Frames/py_37_sid_ad02"},"frame_checksum":4150662762858700608,"description":null,"model_category":"Regression","scoring_time":1633026200863,"predictions":null,"MSE":1.9941102204927657,"RMSE":1.4121296755230257,"nobs":28,"custom_metric_name":null,"custom_metric_value":0.0,"r2":0.3938028643403143,"mean_residual_deviance":1.9941102204927657,"mae":0.9676678691591535,"rmsle":0.21584144139554876},"validation_metrics":{"__meta":{"schema_version":3,"schema_name":"ModelMetricsRegressionV3","schema_type":"ModelMetricsRegression"},"model":{"__meta":{"schema_version":3,"schema_name":"ModelKeyV3","schema_type":"Key<Model>"},"name":"alc_free_all_gbm_model","type":"Key<Model>","URL":"/3/Models/alc_free_all_gbm_model"},"model_checksum":-2847189840386171008,"frame":{"__meta":{"schema_version":3,"schema_name":"FrameKeyV3","schema_type":"Key<Frame>"},"name":"py_38_sid_ad02","type":"Key<Frame>","URL":"/3/Frames/py_38_sid_ad02"},"frame_checksum":-791700000182415792,"description":null,"model_category":"Regression","scoring_time":1633026200863,"predictions":null,"MSE":0.8682451657347879,"RMSE":0.9317967405688796,"nobs":5,"custom_metric_name":null,"custom_metric_value":0.0,"r2":0.0955779523595901,"mean_residual_deviance":0.8682451657347879,"mae":0.8675283194361587,"rmsle":0.1137558587883953},"cross_validation_metrics":{"__meta":{"schema_version":3,"schema_name":"ModelMetricsRegressionV3","schema_type":"ModelMetricsRegression"},"model":{"__meta":{"schema_version":3,"schema_name":"ModelKeyV3","schema_type":"Key<Model>"},"name":"alc_free_all_gbm_model","type":"Key<Model>","URL":"/3/Models/alc_free_all_gbm_model"},"model_checksum":-2847189840386171008,"frame":{"__meta":{"schema_version":3,"schema_name":"FrameKeyV3","schema_type":"Key<Frame>"},"name":"py_37_sid_ad02","type":"Key<Frame>","URL":"/3/Frames/py_37_sid_ad02"},"frame_checksum":4150662762858700608,"description":"4-fold cross-validation on training data (Metrics computed for combined holdout predictions)","model_category":"Regression","scoring_time":1633026200867,"predictions":null,"MSE":5.002963478529344,"RMSE":2.2367305332849874,"nobs":28,"custom_metric_name":null,"custom_metric_value":0.0,"r2":-0.5208698593125276,"mean_residual_deviance":5.002963478529344,"mae":1.5734717222905839,"rmsle":0.34812194258584134},"cross_validation_metrics_summary":{"__meta":{"schema_version":3,"schema_name":"TwoDimTableV3","schema_type":"TwoDimTable"},"name":"Cross-Validation Metrics Summary","description":"","columns":[{"__meta":{"schema_version":-1,"schema_name":"ColumnSpecsBase","schema_type":"Iced"},"name":"","type":"string","format":"%s","description":""},{"__meta":{"schema_version":-1,"schema_name":"ColumnSpecsBase","schema_type":"Iced"},"name":"mean","type":"string","format":"%s","description":"mean"},{"__meta":{"schema_version":-1,"schema_name":"ColumnSpecsBase","schema_type":"Iced"},"name":"sd","type":"string","format":"%s","description":"sd"},{"__meta":{"schema_version":-1,"schema_name":"ColumnSpecsBase","schema_type":"Iced"},"name":"cv_1_valid","type":"string","format":"%s","description":"cv_1_valid"},{"__meta":{"schema_version":-1,"schema_name":"ColumnSpecsBase","schema_type":"Iced"},"name":"cv_2_valid","type":"string","format":"%s","description":"cv_2_valid"},{"__meta":{"schema_version":-1,"schema_name":"ColumnSpecsBase","schema_type":"Iced"},"name":"cv_3_valid","type":"string","format":"%s","description":"cv_3_valid"},{"__meta":{"schema_version":-1,"schema_name":"ColumnSpecsBase","schema_type":"Iced"},"name":"cv_4_valid","type":"string","format":"%s","description":"cv_4_valid"}],"rowcount":7,"data":[["mae","mean_residual_deviance","mse","r2","residual_deviance","rmse","rmsle"],["1.4716341","4.1736565","4.1736565","-0.507632","4.1736565","1.9150758","0.2811662"],["0.5852381","3.3466525","3.3466525","0.9024231","3.3466525","0.82149523","0.15599109"],["2.2029097","8.583044","8.583044","-1.8515096","8.583044","2.9296832","0.463139"],["1.3301371","1.867723","1.867723","-0.20067905","1.867723","1.3666466","0.16080628"],["0.790218","1.3014951","1.3014951","0.062157985","1.3014951","1.1408309","0.1419601"],["1.5632716","4.9423633","4.9423633","-0.040497497","4.9423633","2.2231426","0.35875946"]]},"status":null,"start_time":1633026200756,"end_time":1633026200866,"run_time":110,"default_threshold":0.5,"help":{"domains":"Domains for categorical columns", "__meta":"Metadata on this schema instance, to make it self-describing.", "help":"Help information for output fields", "training_metrics":"Training data model metrics", "cross_validation_models":"Cross-validation models (model ids)", "cross_validation_predictions":"Cross-validation predictions, one per cv model (deprecated, use cross_validation_holdout_predictions_frame_id instead)", "cross_validation_metrics_summary":"Cross-validation model metrics summary", "status":"Job status", "reproducibility_information_table":"Model reproducibility information", "variable_importances":"Variable Importances", "model_summary":"Model summary", "end_time":"End time in milliseconds", "names":"Column names", "cross_validation_fold_assignment_frame_id":"Cross-validation fold assignment (each row is assigned to one holdout fold)", "run_time":"Runtime in milliseconds", "default_threshold":"Default threshold used for predictions", "scoring_history":"Scoring history", "cross_validation_holdout_predictions_frame_id":"Cross-validation holdout predictions (full out-of-sample predictions on training data)", "init_f":"The Intercept term, the initial model function value to which trees make adjustments", "model_category":"Category of the model (e.g., Binomial)", "column_types":"Column types", "original_names":"Original column names", "start_time":"Start time in milliseconds", "cv_scoring_history":"Cross-Validation scoring history", "cross_validation_metrics":"Cross-validation model metrics", "validation_metrics":"Validation data model metrics"},"variable_importances":{"__meta":{"schema_version":3,"schema_name":"TwoDimTableV3","schema_type":"TwoDimTable"},"name":"Variable Importances","description":"","columns":[{"__meta":{"schema_version":-1,"schema_name":"ColumnSpecsBase","schema_type":"Iced"},"name":"variable","type":"string","format":"%s","description":"Variable"},{"__meta":{"schema_version":-1,"schema_name":"ColumnSpecsBase","schema_type":"Iced"},"name":"relative_importance","type":"double","format":"%5f","description":"Relative Importance"},{"__meta":{"schema_version":-1,"schema_name":"ColumnSpecsBase","schema_type":"Iced"},"name":"scaled_importance","type":"double","format":"%5f","description":"Scaled Importance"},{"__meta":{"schema_version":-1,"schema_name":"ColumnSpecsBase","schema_type":"Iced"},"name":"percentage","type":"double","format":"%5f","description":"Percentage"}],"rowcount":2,"data":[["flavor","style"],[148.54833984375,42.35713577270508],[1.0,0.28514041838002546],[0.7781250871095805,0.22187491289041952]]},"init_f":6.821428571428571},"compatible_frames":null}
