{"__meta":{"schema_version":3,"schema_name":"DRFModelV3","schema_type":"DRFModel"},"model_id":{"__meta":{"schema_version":3,"schema_name":"ModelKeyV3","schema_type":"Key<Model>"},"name":"light_all_drf_model","type":"Key<Model>","URL":"/3/Models/light_all_drf_model"},"algo":"drf","algo_full_name":"Distributed Random Forest","response_column_name":"rating","data_frame":{"__meta":{"schema_version":3,"schema_name":"FrameKeyV3","schema_type":"Key<Frame>"},"name":"py_21_sid_ad02","type":"Key<Frame>","URL":"/3/Frames/py_21_sid_ad02"},"timestamp":1633026194784,"have_pojo":true,"have_mojo":true,"algo":"drf","algo_full_name":"Distributed Random Forest","model_id":{"__meta":{"schema_version":3,"schema_name":"ModelKeyV3","schema_type":"Key<Model>"},"name":"light_all_drf_model","type":"Key<Model>","URL":"/3/Models/light_all_drf_model"},"parameters":[{"__meta":{"schema_version":3,"schema_name":"ModelParameterSchemaV3","schema_type":"Iced"},"name":"model_id","label":"model_id","help":"Destination id for this model; auto-generated if not specified.","required":false,"type":"Key<Model>","default_value":null,"actual_value":{"__meta":{"schema_version":3,"schema_name":"ModelKeyV3","schema_type":"Key<Model>"},"name":"light_all_drf_model","type":"Key<Model>","URL":"/3/Models/light_all_drf_model"},"input_value":null,"level":"critical","values":[],"is_member_of_frames":[],"is_mutually_exclusive_with":[],"gridable":false},{"__meta":{"schema_version":3,"schema_name":"ModelParameterSchemaV3","schema_type":"Iced"},"name":"training_frame","label":"training_frame","help":"Id of the training data frame.","required":false,"type":"Key<Frame>","default_value":null,"actual_value":{"__meta":{"schema_version":3,"schema_name":"FrameKeyV3","schema_type":"Key<Frame>"},"name":"py_21_sid_ad02","type":"Key<Frame>","URL":"/3/Frames/py_21_sid_ad02"},"input_value":{"__meta":{"schema_version":3,"schema_name":"FrameKeyV3","schema_type":"Key<Frame>"},"name":"py_21_sid_ad02","type":"Key<Frame>","URL":"/3/Frames/py_21_sid_ad02"},"level":"critical","values":[],"is_member_of_frames":[],"is_mutually_exclusive_with":[],"gridable":false},{"__meta":{"schema_version":3,"schema_name":"ModelParameterSchemaV3","schema_type":"Iced"},"name":"validation_frame","label":"validation_frame","help":"Id of the validation data frame.","required":false,"type":"Key<Frame>","default_value":null,"actual_value":{"__meta":{"schema_version":3,"schema_name":"FrameKeyV3","schema_type":"Key<Frame>"},"name":"py_22_sid_ad02","type":"Key<Frame>","URL":"/3/Frames/py_22_sid_ad02"},"input_value":{"__meta":{"schema_version":3,"schema_name":"FrameKeyV3","schema_type":"Key<Frame>"},"name":"py_22_sid_ad02","type":"Key<Frame>","URL":"/3/Frames/py_22_sid_ad02"},"level":"critical","values":[],"is_member_of_frames":[],"is_mutually_exclusive_with":[],"gridable":true},{"__meta":{"schema_version":3,"schema_name":"ModelParameterSchemaV3","schema_type":"Iced"},"name":"nfolds","label":"nfolds","help":"Number of folds for K-fold cross-validation (0 to disable or >= 2).","required":false,"type":"int","default_value":0,"actual_value":4,"input_value":4,"level":"critical","values":[],"is_member_of_frames":[],"is_mutually_exclusive_with":[],"gridable":false},{"__meta":{"schema_version":3,"schema_name":"ModelParameterSchemaV3","schema_type":"Iced"},"name":"keep_cross_validation_models","label":"keep_cross_validation_models","help":"Whether to keep the cross-validation models.","required":false,"type":"boolean","default_value":true,"actual_value":true,"input_value":true,"level":"expert","values":[],"is_member_of_frames":[],"is_mutually_exclusive_with":[],"gridable":false},{"__meta":{"schema_version":3,"schema_name":"ModelParameterSchemaV3","schema_type":"Iced"},"name":"keep_cross_validation_predictions","label":"keep_cross_validation_predictions","help":"Whether to keep the predictions of the cross-validation models.","required":false,"type":"boolean","default_value":false,"actual_value":false,"input_value":false,"level":"expert","values":[],"is_member_of_frames":[],"is_mutually_exclusive_with":[],"gridable":false},{"__meta":{"schema_version":3,"schema_name":"ModelParameterSchemaV3","schema_type":"Iced"},"name":"keep_cross_validation_fold_assignment","label":"keep_cross_validation_fold_assignment","help":"Whether to keep the cross-validation fold assignment.","required":false,"type":"boolean","default_value":false,"actual_value":false,"input_value":false,"level":"expert","values":[],"is_member_of_frames":[],"is_mutually_exclusive_with":[],"gridable":false},{"__meta":{"schema_version":3,"schema_name":"ModelParameterSchemaV3","schema_type":"Iced"},"name":"score_each_iteration","label":"score_each_iteration","help":"Whether to score during each iteration of model training.","required":false,"type":"boolean","default_value":false,"actual_value":false,"input_value":false,"level":"secondary","values":[],"is_member_of_frames":[],"is_mutually_exclusive_with":[],"gridable":false},{"__meta":{"schema_version":3,"schema_name":"ModelParameterSchemaV3","schema_type":"Iced"},"name":"score_tree_interval","label":"score_tree_interval","help":"Score the model after every so many trees. Disabled if set to 0.","required":false,"type":"int","default_value":0,"actual_value":0,"input_value":0,"level":"secondary","values":[],"is_member_of_frames":[],"is_mutually_exclusive_with":[],"gridable":false},{"__meta":{"schema_version":3,"schema_name":"ModelParameterSchemaV3","schema_type":"Iced"},"name":"fold_assignment","label":"fold_assignment","help":"Cross-validation fold assignment scheme, if fold_column is not specified. The 'Stratified' option will stratify the folds based on the response variable, for classification problems.","required":false,"type":"enum","default_value":"AUTO","actual_value":"Random","input_value":"Random","level":"secondary","values":["AUTO","Random","Modulo","Stratified"],"is_member_of_frames":[],"is_mutually_exclusive_with":[],"gridable":true},{"__meta":{"schema_version":3,"schema_name":"ModelParameterSchemaV3","schema_type":"Iced"},"name":"fold_column","label":"fold_column","help":"Column with cross-validation fold index assignment per observation.","required":false,"type":"VecSpecifier","default_value":null,"actual_value":null,"input_value":null,"level":"secondary","values":[],"is_member_of_frames":["training_frame"],"is_mutually_exclusive_with":["response_column","weights_column","ignored_columns","offset_column"],"gridable":true},{"__meta":{"schema_version":3,"schema_name":"ModelParameterSchemaV3","schema_type":"Iced"},"name":"response_column","label":"response_column","help":"Response variable column.","required":false,"type":"VecSpecifier","default_value":null,"actual_value":{"__meta":{"schema_version":3,"schema_name":"ColSpecifierV3","schema_type":"VecSpecifier"},"column_name":"rating","is_member_of_frames":null},"input_value":{"__meta":{"schema_version":3,"schema_name":"ColSpecifierV3","schema_type":"VecSpecifier"},"column_name":"rating","is_member_of_frames":null},"level":"critical","values":[],"is_member_of_frames":["training_frame","validation_frame"],"is_mutually_exclusive_with":["weights_column","ignored_columns","offset_column","fold_column"],"gridable":true},{"__meta":{"schema_version":3,"schema_name":"ModelParameterSchemaV3","schema_type":"Iced"},"name":"ignored_columns","label":"ignored_columns","help":"Names of columns to ignore for training.","required":false,"type":"string[]","default_value":null,"actual_value":["filtration","occurrence","name","pasteurization","method","perception","split","fermentation"],"input_value":["filtration","occurrence","name","pasteurization","method","perception","split","fermentation"],"level":"critical","values":[],"is_member_of_frames":["training_frame","validation_frame"],"is_mutually_exclusive_with":["response_column","weights_column","offset_column","fold_column"],"gridable":false},{"__meta":{"schema_version":3,"schema_name":"ModelParameterSchemaV3","schema_type":"Iced"},"name":"ignore_const_cols","label":"ignore_const_cols","help":"Ignore constant columns.","required":false,"type":"boolean","default_value":true,"actual_value":true,"input_value":true,"level":"critical","values":[],"is_member_of_frames":[],"is_mutually_exclusive_with":[],"gridable":false},{"__meta":{"schema_version":3,"schema_name":"ModelParameterSchemaV3","schema_type":"Iced"},"name":"offset_column","label":"offset_column","help":"Offset column. This will be added to the combination of columns before applying the link function.","required":false,"type":"VecSpecifier","default_value":null,"actual_value":null,"input_value":null,"level":"secondary","values":[],"is_member_of_frames":["training_frame","validation_frame"],"is_mutually_exclusive_with":["response_column","weights_column","ignored_columns","fold_column"],"gridable":true},{"__meta":{"schema_version":3,"schema_name":"ModelParameterSchemaV3","schema_type":"Iced"},"name":"weights_column","label":"weights_column","help":"Column with observation weights. Giving some observation a weight of zero is equivalent to excluding it from the dataset; giving an observation a relative weight of 2 is equivalent to repeating that row twice. Negative weights are not allowed. Note: Weights are per-row observation weights and do not increase the size of the data frame. This is typically the number of times a row is repeated, but non-integer values are supported as well. During training, rows with higher weights matter more, due to the larger loss function pre-factor.","required":false,"type":"VecSpecifier","default_value":null,"actual_value":null,"input_value":null,"level":"secondary","values":[],"is_member_of_frames":["training_frame","validation_frame"],"is_mutually_exclusive_with":["response_column","ignored_columns","offset_column","fold_column"],"gridable":true},{"__meta":{"schema_version":3,"schema_name":"ModelParameterSchemaV3","schema_type":"Iced"},"name":"balance_classes","label":"balance_classes","help":"Balance training data class counts via over/under-sampling (for imbalanced data).","required":false,"type":"boolean","default_value":false,"actual_value":false,"input_value":false,"level":"secondary","values":[],"is_member_of_frames":[],"is_mutually_exclusive_with":[],"gridable":true},{"__meta":{"schema_version":3,"schema_name":"ModelParameterSchemaV3","schema_type":"Iced"},"name":"class_sampling_factors","label":"class_sampling_factors","help":"Desired over/under-sampling ratios per class (in lexicographic order). If not specified, sampling factors will be automatically computed to obtain class balance during training. Requires balance_classes.","required":false,"type":"float[]","default_value":null,"actual_value":null,"input_value":null,"level":"expert","values":[],"is_member_of_frames":[],"is_mutually_exclusive_with":[],"gridable":true},{"__meta":{"schema_version":3,"schema_name":"ModelParameterSchemaV3","schema_type":"Iced"},"name":"max_after_balance_size","label":"max_after_balance_size","help":"Maximum relative size of the training data after balancing class counts (can be less than 1.0). Requires balance_classes.","required":false,"type":"float","default_value":5.0,"actual_value":5.0,"input_value":5.0,"level":"expert","values":[],"is_member_of_frames":[],"is_mutually_exclusive_with":[],"gridable":true},{"__meta":{"schema_version":3,"schema_name":"ModelParameterSchemaV3","schema_type":"Iced"},"name":"max_confusion_matrix_size","label":"max_confusion_matrix_size","help":"[Deprecated] Maximum size (# classes) for confusion matrices to be printed in the Logs","required":false,"type":"int","default_value":20,"actual_value":20,"input_value":20,"level":"secondary","values":[],"is_member_of_frames":[],"is_mutually_exclusive_with":[],"gridable":false},{"__meta":{"schema_version":3,"schema_name":"ModelParameterSchemaV3","schema_type":"Iced"},"name":"ntrees","label":"ntrees","help":"Number of trees.","required":false,"type":"int","default_value":50,"actual_value":50,"input_value":50,"level":"critical","values":[],"is_member_of_frames":[],"is_mutually_exclusive_with":[],"gridable":true},{"__meta":{"schema_version":3,"schema_name":"ModelParameterSchemaV3","schema_type":"Iced"},"name":"max_depth","label":"max_depth","help":"Maximum tree depth (0 for unlimited).","required":false,"type":"int","default_value":20,"actual_value":20,"input_value":20,"level":"critical","values":[],"is_member_of_frames":[],"is_mutually_exclusive_with":[],"gridable":true},{"__meta":{"schema_version":3,"schema_name":"ModelParameterSchemaV3","schema_type":"Iced"},"name":"min_rows","label":"min_rows","help":"Fewest allowed (weighted) observations in a leaf.","required":false,"type":"double","default_value":1.0,"actual_value":1.0,"input_value":1.0,"level":"critical","values":[],"is_member_of_frames":[],"is_mutually_exclusive_with":[],"gridable":true},{"__meta":{"schema_version":3,"schema_name":"ModelParameterSchemaV3","schema_type":"Iced"},"name":"nbins","label":"nbins","help":"For numerical columns (real/int), build a histogram of (at least) this many bins, then split at the best point","required":false,"type":"int","default_value":20,"actual_value":13,"input_value":13,"level":"critical","values":[],"is_member_of_frames":[],"is_mutually_exclusive_with":[],"gridable":true},{"__meta":{"schema_version":3,"schema_name":"ModelParameterSchemaV3","schema_type":"Iced"},"name":"nbins_top_level","label":"nbins_top_level","help":"For numerical columns (real/int), build a histogram of (at most) this many bins at the root level, then decrease by factor of two per level","required":false,"type":"int","default_value":1024,"actual_value":16,"input_value":16,"level":"secondary","values":[],"is_member_of_frames":[],"is_mutually_exclusive_with":[],"gridable":true},{"__meta":{"schema_version":3,"schema_name":"ModelParameterSchemaV3","schema_type":"Iced"},"name":"nbins_cats","label":"nbins_cats","help":"For categorical columns (factors), build a histogram of this many bins, then split at the best point. Higher values can lead to more overfitting.","required":false,"type":"int","default_value":1024,"actual_value":1024,"input_value":1024,"level":"secondary","values":[],"is_member_of_frames":[],"is_mutually_exclusive_with":[],"gridable":true},{"__meta":{"schema_version":3,"schema_name":"ModelParameterSchemaV3","schema_type":"Iced"},"name":"r2_stopping","label":"r2_stopping","help":"r2_stopping is no longer supported and will be ignored if set - please use stopping_rounds, stopping_metric and stopping_tolerance instead. Previous version of H2O would stop making trees when the R^2 metric equals or exceeds this","required":false,"type":"double","default_value":1.7976931348623157E308,"actual_value":1.7976931348623157E308,"input_value":1.7976931348623157E308,"level":"secondary","values":[],"is_member_of_frames":[],"is_mutually_exclusive_with":[],"gridable":true},{"__meta":{"schema_version":3,"schema_name":"ModelParameterSchemaV3","schema_type":"Iced"},"name":"stopping_rounds","label":"stopping_rounds","help":"Early stopping based on convergence of stopping_metric. Stop if simple moving average of length k of the stopping_metric does not improve for k:=stopping_rounds scoring events (0 to disable)","required":false,"type":"int","default_value":0,"actual_value":0,"input_value":0,"level":"secondary","values":[],"is_member_of_frames":[],"is_mutually_exclusive_with":[],"gridable":true},{"__meta":{"schema_version":3,"schema_name":"ModelParameterSchemaV3","schema_type":"Iced"},"name":"stopping_metric","label":"stopping_metric","help":"Metric to use for early stopping (AUTO: logloss for classification, deviance for regression and anonomaly_score for Isolation Forest). Note that custom and custom_increasing can only be used in GBM and DRF with the Python client.","required":false,"type":"enum","default_value":"AUTO","actual_value":null,"input_value":"AUTO","level":"secondary","values":["AUTO","deviance","logloss","MSE","RMSE","MAE","RMSLE","AUC","AUCPR","lift_top_group","misclassification","mean_per_class_error","anomaly_score","custom","custom_increasing"],"is_member_of_frames":[],"is_mutually_exclusive_with":[],"gridable":true},{"__meta":{"schema_version":3,"schema_name":"ModelParameterSchemaV3","schema_type":"Iced"},"name":"stopping_tolerance","label":"stopping_tolerance","help":"Relative tolerance for metric-based stopping criterion (stop if relative improvement is not at least this much)","required":false,"type":"double","default_value":0.001,"actual_value":0.001,"input_value":0.001,"level":"secondary","values":[],"is_member_of_frames":[],"is_mutually_exclusive_with":[],"gridable":true},{"__meta":{"schema_version":3,"schema_name":"ModelParameterSchemaV3","schema_type":"Iced"},"name":"max_runtime_secs","label":"max_runtime_secs","help":"Maximum allowed runtime in seconds for model training. Use 0 to disable.","required":false,"type":"double","default_value":0.0,"actual_value":0.0,"input_value":0.0,"level":"secondary","values":[],"is_member_of_frames":[],"is_mutually_exclusive_with":[],"gridable":true},{"__meta":{"schema_version":3,"schema_name":"ModelParameterSchemaV3","schema_type":"Iced"},"name":"seed","label":"seed","help":"Seed for pseudo random number generator (if applicable)","required":false,"type":"long","default_value":-1,"actual_value":12,"input_value":12,"level":"critical","values":[],"is_member_of_frames":[],"is_mutually_exclusive_with":[],"gridable":true},{"__meta":{"schema_version":3,"schema_name":"ModelParameterSchemaV3","schema_type":"Iced"},"name":"build_tree_one_node","label":"build_tree_one_node","help":"Run on one node only; no network overhead but fewer cpus used. Suitable for small datasets.","required":false,"type":"boolean","default_value":false,"actual_value":true,"input_value":true,"level":"expert","values":[],"is_member_of_frames":[],"is_mutually_exclusive_with":[],"gridable":false},{"__meta":{"schema_version":3,"schema_name":"ModelParameterSchemaV3","schema_type":"Iced"},"name":"mtries","label":"mtries","help":"Number of variables randomly sampled as candidates at each split. If set to -1, defaults to sqrt{p} for classification and p/3 for regression (where p is the # of predictors","required":false,"type":"int","default_value":-1,"actual_value":3,"input_value":3,"level":"critical","values":[],"is_member_of_frames":[],"is_mutually_exclusive_with":[],"gridable":true},{"__meta":{"schema_version":3,"schema_name":"ModelParameterSchemaV3","schema_type":"Iced"},"name":"sample_rate","label":"sample_rate","help":"Row sample rate per tree (from 0.0 to 1.0)","required":false,"type":"double","default_value":0.632,"actual_value":0.632,"input_value":0.632,"level":"critical","values":[],"is_member_of_frames":[],"is_mutually_exclusive_with":[],"gridable":true},{"__meta":{"schema_version":3,"schema_name":"ModelParameterSchemaV3","schema_type":"Iced"},"name":"sample_rate_per_class","label":"sample_rate_per_class","help":"A list of row sample rates per class (relative fraction for each class, from 0.0 to 1.0), for each tree","required":false,"type":"double[]","default_value":null,"actual_value":null,"input_value":null,"level":"expert","values":[],"is_member_of_frames":[],"is_mutually_exclusive_with":[],"gridable":true},{"__meta":{"schema_version":3,"schema_name":"ModelParameterSchemaV3","schema_type":"Iced"},"name":"binomial_double_trees","label":"binomial_double_trees","help":"For binary classification: Build 2x as many trees (one per class) - can lead to higher accuracy.","required":false,"type":"boolean","default_value":false,"actual_value":false,"input_value":false,"level":"expert","values":[],"is_member_of_frames":[],"is_mutually_exclusive_with":[],"gridable":false},{"__meta":{"schema_version":3,"schema_name":"ModelParameterSchemaV3","schema_type":"Iced"},"name":"checkpoint","label":"checkpoint","help":"Model checkpoint to resume training with.","required":false,"type":"Key<Model>","default_value":null,"actual_value":null,"input_value":null,"level":"secondary","values":[],"is_member_of_frames":[],"is_mutually_exclusive_with":[],"gridable":false},{"__meta":{"schema_version":3,"schema_name":"ModelParameterSchemaV3","schema_type":"Iced"},"name":"col_sample_rate_change_per_level","label":"col_sample_rate_change_per_level","help":"Relative change of the column sampling rate for every level (must be > 0.0 and <= 2.0)","required":false,"type":"double","default_value":1.0,"actual_value":1.0,"input_value":1.0,"level":"expert","values":[],"is_member_of_frames":[],"is_mutually_exclusive_with":[],"gridable":true},{"__meta":{"schema_version":3,"schema_name":"ModelParameterSchemaV3","schema_type":"Iced"},"name":"col_sample_rate_per_tree","label":"col_sample_rate_per_tree","help":"Column sample rate per tree (from 0.0 to 1.0)","required":false,"type":"double","default_value":1.0,"actual_value":1.0,"input_value":1.0,"level":"secondary","values":[],"is_member_of_frames":[],"is_mutually_exclusive_with":[],"gridable":true},{"__meta":{"schema_version":3,"schema_name":"ModelParameterSchemaV3","schema_type":"Iced"},"name":"min_split_improvement","label":"min_split_improvement","help":"Minimum relative improvement in squared error reduction for a split to happen","required":false,"type":"double","default_value":1.0E-5,"actual_value":1.0E-5,"input_value":1.0E-5,"level":"secondary","values":[],"is_member_of_frames":[],"is_mutually_exclusive_with":[],"gridable":true},{"__meta":{"schema_version":3,"schema_name":"ModelParameterSchemaV3","schema_type":"Iced"},"name":"histogram_type","label":"histogram_type","help":"What type of histogram to use for finding optimal split points","required":false,"type":"enum","default_value":"AUTO","actual_value":"UniformAdaptive","input_value":"AUTO","level":"secondary","values":["AUTO","UniformAdaptive","Random","QuantilesGlobal","RoundRobin"],"is_member_of_frames":[],"is_mutually_exclusive_with":[],"gridable":true},{"__meta":{"schema_version":3,"schema_name":"ModelParameterSchemaV3","schema_type":"Iced"},"name":"categorical_encoding","label":"categorical_encoding","help":"Encoding scheme for categorical features","required":false,"type":"enum","default_value":"AUTO","actual_value":"Enum","input_value":"Enum","level":"secondary","values":["AUTO","Enum","OneHotInternal","OneHotExplicit","Binary","Eigen","LabelEncoder","SortByResponse","EnumLimited"],"is_member_of_frames":[],"is_mutually_exclusive_with":[],"gridable":true},{"__meta":{"schema_version":3,"schema_name":"ModelParameterSchemaV3","schema_type":"Iced"},"name":"calibrate_model","label":"calibrate_model","help":"Use Platt Scaling to calculate calibrated class probabilities. Calibration can provide more accurate estimates of class probabilities.","required":false,"type":"boolean","default_value":false,"actual_value":false,"input_value":false,"level":"expert","values":[],"is_member_of_frames":[],"is_mutually_exclusive_with":[],"gridable":false},{"__meta":{"schema_version":3,"schema_name":"ModelParameterSchemaV3","schema_type":"Iced"},"name":"calibration_frame","label":"calibration_frame","help":"Calibration frame for Platt Scaling","required":false,"type":"Key<Frame>","default_value":null,"actual_value":null,"input_value":null,"level":"expert","values":[],"is_member_of_frames":[],"is_mutually_exclusive_with":[],"gridable":false},{"__meta":{"schema_version":3,"schema_name":"ModelParameterSchemaV3","schema_type":"Iced"},"name":"distribution","label":"distribution","help":"Distribution function","required":false,"type":"enum","default_value":"AUTO","actual_value":"gaussian","input_value":"gaussian","level":"secondary","values":["AUTO","bernoulli","quasibinomial","ordinal","multinomial","gaussian","poisson","gamma","tweedie","laplace","quantile","huber","custom"],"is_member_of_frames":[],"is_mutually_exclusive_with":[],"gridable":true},{"__meta":{"schema_version":3,"schema_name":"ModelParameterSchemaV3","schema_type":"Iced"},"name":"custom_metric_func","label":"custom_metric_func","help":"Reference to custom evaluation function, format: `language:keyName=funcName`","required":false,"type":"string","default_value":null,"actual_value":null,"input_value":null,"level":"secondary","values":[],"is_member_of_frames":[],"is_mutually_exclusive_with":[],"gridable":false},{"__meta":{"schema_version":3,"schema_name":"ModelParameterSchemaV3","schema_type":"Iced"},"name":"export_checkpoints_dir","label":"export_checkpoints_dir","help":"Automatically export generated models to this directory.","required":false,"type":"string","default_value":null,"actual_value":null,"input_value":null,"level":"secondary","values":[],"is_member_of_frames":[],"is_mutually_exclusive_with":[],"gridable":false},{"__meta":{"schema_version":3,"schema_name":"ModelParameterSchemaV3","schema_type":"Iced"},"name":"check_constant_response","label":"check_constant_response","help":"Check if response column is constant. If enabled, then an exception is thrown if the response column is a constant value.If disabled, then model will train regardless of the response column being a constant value or not.","required":false,"type":"boolean","default_value":true,"actual_value":true,"input_value":true,"level":"expert","values":[],"is_member_of_frames":[],"is_mutually_exclusive_with":[],"gridable":false},{"__meta":{"schema_version":3,"schema_name":"ModelParameterSchemaV3","schema_type":"Iced"},"name":"gainslift_bins","label":"gainslift_bins","help":"Gains/Lift table number of bins. 0 means disabled.. Default value -1 means automatic binning.","required":false,"type":"int","default_value":-1,"actual_value":-1,"input_value":-1,"level":"secondary","values":[],"is_member_of_frames":[],"is_mutually_exclusive_with":[],"gridable":false},{"__meta":{"schema_version":3,"schema_name":"ModelParameterSchemaV3","schema_type":"Iced"},"name":"auc_type","label":"auc_type","help":"Set default multinomial AUC type.","required":false,"type":"enum","default_value":"AUTO","actual_value":"AUTO","input_value":"AUTO","level":"secondary","values":["AUTO","NONE","MACRO_OVR","WEIGHTED_OVR","MACRO_OVO","WEIGHTED_OVO"],"is_member_of_frames":[],"is_mutually_exclusive_with":[],"gridable":true}],"output":{"__meta":{"schema_version":3,"schema_name":"DRFModelOutputV3","schema_type":"DRFOutput"},"names":["style","flavor","abv","rating"],"original_names":null,"column_types":["Enum","Enum","Numeric","Numeric"],"domains":[["alt","keller","lager","mix","pils","wheat"],["fruit","lemon","standard"],null,null],"cross_validation_models":[{"__meta":{"schema_version":3,"schema_name":"ModelKeyV3","schema_type":"Key<Model>"},"name":"light_all_drf_model_cv_1","type":"Key<Model>","URL":"/3/Models/light_all_drf_model_cv_1"},{"__meta":{"schema_version":3,"schema_name":"ModelKeyV3","schema_type":"Key<Model>"},"name":"light_all_drf_model_cv_2","type":"Key<Model>","URL":"/3/Models/light_all_drf_model_cv_2"},{"__meta":{"schema_version":3,"schema_name":"ModelKeyV3","schema_type":"Key<Model>"},"name":"light_all_drf_model_cv_3","type":"Key<Model>","URL":"/3/Models/light_all_drf_model_cv_3"},{"__meta":{"schema_version":3,"schema_name":"ModelKeyV3","schema_type":"Key<Model>"},"name":"light_all_drf_model_cv_4","type":"Key<Model>","URL":"/3/Models/light_all_drf_model_cv_4"}],"cross_validation_predictions":null,"cross_validation_holdout_predictions_frame_id":null,"cross_validation_fold_assignment_frame_id":null,"model_category":"Regression","model_summary":{"__meta":{"schema_version":3,"schema_name":"TwoDimTableV3","schema_type":"TwoDimTable"},"name":"Model Summary","description":"","columns":[{"__meta":{"schema_version":-1,"schema_name":"ColumnSpecsBase","schema_type":"Iced"},"name":"","type":"string","format":"%s","description":""},{"__meta":{"schema_version":-1,"schema_name":"ColumnSpecsBase","schema_type":"Iced"},"name":"number_of_trees","type":"long","format":"%d","description":"Number of Trees"},{"__meta":{"schema_version":-1,"schema_name":"ColumnSpecsBase","schema_type":"Iced"},"name":"number_of_internal_trees","type":"long","format":"%d","description":"Number of Internal Trees"},{"__meta":{"schema_version":-1,"schema_name":"ColumnSpecsBase","schema_type":"Iced"},"name":"model_size_in_bytes","type":"long","format":"%d","description":"Model Size in Bytes"},{"__meta":{"schema_version":-1,"schema_name":"ColumnSpecsBase","schema_type":"Iced"},"name":"min_depth","type":"long","format":"%d","description":"Min. Depth"},{"__meta":{"schema_version":-1,"schema_name":"ColumnSpecsBase","schema_type":"Iced"},"name":"max_depth","type":"long","format":"%d","description":"Max. Depth"},{"__meta":{"schema_version":-1,"schema_name":"ColumnSpecsBase","schema_type":"Iced"},"name":"mean_depth","type":"double","format":"%.5f","description":"Mean Depth"},{"__meta":{"schema_version":-1,"schema_name":"ColumnSpecsBase","schema_type":"Iced"},"name":"min_leaves","type":"long","format":"%d","description":"Min. Leaves"},{"__meta":{"schema_version":-1,"schema_name":"ColumnSpecsBase","schema_type":"Iced"},"name":"max_leaves","type":"long","format":"%d","description":"Max. Leaves"},{"__meta":{"schema_version":-1,"schema_name":"ColumnSpecsBase","schema_type":"Iced"},"name":"mean_leaves","type":"double","format":"%.5f","description":"Mean Leaves"}],"rowcount":1,"data":[[""],[50],[50],[7720],[2],[7],[5.5],[4],[11],[7.68]]},"scoring_history":{"__meta":{"schema_version":3,"schema_name":"TwoDimTableV3","schema_type":"TwoDimTable"},"name":"Scoring History","description":"","columns":[{"__meta":{"schema_version":-1,"schema_name":"ColumnSpecsBase","schema_type":"Iced"},"name":"","type":"string","format":"%s","description":""},{"__meta":{"schema_version":-1,"schema_name":"ColumnSpecsBase","schema_type":"Iced"},"name":"timestamp","type":"string","format":"%s","description":"Timestamp"},{"__meta":{"schema_version":-1,"schema_name":"ColumnSpecsBase","schema_type":"Iced"},"name":"duration","type":"string","format":"%s","description":"Duration"},{"__meta":{"schema_version":-1,"schema_name":"ColumnSpecsBase","schema_type":"Iced"},"name":"number_of_trees","type":"long","format":"%d","description":"Number of Trees"},{"__meta":{"schema_version":-1,"schema_name":"ColumnSpecsBase","schema_type":"Iced"},"name":"training_rmse","type":"double","format":"%.5f","description":"Training RMSE"},{"__meta":{"schema_version":-1,"schema_name":"ColumnSpecsBase","schema_type":"Iced"},"name":"training_mae","type":"double","format":"%.5f","description":"Training MAE"},{"__meta":{"schema_version":-1,"schema_name":"ColumnSpecsBase","schema_type":"Iced"},"name":"training_deviance","type":"double","format":"%.5f","description":"Training Deviance"},{"__meta":{"schema_version":-1,"schema_name":"ColumnSpecsBase","schema_type":"Iced"},"name":"validation_rmse","type":"double","format":"%.5f","description":"Validation RMSE"},{"__meta":{"schema_version":-1,"schema_name":"ColumnSpecsBase","schema_type":"Iced"},"name":"validation_mae","type":"double","format":"%.5f","description":"Validation MAE"},{"__meta":{"schema_version":-1,"schema_name":"ColumnSpecsBase","schema_type":"Iced"},"name":"validation_deviance","type":"double","format":"%.5f","description":"Validation Deviance"}],"rowcount":51,"data":[["","","","","","","","","","","","","","","","","","","","","","","","","","","","","","","","","","","","","","","","","","","","","","","","","","",""],["2021-09-30 20:23:14","2021-09-30 20:23:14","2021-09-30 20:23:14","2021-09-30 20:23:14","2021-09-30 20:23:14","2021-09-30 20:23:14","2021-09-30 20:23:14","2021-09-30 20:23:14","2021-09-30 20:23:14","2021-09-30 20:23:14","2021-09-30 20:23:14","2021-09-30 20:23:14","2021-09-30 20:23:14","2021-09-30 20:23:14","2021-09-30 20:23:14","2021-09-30 20:23:14","2021-09-30 20:23:14","2021-09-30 20:23:14","2021-09-30 20:23:14","2021-09-30 20:23:14","2021-09-30 20:23:14","2021-09-30 20:23:14","2021-09-30 20:23:14","2021-09-30 20:23:14","2021-09-30 20:23:14","2021-09-30 20:23:14","2021-09-30 20:23:14","2021-09-30 20:23:14","2021-09-30 20:23:14","2021-09-30 20:23:14","2021-09-30 20:23:14","2021-09-30 20:23:14","2021-09-30 20:23:14","2021-09-30 20:23:14","2021-09-30 20:23:14","2021-09-30 20:23:14","2021-09-30 20:23:14","2021-09-30 20:23:14","2021-09-30 20:23:14","2021-09-30 20:23:14","2021-09-30 20:23:14","2021-09-30 20:23:14","2021-09-30 20:23:14","2021-09-30 20:23:14","2021-09-30 20:23:14","2021-09-30 20:23:14","2021-09-30 20:23:14","2021-09-30 20:23:14","2021-09-30 20:23:14","2021-09-30 20:23:14","2021-09-30 20:23:14"],[" 0.140 sec"," 0.143 sec"," 0.145 sec"," 0.147 sec"," 0.148 sec"," 0.150 sec"," 0.152 sec"," 0.153 sec"," 0.154 sec"," 0.156 sec"," 0.159 sec"," 0.161 sec"," 0.163 sec"," 0.165 sec"," 0.167 sec"," 0.169 sec"," 0.170 sec"," 0.172 sec"," 0.175 sec"," 0.176 sec"," 0.178 sec"," 0.181 sec"," 0.182 sec"," 0.184 sec"," 0.185 sec"," 0.188 sec"," 0.190 sec"," 0.192 sec"," 0.193 sec"," 0.195 sec"," 0.197 sec"," 0.199 sec"," 0.201 sec"," 0.203 sec"," 0.206 sec"," 0.208 sec"," 0.210 sec"," 0.212 sec"," 0.214 sec"," 0.215 sec"," 0.217 sec"," 0.219 sec"," 0.221 sec"," 0.223 sec"," 0.225 sec"," 0.228 sec"," 0.230 sec"," 0.232 sec"," 0.235 sec"," 0.237 sec"," 0.239 sec"],[0,1,2,3,4,5,6,7,8,9,10,11,12,13,14,15,16,17,18,19,20,21,22,23,24,25,26,27,28,29,30,31,32,33,34,35,36,37,38,39,40,41,42,43,44,45,46,47,48,49,50],["NaN",1.1547005383792515,1.08397416943394,1.3734495390671027,1.3945993716502985,1.2377875647927457,1.2057528226303456,1.234008824027518,1.2324656826556397,1.2220154646871362,1.2340041492551643,1.234977304695958,1.1715906667059626,1.182853627853326,1.195540137262224,1.2096947880376452,1.195715240764107,1.2215189569886622,1.2264120403244052,1.2409964402052545,1.236604233804435,1.2416825596291658,1.244355216905475,1.1939543440727276,1.1956347121911697,1.2003733850851506,1.1953496965727601,1.163212953503275,1.1444050277368931,1.1514590255713644,1.130457926078551,1.1347020110276305,1.1383659477948498,1.1410032137702886,1.145807118390535,1.1435229694077187,1.1413832175627676,1.124779828015124,1.1189574777166298,1.1086997881419218,1.1115537914257656,1.1167184512657145,1.1235535094773834,1.1198751255413362,1.1187649222609248,1.1130743544152817,1.1131020729088448,1.1115156693921748,1.1106530098857375,1.1111692355852432,1.111373464518292],["NaN",1.0,0.95,1.1363636363636365,1.172222222222222,1.0729166666666665,1.034313725490196,1.0685185185185186,1.0640432357788088,1.0680555785143817,1.0958333562921594,1.1021605226728652,1.0179012439869068,1.0284832545689175,1.0355379282902577,1.0504629690180378,1.0402777838328527,1.056834221054427,1.0676096355951386,1.0871165425956717,1.086551367030496,1.089043396605859,1.0875030356873987,1.0538544025791172,1.0555559392118368,1.061818992760924,1.05540731653908,1.0280276098112393,1.0129591769026265,1.020698607739954,1.0021991275393987,1.0066884642917282,1.0084829644042648,1.0137231983193236,1.0191058058721125,1.0112389422082282,1.0059145356970314,0.9913533253024873,0.9787174513534038,0.9562817066775929,0.9584866880384626,0.9701307352663573,0.9735690903355041,0.9617155710494055,0.9575235352715681,0.9559727512511506,0.958651116368241,0.9530726419046849,0.9549078357494065,0.9521906029693246,0.9517779795630711],["NaN",1.3333333333333333,1.175,1.8863636363636365,1.9449074074074073,1.5321180555555556,1.4538398692810457,1.522777777777778,1.5189716589238318,1.4933217959345173,1.5227662403789617,1.5251689431140931,1.3726246903125219,1.3991427049257745,1.4293162198049774,1.4633614802054433,1.4297349369955665,1.492108562282669,1.5040864926526702,1.5400721646021138,1.5291900310630537,1.5417755788872372,1.548419905839872,1.4255269757301374,1.429542364996461,1.440896263620783,1.4288608970965895,1.3530643751978122,1.3096628675094792,1.3258578875697562,1.2779351226338187,1.2875486538301486,1.2958770310988668,1.301888333834127,1.3128739525544213,1.307644781563046,1.302755649333936,1.2651296615097318,1.252065836937962,1.2292152202259425,1.2355518312329945,1.247060099397296,1.2623724886589445,1.2541202968062235,1.2516349512814933,1.238934518456996,1.2389962247139674,1.2354670833043346,1.2335501083682479,1.2346970701110935,1.235150977635391],["NaN",1.4142135623730951,1.399955897082292,1.443969519880691,1.2749061837836946,1.1828506973952038,1.1983856783243678,1.1818470228248403,1.1290009328645672,1.1397709690717708,1.1249005355611348,1.1434236253027135,1.1344293057095982,1.1143607886480291,1.1243261659230557,1.1095297301403524,1.1189448146473255,1.13816073764522,1.1209781266535679,1.1093360619978911,1.1037464178354228,1.093172135425059,1.0876834481159612,1.0832303195908137,1.086622491628741,1.0944686883520733,1.0892134534475408,1.0851953979862419,1.0817623261572782,1.0739594048661096,1.074493842628153,1.0713353888409536,1.0777922547584078,1.0826735229488513,1.0798069959237762,1.0786412045489981,1.080581949489455,1.0854817335661255,1.0906971585998728,1.0906360896020029,1.0908712026908984,1.0880007780017817,1.0926918655459732,1.0917090868571768,1.0965340189593271,1.094855707278996,1.0984709412631084,1.097061077065678,1.0945323392602258,1.0984001436734274,1.1012024759858916],["NaN",1.1111111111111112,1.1296296119689941,1.1358024455882887,0.9907407230801053,0.8629629347059461,0.8858024455882881,0.8862433660598028,0.8773147927390205,0.8662551244099935,0.8685185008578828,0.8821548596777098,0.8688271398897524,0.8575498385307117,0.8783068581232949,0.8790123268410011,0.8854166467984518,0.8921568440456016,0.8930040936411162,0.8723196676600051,0.8703703509436713,0.8659611807929145,0.8670033493427314,0.8647342810884189,0.8657407230801051,0.8703703520033095,0.8682335992144723,0.8669409967744303,0.8650793461572556,0.8620689472476184,0.8648147971541792,0.8632018933586749,0.8674768341912164,0.8765431927510784,0.8747276511846802,0.8751322579762292,0.8786008063657783,0.8803803641516883,0.8835282493055912,0.8822412001780973,0.8833333174387614,0.8816621335864389,0.8844797018343808,0.8845822410682067,0.8897306244782727,0.8884773513417185,0.8904991794899466,0.8892828848908696,0.8877314660284256,0.889644730929074,0.8903703541225858],["NaN",2.0,1.9598765137754854,2.085047974344473,1.6253857774499036,1.39913577232832,1.4361282340129553,1.3967623853599385,1.2746431064090626,1.2990778619388035,1.2654012149057279,1.3074175869004003,1.2869298496527608,1.2417999672762572,1.2641093273792388,1.2310562220653234,1.2520374982261375,1.2954098647171115,1.2565919604357427,1.230626498448989,1.2182561548845277,1.1950253176697834,1.1830552833054269,1.1733879252808164,1.1807484393134535,1.1978617097831077,1.1863859471711182,1.1776490518105178,1.1702097302932055,1.1533888033003685,1.1545370178458139,1.1477595153829971,1.1616361444172125,1.172181957294477,1.1659831484459298,1.1634668481509138,1.1676573495624312,1.1782705939057212,1.1896202917778362,1.189487079942348,1.189999980860287,1.1837456929324826,1.193975513030339,1.191828730326531,1.2023868547350938,1.1987090197613903,1.2066384087994593,1.2035430068125053,1.1980010416864622,1.2064828756218062,1.2126468931174583]]},"cv_scoring_history":[{"__meta":{"schema_version":3,"schema_name":"TwoDimTableV3","schema_type":"TwoDimTable"},"name":"Scoring History","description":"","columns":[{"__meta":{"schema_version":-1,"schema_name":"ColumnSpecsBase","schema_type":"Iced"},"name":"","type":"string","format":"%s","description":""},{"__meta":{"schema_version":-1,"schema_name":"ColumnSpecsBase","schema_type":"Iced"},"name":"timestamp","type":"string","format":"%s","description":"Timestamp"},{"__meta":{"schema_version":-1,"schema_name":"ColumnSpecsBase","schema_type":"Iced"},"name":"duration","type":"string","format":"%s","description":"Duration"},{"__meta":{"schema_version":-1,"schema_name":"ColumnSpecsBase","schema_type":"Iced"},"name":"number_of_trees","type":"long","format":"%d","description":"Number of Trees"},{"__meta":{"schema_version":-1,"schema_name":"ColumnSpecsBase","schema_type":"Iced"},"name":"training_rmse","type":"double","format":"%.5f","description":"Training RMSE"},{"__meta":{"schema_version":-1,"schema_name":"ColumnSpecsBase","schema_type":"Iced"},"name":"training_mae","type":"double","format":"%.5f","description":"Training MAE"},{"__meta":{"schema_version":-1,"schema_name":"ColumnSpecsBase","schema_type":"Iced"},"name":"training_deviance","type":"double","format":"%.5f","description":"Training Deviance"},{"__meta":{"schema_version":-1,"schema_name":"ColumnSpecsBase","schema_type":"Iced"},"name":"validation_rmse","type":"double","format":"%.5f","description":"Validation RMSE"},{"__meta":{"schema_version":-1,"schema_name":"ColumnSpecsBase","schema_type":"Iced"},"name":"validation_mae","type":"double","format":"%.5f","description":"Validation MAE"},{"__meta":{"schema_version":-1,"schema_name":"ColumnSpecsBase","schema_type":"Iced"},"name":"validation_deviance","type":"double","format":"%.5f","description":"Validation Deviance"}],"rowcount":51,"data":[["","","","","","","","","","","","","","","","","","","","","","","","","","","","","","","","","","","","","","","","","","","","","","","","","","",""],["2021-09-30 20:23:14","2021-09-30 20:23:14","2021-09-30 20:23:14","2021-09-30 20:23:14","2021-09-30 20:23:14","2021-09-30 20:23:14","2021-09-30 20:23:14","2021-09-30 20:23:14","2021-09-30 20:23:14","2021-09-30 20:23:14","2021-09-30 20:23:14","2021-09-30 20:23:14","2021-09-30 20:23:14","2021-09-30 20:23:14","2021-09-30 20:23:14","2021-09-30 20:23:14","2021-09-30 20:23:14","2021-09-30 20:23:14","2021-09-30 20:23:14","2021-09-30 20:23:14","2021-09-30 20:23:14","2021-09-30 20:23:14","2021-09-30 20:23:14","2021-09-30 20:23:14","2021-09-30 20:23:14","2021-09-30 20:23:14","2021-09-30 20:23:14","2021-09-30 20:23:14","2021-09-30 20:23:14","2021-09-30 20:23:14","2021-09-30 20:23:14","2021-09-30 20:23:14","2021-09-30 20:23:14","2021-09-30 20:23:14","2021-09-30 20:23:14","2021-09-30 20:23:14","2021-09-30 20:23:14","2021-09-30 20:23:14","2021-09-30 20:23:14","2021-09-30 20:23:14","2021-09-30 20:23:14","2021-09-30 20:23:14","2021-09-30 20:23:14","2021-09-30 20:23:14","2021-09-30 20:23:14","2021-09-30 20:23:14","2021-09-30 20:23:14","2021-09-30 20:23:14","2021-09-30 20:23:14","2021-09-30 20:23:14","2021-09-30 20:23:14"],[" 0.007 sec"," 0.012 sec"," 0.013 sec"," 0.015 sec"," 0.016 sec"," 0.019 sec"," 0.021 sec"," 0.023 sec"," 0.025 sec"," 0.027 sec"," 0.029 sec"," 0.030 sec"," 0.032 sec"," 0.034 sec"," 0.036 sec"," 0.038 sec"," 0.040 sec"," 0.042 sec"," 0.044 sec"," 0.046 sec"," 0.048 sec"," 0.051 sec"," 0.053 sec"," 0.055 sec"," 0.057 sec"," 0.059 sec"," 0.061 sec"," 0.063 sec"," 0.065 sec"," 0.068 sec"," 0.070 sec"," 0.072 sec"," 0.079 sec"," 0.081 sec"," 0.083 sec"," 0.086 sec"," 0.089 sec"," 0.091 sec"," 0.093 sec"," 0.096 sec"," 0.098 sec"," 0.100 sec"," 0.102 sec"," 0.105 sec"," 0.107 sec"," 0.110 sec"," 0.113 sec"," 0.115 sec"," 0.118 sec"," 0.121 sec"," 0.124 sec"],[0,1,2,3,4,5,6,7,8,9,10,11,12,13,14,15,16,17,18,19,20,21,22,23,24,25,26,27,28,29,30,31,32,33,34,35,36,37,38,39,40,41,42,43,44,45,46,47,48,49,50],["NaN",1.0,0.9519716382329886,0.8940820521906155,0.7913675671030663,0.8707508660386568,0.8819991234143624,0.895943145724309,0.9014167090382412,0.8548912915513706,0.8968179343698517,0.8868770635922016,0.8950433552123329,0.9168733662029371,0.9240478088458841,0.9141849971422403,0.9091862436633237,0.9035209162998474,0.8929959415348158,0.8956544360016208,0.902522016333391,0.9023425464373357,0.9003500575498903,0.8894462553029713,0.8944968926642725,0.8949654858386584,0.892985053313196,0.8870447197853484,0.8817156567918792,0.8893162938355573,0.8941589935479565,0.8944504554996613,0.8986952458009383,0.9002472993121674,0.9001545289608309,0.8968064105223073,0.8901411824156147,0.8949617606651348,0.8943599091726995,0.8994134005922116,0.895447399847627,0.8975662183924876,0.8934658451146754,0.8933715674165231,0.8935609486636317,0.890378030454233,0.8868876956857852,0.8869222659102306,0.8881572071066225,0.8899023565648686,0.8899023565648686],["NaN",1.0,0.9375,0.8703703703703703,0.7272727272727273,0.7803030303030304,0.795138888888889,0.8243055555555555,0.8312499999999999,0.7868055555555555,0.8569444444444446,0.8513888888888891,0.8507936507936508,0.8747023809523808,0.8699900793650794,0.8565641534391535,0.8461474867724869,0.8423280423280423,0.8356045574795576,0.8394570707070708,0.8517766955266954,0.8384347134347133,0.8345809283309283,0.8223214285714285,0.8321022727272728,0.8330943362193363,0.8289772727272728,0.8235369818090404,0.8181592712842711,0.8258272977022975,0.8336450586450583,0.8342763717763715,0.8419603544603543,0.8432831057831057,0.8419552669552669,0.8378517316017314,0.8312216732785617,0.8388702746771631,0.8369619963369962,0.844661935286935,0.8393376269198636,0.8419051434676432,0.8392194100833806,0.8394912703096845,0.8398997670417109,0.8365231599886331,0.8327550871029131,0.8318300279684719,0.8328116486869348,0.836120759325851,0.836120759325851],["NaN",1.0,0.90625,0.7993827160493826,0.6262626262626262,0.7582070707070708,0.7779224537037037,0.8027141203703704,0.8125520833333333,0.7308391203703705,0.8042824074074075,0.7865509259259261,0.8011026077097504,0.8406567696523052,0.8538643530328797,0.8357342089999579,0.8266196256666246,0.8163500461913159,0.7974417515976521,0.8021968687293813,0.8145459899664896,0.8142220711110154,0.8106302261300908,0.7911146410724784,0.8001246909860389,0.8009632208424259,0.7974223054407714,0.7868483348990671,0.777422499431935,0.7908834704814113,0.7995203057426944,0.8000416173435515,0.8076531448252089,0.8104451999188512,0.8102781760086954,0.804261737953905,0.7923513246322686,0.800956553052838,0.7998796471353992,0.8089444651648462,0.8018260458938761,0.8056251163993907,0.7982812163864811,0.7981127574682553,0.7984511689766495,0.7927730371155591,0.786569784758842,0.7866311057673377,0.788823224535436,0.7919262042197065,0.7919262042197065],["NaN",1.5811388300841898,1.2747548783981961,1.2692955176439846,1.3501543121683042,1.298717315918544,1.249536951271387,1.2344267996967353,1.1989578808281798,1.2455682756148325,1.274100990241093,1.2716445611125629,1.3052600138300814,1.3016451432304672,1.3398014879865168,1.353732836490492,1.3439316737654485,1.3379928675052082,1.353673936947896,1.336330887195933,1.3275918047351756,1.352190909964893,1.3505686997232595,1.3623573845919568,1.3486533063544317,1.353316912872468,1.3488983012884757,1.3590624542154648,1.3657309722033013,1.3670431506804874,1.3698641457377363,1.37306923060568,1.3631114835796325,1.3583934000588853,1.361717591189361,1.3638181696985854,1.3710896510716286,1.359659147478384,1.3666486497472403,1.3640447259764499,1.3606064824187778,1.3597424258308637,1.3660595410486682,1.3720930232558142,1.3744833740189604,1.368133810508603,1.3705210030443749,1.3728282710879374,1.3675751765171544,1.3728567029605847,1.3695802276610158],["NaN",1.1666666666666667,0.9166666666666666,0.9444444444444445,1.0416666666666667,1.0333333333333334,1.0138888888888888,1.0,0.9583333333333334,1.0,1.0333333333333334,1.0303030303030303,1.0555555555555556,1.0512820512820513,1.0833333333333333,1.0888888888888888,1.0885416666666667,1.0833333333333333,1.097222222222222,1.087719298245614,1.0833333333333335,1.103174603174603,1.106060606060606,1.115942028985507,1.111111111111111,1.1133333333333335,1.108974358974359,1.117283950617284,1.119047619047619,1.120689655172414,1.125,1.1263440860215055,1.1197916666666667,1.1186868686868687,1.1200980392156863,1.119047619047619,1.125,1.117117117117117,1.1228070175438596,1.1196581196581197,1.1166666666666665,1.113821138211382,1.119047619047619,1.1240310077519382,1.125,1.1203703703703705,1.1213768115942029,1.122340425531915,1.1180555555555556,1.1224489795918366,1.1216666666666668],["NaN",2.5,1.625,1.611111111111111,1.8229166666666667,1.6866666666666668,1.5613425925925923,1.5238095238095237,1.4375,1.5514403292181072,1.6233333333333333,1.6170798898071623,1.7037037037037042,1.6942800788954637,1.7950680272108845,1.8325925925925928,1.80615234375,1.7902249134948096,1.8324331275720163,1.7857802400738692,1.7625000000000004,1.8284202569916852,1.824035812672176,1.8560176433522368,1.8188657407407407,1.8314666666666672,1.819526627218935,1.8470507544581622,1.8652210884353744,1.868806975822434,1.8765277777777778,1.885319112036074,1.8580729166666667,1.845232629323539,1.854274798154556,1.8599999999999997,1.8798868312757202,1.8486729973216456,1.8677285318559553,1.8606180144641682,1.8512499999999996,1.8488994646044017,1.8661186696900982,1.8826392644672802,1.8892045454545452,1.8717901234567897,1.8783278197857596,1.8846574618982952,1.8702618634259258,1.8847355268638069,1.8757500000000003]]},{"__meta":{"schema_version":3,"schema_name":"TwoDimTableV3","schema_type":"TwoDimTable"},"name":"Scoring History","description":"","columns":[{"__meta":{"schema_version":-1,"schema_name":"ColumnSpecsBase","schema_type":"Iced"},"name":"","type":"string","format":"%s","description":""},{"__meta":{"schema_version":-1,"schema_name":"ColumnSpecsBase","schema_type":"Iced"},"name":"timestamp","type":"string","format":"%s","description":"Timestamp"},{"__meta":{"schema_version":-1,"schema_name":"ColumnSpecsBase","schema_type":"Iced"},"name":"duration","type":"string","format":"%s","description":"Duration"},{"__meta":{"schema_version":-1,"schema_name":"ColumnSpecsBase","schema_type":"Iced"},"name":"number_of_trees","type":"long","format":"%d","description":"Number of Trees"},{"__meta":{"schema_version":-1,"schema_name":"ColumnSpecsBase","schema_type":"Iced"},"name":"training_rmse","type":"double","format":"%.5f","description":"Training RMSE"},{"__meta":{"schema_version":-1,"schema_name":"ColumnSpecsBase","schema_type":"Iced"},"name":"training_mae","type":"double","format":"%.5f","description":"Training MAE"},{"__meta":{"schema_version":-1,"schema_name":"ColumnSpecsBase","schema_type":"Iced"},"name":"training_deviance","type":"double","format":"%.5f","description":"Training Deviance"},{"__meta":{"schema_version":-1,"schema_name":"ColumnSpecsBase","schema_type":"Iced"},"name":"validation_rmse","type":"double","format":"%.5f","description":"Validation RMSE"},{"__meta":{"schema_version":-1,"schema_name":"ColumnSpecsBase","schema_type":"Iced"},"name":"validation_mae","type":"double","format":"%.5f","description":"Validation MAE"},{"__meta":{"schema_version":-1,"schema_name":"ColumnSpecsBase","schema_type":"Iced"},"name":"validation_deviance","type":"double","format":"%.5f","description":"Validation Deviance"}],"rowcount":51,"data":[["","","","","","","","","","","","","","","","","","","","","","","","","","","","","","","","","","","","","","","","","","","","","","","","","","",""],["2021-09-30 20:23:14","2021-09-30 20:23:14","2021-09-30 20:23:14","2021-09-30 20:23:14","2021-09-30 20:23:14","2021-09-30 20:23:14","2021-09-30 20:23:14","2021-09-30 20:23:14","2021-09-30 20:23:14","2021-09-30 20:23:14","2021-09-30 20:23:14","2021-09-30 20:23:14","2021-09-30 20:23:14","2021-09-30 20:23:14","2021-09-30 20:23:14","2021-09-30 20:23:14","2021-09-30 20:23:14","2021-09-30 20:23:14","2021-09-30 20:23:14","2021-09-30 20:23:14","2021-09-30 20:23:14","2021-09-30 20:23:14","2021-09-30 20:23:14","2021-09-30 20:23:14","2021-09-30 20:23:14","2021-09-30 20:23:14","2021-09-30 20:23:14","2021-09-30 20:23:14","2021-09-30 20:23:14","2021-09-30 20:23:14","2021-09-30 20:23:14","2021-09-30 20:23:14","2021-09-30 20:23:14","2021-09-30 20:23:14","2021-09-30 20:23:14","2021-09-30 20:23:14","2021-09-30 20:23:14","2021-09-30 20:23:14","2021-09-30 20:23:14","2021-09-30 20:23:14","2021-09-30 20:23:14","2021-09-30 20:23:14","2021-09-30 20:23:14","2021-09-30 20:23:14","2021-09-30 20:23:14","2021-09-30 20:23:14","2021-09-30 20:23:14","2021-09-30 20:23:14","2021-09-30 20:23:14","2021-09-30 20:23:14","2021-09-30 20:23:14"],[" 0.007 sec"," 0.011 sec"," 0.012 sec"," 0.014 sec"," 0.015 sec"," 0.017 sec"," 0.019 sec"," 0.021 sec"," 0.024 sec"," 0.026 sec"," 0.027 sec"," 0.029 sec"," 0.032 sec"," 0.033 sec"," 0.036 sec"," 0.038 sec"," 0.040 sec"," 0.042 sec"," 0.044 sec"," 0.046 sec"," 0.048 sec"," 0.051 sec"," 0.053 sec"," 0.056 sec"," 0.058 sec"," 0.061 sec"," 0.063 sec"," 0.065 sec"," 0.068 sec"," 0.070 sec"," 0.072 sec"," 0.079 sec"," 0.082 sec"," 0.084 sec"," 0.086 sec"," 0.090 sec"," 0.092 sec"," 0.095 sec"," 0.097 sec"," 0.098 sec"," 0.101 sec"," 0.103 sec"," 0.105 sec"," 0.107 sec"," 0.110 sec"," 0.113 sec"," 0.115 sec"," 0.118 sec"," 0.122 sec"," 0.127 sec"," 0.131 sec"],[0,1,2,3,4,5,6,7,8,9,10,11,12,13,14,15,16,17,18,19,20,21,22,23,24,25,26,27,28,29,30,31,32,33,34,35,36,37,38,39,40,41,42,43,44,45,46,47,48,49,50],["NaN",0.9128709291752769,0.961046882889233,0.9545214042184236,1.2135717573577633,1.1175902364050683,1.0829593371525663,1.0002799087422147,0.9805895114166894,0.9462393803212675,0.9608617224101491,0.9620597614568782,0.9690889643031954,0.9705955222223362,0.961071799742597,0.9635576436855378,0.9741390069836277,0.9661941188559195,0.9716005482022625,0.9848876777191581,0.9984542703637777,0.9946664997558747,0.9952243969681628,1.0011165403407372,0.9991140640565989,1.0037947021200186,1.0026972528692004,0.9745898776291835,0.9742381400262834,0.976125030299415,0.9803849929014391,0.9806608987595771,0.9806799170815773,0.9826005701215313,0.9843815340624128,0.9763025457889825,0.9813466562331536,0.9726953423490206,0.9702134492520754,0.9665626004695717,0.9677421899900804,0.9601120765045001,0.9614528606732189,0.9595528673804481,0.9609166663388801,0.9601035538317375,0.9589601143405878,0.9603188001331381,0.9554068481879245,0.9546078027640514,0.9548752290550032],["NaN",0.8333333333333334,0.8611111111111112,0.8666666666666668,0.9679487179487178,0.8928571428571429,0.8583333333333333,0.7932291666666667,0.772569473584493,0.7651041924953461,0.8145833591620126,0.8310764213403066,0.8097966375805083,0.8103174709138417,0.809883443136064,0.8127852250659278,0.8242435583992609,0.811011911384643,0.8231545449507356,0.8397674740564942,0.8473702879093081,0.8463124048201749,0.8461963714975298,0.8507523443963791,0.8498256640172794,0.8545154162987656,0.8537630997178876,0.8273986910464934,0.8267032614835612,0.8297752495756265,0.8322926106867377,0.8325767015958285,0.8319630791072059,0.8370646922248808,0.8394570888722959,0.834805100235932,0.8310704260049344,0.8256435612030697,0.820509500002832,0.8115731253239171,0.8132419569734658,0.8076215581817703,0.8089492033806205,0.8048188544962356,0.8050349280574725,0.8062612327536117,0.8043979637717765,0.8067097954500481,0.802941666212834,0.8010618064523994,0.8005976051203646],["NaN",0.8333333333333334,0.9236111111111112,0.9111111111111111,1.4727564102564101,1.2490079365079365,1.172800925925926,1.0005598958333333,0.9615557899004216,0.8953689648707763,0.9232552495929985,0.9255589846144655,0.9391334207342399,0.9420556677580496,0.9236590042604746,0.9284433327048258,0.9489468049270481,0.9335310753117667,0.944007625266937,0.9700037377230362,0.9969109300076635,0.9893614457366035,0.9904716003206432,1.0022343273438068,0.9982289129956936,1.007603804004217,1.0054017809114413,0.9498254295772669,0.9491399534818722,0.9528200747770338,0.9611547343063548,0.9616957983559415,0.9617330997671293,0.9655038804031584,0.9690070046030691,0.9531666609140481,0.9630412596999915,0.9461362290274784,0.9413141371096094,0.9342432606265008,0.9365249462867968,0.9218151994497832,0.9243916032967161,0.9207417052980398,0.9233608396478266,0.9217988340803321,0.9196045008961132,0.92221219788915,0.9128022455643838,0.9112760570980101,0.9117867030628448],["NaN",2.5495097567963922,2.2638462845343543,2.1730674684008826,2.2638462845343543,2.3194827009486403,2.3570226039551585,2.4660966430902955,2.44030287566933,2.3885658696339624,2.404423007708918,2.3656023292525923,2.333519337824309,2.349776522170143,2.3234880974034513,2.30084525531138,2.281142976941603,2.2638462845343543,2.294652936451487,2.2784064023066697,2.2638462845343543,2.2770171840009965,2.2890324203662136,2.3000369849907067,2.286926916677099,2.274906591488978,2.2638462845343543,2.2536359891224147,2.2638462845343543,2.2829370177192296,2.2915606036061975,2.299645948408863,2.2898222928455607,2.2806176164759293,2.2719755362613925,2.2638462845343543,2.271523425553764,2.2638462845343543,2.256588537650328,2.2497169081898725,2.2432015346374925,2.2504048151927494,2.244181819910394,2.251028849561373,2.2450732331739314,2.239392003024454,2.233966713691768,2.2287805304210786,2.22381805763696,2.2190651888508923,2.214508974919722],["NaN",2.5,2.25,2.1666666666666665,2.25,2.3,2.3333333333333335,2.4285714285714284,2.40625,2.361111111111111,2.375,2.340909090909091,2.3125,2.326923076923077,2.3035714285714284,2.283333333333333,2.265625,2.25,2.2777777777777777,2.263157894736842,2.25,2.261904761904762,2.272727272727273,2.282608695652174,2.2708333333333335,2.26,2.25,2.240740740740741,2.25,2.2672413793103448,2.275,2.282258064516129,2.2734375,2.265151515151515,2.2573529411764706,2.25,2.2569444444444446,2.25,2.2434210526315788,2.2371794871794872,2.23125,2.2378048780487805,2.232142857142857,2.238372093023256,2.2329545454545454,2.227777777777778,2.222826086956522,2.2180851063829787,2.2135416666666665,2.2091836734693877,2.205],["NaN",6.5,5.125,4.722222222222221,5.125,5.379999999999999,5.555555555555556,6.081632653061224,5.955078125,5.705246913580247,5.78125,5.596074380165289,5.4453125,5.521449704142013,5.398596938775509,5.293888888888889,5.20361328125,5.125,5.265432098765432,5.191135734072022,5.125,5.184807256235827,5.239669421487605,5.290170132325141,5.230034722222223,5.1751999999999985,5.125,5.0788751714677645,5.125,5.2118014268727695,5.25125,5.288371488033299,5.2432861328125,5.201216712580349,5.161872837370242,5.125,5.159818672839507,5.125,5.092191828254847,5.061226166995398,5.031953125000001,5.064321832242713,5.036352040816327,5.067130881557599,5.040353822314049,5.014876543209876,4.990607277882798,4.967462652784065,4.945366753472221,4.924250312369846,4.90405]]},{"__meta":{"schema_version":3,"schema_name":"TwoDimTableV3","schema_type":"TwoDimTable"},"name":"Scoring History","description":"","columns":[{"__meta":{"schema_version":-1,"schema_name":"ColumnSpecsBase","schema_type":"Iced"},"name":"","type":"string","format":"%s","description":""},{"__meta":{"schema_version":-1,"schema_name":"ColumnSpecsBase","schema_type":"Iced"},"name":"timestamp","type":"string","format":"%s","description":"Timestamp"},{"__meta":{"schema_version":-1,"schema_name":"ColumnSpecsBase","schema_type":"Iced"},"name":"duration","type":"string","format":"%s","description":"Duration"},{"__meta":{"schema_version":-1,"schema_name":"ColumnSpecsBase","schema_type":"Iced"},"name":"number_of_trees","type":"long","format":"%d","description":"Number of Trees"},{"__meta":{"schema_version":-1,"schema_name":"ColumnSpecsBase","schema_type":"Iced"},"name":"training_rmse","type":"double","format":"%.5f","description":"Training RMSE"},{"__meta":{"schema_version":-1,"schema_name":"ColumnSpecsBase","schema_type":"Iced"},"name":"training_mae","type":"double","format":"%.5f","description":"Training MAE"},{"__meta":{"schema_version":-1,"schema_name":"ColumnSpecsBase","schema_type":"Iced"},"name":"training_deviance","type":"double","format":"%.5f","description":"Training Deviance"},{"__meta":{"schema_version":-1,"schema_name":"ColumnSpecsBase","schema_type":"Iced"},"name":"validation_rmse","type":"double","format":"%.5f","description":"Validation RMSE"},{"__meta":{"schema_version":-1,"schema_name":"ColumnSpecsBase","schema_type":"Iced"},"name":"validation_mae","type":"double","format":"%.5f","description":"Validation MAE"},{"__meta":{"schema_version":-1,"schema_name":"ColumnSpecsBase","schema_type":"Iced"},"name":"validation_deviance","type":"double","format":"%.5f","description":"Validation Deviance"}],"rowcount":51,"data":[["","","","","","","","","","","","","","","","","","","","","","","","","","","","","","","","","","","","","","","","","","","","","","","","","","",""],["2021-09-30 20:23:14","2021-09-30 20:23:14","2021-09-30 20:23:14","2021-09-30 20:23:14","2021-09-30 20:23:14","2021-09-30 20:23:14","2021-09-30 20:23:14","2021-09-30 20:23:14","2021-09-30 20:23:14","2021-09-30 20:23:14","2021-09-30 20:23:14","2021-09-30 20:23:14","2021-09-30 20:23:14","2021-09-30 20:23:14","2021-09-30 20:23:14","2021-09-30 20:23:14","2021-09-30 20:23:14","2021-09-30 20:23:14","2021-09-30 20:23:14","2021-09-30 20:23:14","2021-09-30 20:23:14","2021-09-30 20:23:14","2021-09-30 20:23:14","2021-09-30 20:23:14","2021-09-30 20:23:14","2021-09-30 20:23:14","2021-09-30 20:23:14","2021-09-30 20:23:14","2021-09-30 20:23:14","2021-09-30 20:23:14","2021-09-30 20:23:14","2021-09-30 20:23:14","2021-09-30 20:23:14","2021-09-30 20:23:14","2021-09-30 20:23:14","2021-09-30 20:23:14","2021-09-30 20:23:14","2021-09-30 20:23:14","2021-09-30 20:23:14","2021-09-30 20:23:14","2021-09-30 20:23:14","2021-09-30 20:23:14","2021-09-30 20:23:14","2021-09-30 20:23:14","2021-09-30 20:23:14","2021-09-30 20:23:14","2021-09-30 20:23:14","2021-09-30 20:23:14","2021-09-30 20:23:14","2021-09-30 20:23:14","2021-09-30 20:23:14"],[" 0.008 sec"," 0.011 sec"," 0.013 sec"," 0.014 sec"," 0.015 sec"," 0.017 sec"," 0.020 sec"," 0.022 sec"," 0.024 sec"," 0.025 sec"," 0.027 sec"," 0.029 sec"," 0.030 sec"," 0.032 sec"," 0.034 sec"," 0.036 sec"," 0.038 sec"," 0.040 sec"," 0.042 sec"," 0.044 sec"," 0.046 sec"," 0.048 sec"," 0.051 sec"," 0.053 sec"," 0.056 sec"," 0.058 sec"," 0.061 sec"," 0.063 sec"," 0.065 sec"," 0.067 sec"," 0.070 sec"," 0.072 sec"," 0.079 sec"," 0.081 sec"," 0.084 sec"," 0.087 sec"," 0.090 sec"," 0.092 sec"," 0.094 sec"," 0.096 sec"," 0.098 sec"," 0.101 sec"," 0.103 sec"," 0.105 sec"," 0.107 sec"," 0.110 sec"," 0.113 sec"," 0.115 sec"," 0.118 sec"," 0.121 sec"," 0.124 sec"],[0,1,2,3,4,5,6,7,8,9,10,11,12,13,14,15,16,17,18,19,20,21,22,23,24,25,26,27,28,29,30,31,32,33,34,35,36,37,38,39,40,41,42,43,44,45,46,47,48,49,50],["NaN",1.0,1.0643366478704002,1.0643366478704002,1.1001033009346317,1.1169982923823945,1.1120655622825548,1.189528743863986,1.1925875050766537,1.1998241502207694,1.241649457805373,1.2517615792482413,1.3026700431171951,1.3081924634271216,1.23445814118555,1.2544595141323787,1.2598898835815335,1.2600539765806615,1.2614375128455173,1.2442393971219634,1.249362347955413,1.2679241711707725,1.2439737413473348,1.2239850449950493,1.2290044144097039,1.243572398438215,1.252517239369397,1.2342096980521482,1.219955539293339,1.2308206796315047,1.227503994038337,1.232931772741205,1.238460465189818,1.2405644036727623,1.2467995089490167,1.2402698998923374,1.2335619348334521,1.214296346436517,1.2064645427701004,1.20899536119976,1.2107704105366592,1.201664865131184,1.2098774067225644,1.201529281578649,1.1966428591255882,1.1951672253059527,1.194019052386492,1.1905759458601741,1.1888202124317164,1.192437501270278,1.1928649293300957],["NaN",1.0,0.96875,0.96875,1.0227272727272727,1.0416666666666667,1.0347222222222223,1.0910256410256411,1.0897435897435896,1.1044871794871796,1.1467948717948717,1.1493589743589747,1.1227106227106227,1.1307692307692307,1.0956654456654453,1.1265567765567766,1.1304029304029302,1.1292124542124542,1.1328754578754578,1.1048076923076922,1.1101689976689977,1.1300407925407927,1.1218753468753466,1.098809523809524,1.104054279054279,1.1207459207459207,1.1309565434565434,1.1168422389576234,1.1004294850448697,1.111521171136556,1.1066066412220261,1.1130168976322827,1.119295661603354,1.1234137657214582,1.1312187812187815,1.12997557997558,1.1192007590197632,1.107175177763413,1.100706131475362,1.0995662457200919,1.0990122225952186,1.0938422154768308,1.0992075420808451,1.088537593628091,1.0804909833755987,1.0814102564102563,1.0787119743002096,1.077269243671182,1.0746087462738425,1.0791679438239306,1.0797574353041104],["NaN",1.0,1.1328125,1.1328125,1.2102272727272727,1.2476851851851853,1.2366898148148149,1.4149786324786324,1.4222649572649573,1.4395779914529916,1.5416933760683764,1.566907051282051,1.6969492412349552,1.711367521367521,1.5238869023392831,1.5736686725972437,1.58732251875109,1.5877360238967382,1.5912245988138844,1.5481316773504272,1.5609062764886628,1.6076317038390902,1.5474706691616862,1.498139390371533,1.510451850638539,1.5464723101573747,1.5687994349175356,1.523273578765975,1.4882915178525016,1.514919545408559,1.5067660553800695,1.5201207562347703,1.53378432383818,1.5390000396599566,1.554509015515509,1.5382694245789483,1.5216750470700497,1.474515616969074,1.4555566929614676,1.461669783402538,1.4659649870311104,1.443998448090747,1.4638033392977172,1.4436726144909042,1.4319541322962621,1.4284246964455296,1.425681497461936,1.4174710828608483,1.4132934974861915,1.4219071944357042,1.422926739625694],["NaN",1.6733200530681511,1.8607794065928396,1.8211717839530313,1.507274029498286,1.6321764610482532,1.6457014715109586,1.5273025441033254,1.6034630491533006,1.6145557046620564,1.460821686586012,1.4696657291275117,1.3657517262583916,1.424116044736432,1.3646409410387719,1.303329070751768,1.3159923774475293,1.3436380918235786,1.3703203194062978,1.4092590536634528,1.416333294108417,1.387954334104725,1.3437566067490858,1.3186534347232302,1.3516322437047072,1.3041779019750337,1.2787232445273977,1.2544023984467987,1.2332034772601521,1.228041372416349,1.1935474668213055,1.1728146813520899,1.1526337029277776,1.1692611843261187,1.1584464898717566,1.140121726404864,1.1478979715490487,1.1322840643307988,1.1171974731021448,1.1112656039865312,1.0941606372009547,1.1051230008984576,1.0885536181520121,1.0771484499018757,1.0643305815285304,1.055321611502249,1.0623074717148737,1.0547055525717222,1.0648870245241981,1.0555480050683381,1.0685129854147775],["NaN",1.2,1.55,1.4999999999999998,1.275,1.4,1.4000000000000001,1.285714285714286,1.3625,1.3666666666666667,1.2200000000000002,1.209090909090909,1.133333333333333,1.192307692307692,1.128571428571429,1.0666666666666669,1.06875,1.088235294117647,1.1111111111111112,1.1526315789473687,1.15,1.1285714285714286,1.0863636363636362,1.065217391304348,1.0999999999999996,1.0520000000000003,1.026923076923077,1.0,0.9785714285714286,0.9793103448275862,0.9399999999999998,0.919354838709677,0.896875,0.9121212121212123,0.9029411764705882,0.8828571428571428,0.8888888888888891,0.8729729729729729,0.8578947368421052,0.8512820512820513,0.8299999999999998,0.8439024390243903,0.8261904761904763,0.813953488372093,0.809090909090909,0.8066666666666669,0.8217391304347824,0.8212765957446807,0.8333333333333334,0.8224489795918366,0.8360000000000001],["NaN",2.8,3.4625,3.3166666666666664,2.271875,2.6639999999999997,2.7083333333333344,2.3326530612244905,2.57109375,2.60679012345679,2.1340000000000003,2.1599173553719004,1.8652777777777767,2.028106508875739,1.8622448979591848,1.6986666666666672,1.7318359375,1.8053633217993075,1.8777777777777782,1.9860110803324105,2.006,1.9264172335600904,1.8056818181818173,1.738846880907372,1.826909722222221,1.7008800000000008,1.6351331360946753,1.5735253772290811,1.5207908163265307,1.5080856123662303,1.4245555555555554,1.375494276795004,1.328564453125,1.367171717171718,1.3419982698961936,1.2998775510204077,1.3176697530864205,1.2820672023374722,1.2481301939058174,1.23491124260355,1.1971874999999994,1.2212968471148125,1.1849489795918366,1.1602487831260138,1.1327995867768599,1.1137037037037039,1.1284971644612474,1.112403802625622,1.1339843750000003,1.1141815910037485,1.1417200000000003]]},{"__meta":{"schema_version":3,"schema_name":"TwoDimTableV3","schema_type":"TwoDimTable"},"name":"Scoring History","description":"","columns":[{"__meta":{"schema_version":-1,"schema_name":"ColumnSpecsBase","schema_type":"Iced"},"name":"","type":"string","format":"%s","description":""},{"__meta":{"schema_version":-1,"schema_name":"ColumnSpecsBase","schema_type":"Iced"},"name":"timestamp","type":"string","format":"%s","description":"Timestamp"},{"__meta":{"schema_version":-1,"schema_name":"ColumnSpecsBase","schema_type":"Iced"},"name":"duration","type":"string","format":"%s","description":"Duration"},{"__meta":{"schema_version":-1,"schema_name":"ColumnSpecsBase","schema_type":"Iced"},"name":"number_of_trees","type":"long","format":"%d","description":"Number of Trees"},{"__meta":{"schema_version":-1,"schema_name":"ColumnSpecsBase","schema_type":"Iced"},"name":"training_rmse","type":"double","format":"%.5f","description":"Training RMSE"},{"__meta":{"schema_version":-1,"schema_name":"ColumnSpecsBase","schema_type":"Iced"},"name":"training_mae","type":"double","format":"%.5f","description":"Training MAE"},{"__meta":{"schema_version":-1,"schema_name":"ColumnSpecsBase","schema_type":"Iced"},"name":"training_deviance","type":"double","format":"%.5f","description":"Training Deviance"},{"__meta":{"schema_version":-1,"schema_name":"ColumnSpecsBase","schema_type":"Iced"},"name":"validation_rmse","type":"double","format":"%.5f","description":"Validation RMSE"},{"__meta":{"schema_version":-1,"schema_name":"ColumnSpecsBase","schema_type":"Iced"},"name":"validation_mae","type":"double","format":"%.5f","description":"Validation MAE"},{"__meta":{"schema_version":-1,"schema_name":"ColumnSpecsBase","schema_type":"Iced"},"name":"validation_deviance","type":"double","format":"%.5f","description":"Validation Deviance"}],"rowcount":51,"data":[["","","","","","","","","","","","","","","","","","","","","","","","","","","","","","","","","","","","","","","","","","","","","","","","","","",""],["2021-09-30 20:23:14","2021-09-30 20:23:14","2021-09-30 20:23:14","2021-09-30 20:23:14","2021-09-30 20:23:14","2021-09-30 20:23:14","2021-09-30 20:23:14","2021-09-30 20:23:14","2021-09-30 20:23:14","2021-09-30 20:23:14","2021-09-30 20:23:14","2021-09-30 20:23:14","2021-09-30 20:23:14","2021-09-30 20:23:14","2021-09-30 20:23:14","2021-09-30 20:23:14","2021-09-30 20:23:14","2021-09-30 20:23:14","2021-09-30 20:23:14","2021-09-30 20:23:14","2021-09-30 20:23:14","2021-09-30 20:23:14","2021-09-30 20:23:14","2021-09-30 20:23:14","2021-09-30 20:23:14","2021-09-30 20:23:14","2021-09-30 20:23:14","2021-09-30 20:23:14","2021-09-30 20:23:14","2021-09-30 20:23:14","2021-09-30 20:23:14","2021-09-30 20:23:14","2021-09-30 20:23:14","2021-09-30 20:23:14","2021-09-30 20:23:14","2021-09-30 20:23:14","2021-09-30 20:23:14","2021-09-30 20:23:14","2021-09-30 20:23:14","2021-09-30 20:23:14","2021-09-30 20:23:14","2021-09-30 20:23:14","2021-09-30 20:23:14","2021-09-30 20:23:14","2021-09-30 20:23:14","2021-09-30 20:23:14","2021-09-30 20:23:14","2021-09-30 20:23:14","2021-09-30 20:23:14","2021-09-30 20:23:14","2021-09-30 20:23:14"],[" 0.008 sec"," 0.011 sec"," 0.013 sec"," 0.015 sec"," 0.017 sec"," 0.018 sec"," 0.021 sec"," 0.024 sec"," 0.026 sec"," 0.028 sec"," 0.030 sec"," 0.032 sec"," 0.033 sec"," 0.036 sec"," 0.038 sec"," 0.040 sec"," 0.042 sec"," 0.044 sec"," 0.046 sec"," 0.048 sec"," 0.051 sec"," 0.053 sec"," 0.055 sec"," 0.057 sec"," 0.059 sec"," 0.061 sec"," 0.064 sec"," 0.065 sec"," 0.068 sec"," 0.070 sec"," 0.072 sec"," 0.079 sec"," 0.081 sec"," 0.084 sec"," 0.086 sec"," 0.090 sec"," 0.092 sec"," 0.095 sec"," 0.097 sec"," 0.099 sec"," 0.101 sec"," 0.103 sec"," 0.105 sec"," 0.108 sec"," 0.110 sec"," 0.113 sec"," 0.116 sec"," 0.119 sec"," 0.121 sec"," 0.124 sec"," 0.127 sec"],[0,1,2,3,4,5,6,7,8,9,10,11,12,13,14,15,16,17,18,19,20,21,22,23,24,25,26,27,28,29,30,31,32,33,34,35,36,37,38,39,40,41,42,43,44,45,46,47,48,49,50],["NaN",1.4142135623730951,1.118033988749895,1.5942605391424158,1.5473992517913548,1.3441793729390175,1.29502252403134,1.3400826310193608,1.3407025705308686,1.367945731343948,1.348334636925455,1.3379746857231147,1.2544489091599769,1.2578683084592475,1.239548533328802,1.258367638445193,1.233119268594952,1.2431744967480214,1.2570621072045776,1.2741088725741765,1.2795389583218795,1.2993202833927038,1.2805714724040484,1.2276573920254008,1.2272311003113767,1.2298570857666853,1.227695873033996,1.1708902665350966,1.1589489056226976,1.1607150155320358,1.1453600440517429,1.151175195773828,1.1526626960791249,1.1557748242038142,1.1604606003889644,1.1567198608650768,1.1641025766057478,1.1567912900282764,1.1497371551729985,1.1383524146428048,1.1527795740821962,1.1588430389248985,1.164167646967745,1.157652872715632,1.1473435946378114,1.1398282514104983,1.1366389607039287,1.1349796214100163,1.1361048989537352,1.1395785245992103,1.1395707285545331],["NaN",1.3333333333333333,0.9,1.25,1.2666666666666668,1.075757561307965,1.0277777645323012,1.0940171021681566,1.0982906145927234,1.1228632560143104,1.1036324867835412,1.0967948473416842,0.9974358778733473,0.999267379704849,0.9768314822689518,1.0024725079099772,0.9819596873971569,0.968925535227644,0.9872391217926496,1.0219308224776593,1.0146214651683019,1.0381069540384062,1.0278184221195505,0.9803418485527364,0.9799006248899247,0.9851037728771913,0.9751831379565564,0.9174465118375773,0.9035649208095168,0.9086821695929668,0.8924581158689129,0.8988683722791695,0.8986497874452,0.907411367949792,0.9118492506706617,0.900058263879675,0.892699720488743,0.8812434417247718,0.8628538016752129,0.8543296370924873,0.858763995974666,0.8588097933017286,0.8628063217969798,0.8598236742392782,0.8464503105374466,0.8422286711913729,0.835315649572469,0.8307146863801744,0.8349469322059515,0.8308521746167467,0.8298293145869324],["NaN",2.0,1.25,2.5416666666666665,2.394444444444445,1.8068181866347304,1.6770833377485028,1.795821457959772,1.7974833826280785,1.8712755239021288,1.8180062931328982,1.7901762596358675,1.5736420656926557,1.5822326814261285,1.5364805664775847,1.5834891134861317,1.5205831305801492,1.545482829364696,1.580205141369613,1.623353419172239,1.6372199458634407,1.6882331988356962,1.6398632959350725,1.5071426721946084,1.5060961735714722,1.5125484514105239,1.5072371566647054,1.3709840162666298,1.3431625658440483,1.3472593472815342,1.3118496305102103,1.3252043313649116,1.328631290932397,1.3358154442633574,1.3466688050551157,1.338000836519723,1.355134808860141,1.3381660886852837,1.3218955259852996,1.295846219923104,1.3289007464211298,1.342917188864694,1.3552863102464163,1.3401601737067557,1.3163973241564144,1.299208442713514,1.2919481269901072,1.2881787410160241,1.2907343414266768,1.2986392137277127,1.2986214453783094],["NaN",1.0954451150103321,1.0124228365658292,1.0043116981706426,0.9490492374164927,0.9106773993593665,0.913377935994224,0.9042605091135805,0.8976241723270035,0.90415137146119,0.8937747619328686,0.8807449404213136,0.8951817120996522,0.8984792413685361,0.865321425705728,0.8760883833751884,0.8686400774258306,0.8706964212344578,0.8759180904979184,0.8634894485115611,0.8413283104839814,0.8395009807549193,0.8437911251785328,0.8403047967585417,0.8395772967333212,0.8368140577000621,0.8436394204462959,0.8400642601611207,0.8439586156842512,0.8452731575826806,0.8448646551091284,0.8475035199696326,0.8471862835145713,0.8495573969825401,0.8498676810454042,0.8521042317427643,0.8421982123644004,0.8423808765561165,0.8440424477961933,0.843774166555761,0.8345886311979496,0.8318606787264037,0.835611015059154,0.839329422076982,0.8395686084985798,0.8398428819190733,0.8401469964604149,0.840476396715883,0.8408013111508266,0.8440049661526807,0.844310362696034],["NaN",0.8,0.8,0.8,0.8,0.7866666603088379,0.7888888835906982,0.7904761859348841,0.7833333253860474,0.7740740670098198,0.7766666603088378,0.7727272640575062,0.774999992052714,0.7769230695871207,0.7785714217594691,0.7799999936421711,0.7812499940395355,0.7823529355666217,0.7796296225653755,0.7649122740093031,0.7666666603088379,0.7682539621988932,0.7696969639171254,0.7681159351183021,0.7652777711550394,0.7639999923706056,0.7653846080486592,0.7666666596024125,0.7654761825289045,0.766666658993425,0.7677777703603109,0.7688171971228815,0.7697916597127914,0.770707063963919,0.7696078356574564,0.7704761832101005,0.7712962892320421,0.7720720651987436,0.7728070108514083,0.7735042669834234,0.7724999928474426,0.7715447076937048,0.7722222146533785,0.7728682096614394,0.773484841260043,0.7740740670098198,0.7746376742487369,0.7751772982008914,0.7743055482705434,0.7748299248364507,0.7739999923706055],["NaN",1.2,1.025,1.0086419870824,0.9006944550408263,0.8293333257039393,0.8342592539610688,0.8176870683423518,0.8057291547457381,0.8174897025151507,0.798833325068156,0.7757116500777432,0.8013502976776646,0.8072649471701802,0.7487811697853937,0.7675308554849509,0.754535584110353,0.7581122579504924,0.7672325012615195,0.7456140276907999,0.7078333260218306,0.7047618966884714,0.7119834629300544,0.7061121514554142,0.7048900371900312,0.7002577671644429,0.7117274717309621,0.7057079612000511,0.7122661449876777,0.7144867109297952,0.7137962854526665,0.7182622163609175,0.7177245989752314,0.7217477707677491,0.722275075285493,0.7260816217539265,0.7092978289097918,0.7096055411874511,0.7124076536817897,0.711954844146869,0.696538183324867,0.691992188811153,0.6982457684881898,0.7044738787640806,0.7048754483762416,0.7053360663101345,0.7058469756614564,0.7064005734365144,0.7069468448329491,0.7123443828903878,0.7128599885559085]]}],"reproducibility_information_table":[{"__meta":{"schema_version":3,"schema_name":"TwoDimTableV3","schema_type":"TwoDimTable"},"name":"Node Information","description":"","columns":[{"__meta":{"schema_version":-1,"schema_name":"ColumnSpecsBase","schema_type":"Iced"},"name":"","type":"string","format":"%s","description":""},{"__meta":{"schema_version":-1,"schema_name":"ColumnSpecsBase","schema_type":"Iced"},"name":"node","type":"int","format":"%d","description":"node"},{"__meta":{"schema_version":-1,"schema_name":"ColumnSpecsBase","schema_type":"Iced"},"name":"h2o","type":"string","format":"%s","description":"h2o"},{"__meta":{"schema_version":-1,"schema_name":"ColumnSpecsBase","schema_type":"Iced"},"name":"healthy","type":"string","format":"%s","description":"healthy"},{"__meta":{"schema_version":-1,"schema_name":"ColumnSpecsBase","schema_type":"Iced"},"name":"last_ping","type":"string","format":"%s","description":"last_ping"},{"__meta":{"schema_version":-1,"schema_name":"ColumnSpecsBase","schema_type":"Iced"},"name":"num_cpus","type":"int","format":"%d","description":"num_cpus"},{"__meta":{"schema_version":-1,"schema_name":"ColumnSpecsBase","schema_type":"Iced"},"name":"sys_load","type":"double","format":"%.5f","description":"sys_load"},{"__meta":{"schema_version":-1,"schema_name":"ColumnSpecsBase","schema_type":"Iced"},"name":"mem_value_size","type":"long","format":"%d","description":"mem_value_size"},{"__meta":{"schema_version":-1,"schema_name":"ColumnSpecsBase","schema_type":"Iced"},"name":"free_mem","type":"long","format":"%d","description":"free_mem"},{"__meta":{"schema_version":-1,"schema_name":"ColumnSpecsBase","schema_type":"Iced"},"name":"pojo_mem","type":"long","format":"%d","description":"pojo_mem"},{"__meta":{"schema_version":-1,"schema_name":"ColumnSpecsBase","schema_type":"Iced"},"name":"swap_mem","type":"long","format":"%d","description":"swap_mem"},{"__meta":{"schema_version":-1,"schema_name":"ColumnSpecsBase","schema_type":"Iced"},"name":"free_disc","type":"long","format":"%d","description":"free_disc"},{"__meta":{"schema_version":-1,"schema_name":"ColumnSpecsBase","schema_type":"Iced"},"name":"max_disc","type":"long","format":"%d","description":"max_disc"},{"__meta":{"schema_version":-1,"schema_name":"ColumnSpecsBase","schema_type":"Iced"},"name":"pid","type":"int","format":"%d","description":"pid"},{"__meta":{"schema_version":-1,"schema_name":"ColumnSpecsBase","schema_type":"Iced"},"name":"num_keys","type":"int","format":"%d","description":"num_keys"},{"__meta":{"schema_version":-1,"schema_name":"ColumnSpecsBase","schema_type":"Iced"},"name":"tcps_active","type":"string","format":"%s","description":"tcps_active"},{"__meta":{"schema_version":-1,"schema_name":"ColumnSpecsBase","schema_type":"Iced"},"name":"open_fds","type":"int","format":"%d","description":"open_fds"},{"__meta":{"schema_version":-1,"schema_name":"ColumnSpecsBase","schema_type":"Iced"},"name":"rpcs_active","type":"string","format":"%s","description":"rpcs_active"},{"__meta":{"schema_version":-1,"schema_name":"ColumnSpecsBase","schema_type":"Iced"},"name":"nthreads","type":"int","format":"%d","description":"nthreads"},{"__meta":{"schema_version":-1,"schema_name":"ColumnSpecsBase","schema_type":"Iced"},"name":"is_leader","type":"string","format":"%s","description":"is_leader"},{"__meta":{"schema_version":-1,"schema_name":"ColumnSpecsBase","schema_type":"Iced"},"name":"total_mem","type":"long","format":"%d","description":"total_mem"},{"__meta":{"schema_version":-1,"schema_name":"ColumnSpecsBase","schema_type":"Iced"},"name":"max_mem","type":"long","format":"%d","description":"max_mem"},{"__meta":{"schema_version":-1,"schema_name":"ColumnSpecsBase","schema_type":"Iced"},"name":"java_version","type":"string","format":"%s","description":"java_version"},{"__meta":{"schema_version":-1,"schema_name":"ColumnSpecsBase","schema_type":"Iced"},"name":"jvm_launch_parameters","type":"string","format":"%s","description":"jvm_launch_parameters"},{"__meta":{"schema_version":-1,"schema_name":"ColumnSpecsBase","schema_type":"Iced"},"name":"os_version","type":"string","format":"%s","description":"os_version"},{"__meta":{"schema_version":-1,"schema_name":"ColumnSpecsBase","schema_type":"Iced"},"name":"machine_physical_mem","type":"long","format":"%d","description":"machine_physical_mem"},{"__meta":{"schema_version":-1,"schema_name":"ColumnSpecsBase","schema_type":"Iced"},"name":"machine_locale","type":"string","format":"%s","description":"machine_locale"}],"rowcount":1,"data":[[""],[0],["127.0.0.1:54321"],["true"],["1633026194187"],[8],[0.7147513],[336591],[4263173425],[0],[0],[48484057088],[106766008320],[16644],[3800],["\u0000"],[-1],["\u0000"],[8],["true"],[268435456],[4263510016],["Java 11.0.7 (from Oracle Corporation)"],["[]"],["Windows 10 10.0 (amd64)"],[17052135424],["en_US"]]},{"__meta":{"schema_version":3,"schema_name":"TwoDimTableV3","schema_type":"TwoDimTable"},"name":"Cluster Configuration","description":"","columns":[{"__meta":{"schema_version":-1,"schema_name":"ColumnSpecsBase","schema_type":"Iced"},"name":"","type":"string","format":"%s","description":""},{"__meta":{"schema_version":-1,"schema_name":"ColumnSpecsBase","schema_type":"Iced"},"name":"h2o_cluster_uptime","type":"long","format":"%d","description":"H2O cluster uptime"},{"__meta":{"schema_version":-1,"schema_name":"ColumnSpecsBase","schema_type":"Iced"},"name":"h2o_cluster_timezone","type":"string","format":"%s","description":"H2O cluster timezone"},{"__meta":{"schema_version":-1,"schema_name":"ColumnSpecsBase","schema_type":"Iced"},"name":"h2o_data_parsing_timezone","type":"string","format":"%s","description":"H2O data parsing timezone"},{"__meta":{"schema_version":-1,"schema_name":"ColumnSpecsBase","schema_type":"Iced"},"name":"h2o_cluster_version","type":"string","format":"%s","description":"H2O cluster version"},{"__meta":{"schema_version":-1,"schema_name":"ColumnSpecsBase","schema_type":"Iced"},"name":"h2o_cluster_version_age","type":"string","format":"%s","description":"H2O cluster version age"},{"__meta":{"schema_version":-1,"schema_name":"ColumnSpecsBase","schema_type":"Iced"},"name":"h2o_cluster_name","type":"string","format":"%s","description":"H2O cluster name"},{"__meta":{"schema_version":-1,"schema_name":"ColumnSpecsBase","schema_type":"Iced"},"name":"h2o_cluster_total_nodes","type":"int","format":"%d","description":"H2O cluster total nodes"},{"__meta":{"schema_version":-1,"schema_name":"ColumnSpecsBase","schema_type":"Iced"},"name":"h2o_cluster_free_memory","type":"long","format":"%d","description":"H2O cluster free memory"},{"__meta":{"schema_version":-1,"schema_name":"ColumnSpecsBase","schema_type":"Iced"},"name":"h2o_cluster_total_cores","type":"int","format":"%d","description":"H2O cluster total cores"},{"__meta":{"schema_version":-1,"schema_name":"ColumnSpecsBase","schema_type":"Iced"},"name":"h2o_cluster_allowed_cores","type":"int","format":"%d","description":"H2O cluster allowed cores"},{"__meta":{"schema_version":-1,"schema_name":"ColumnSpecsBase","schema_type":"Iced"},"name":"h2o_cluster_status","type":"string","format":"%s","description":"H2O cluster status"},{"__meta":{"schema_version":-1,"schema_name":"ColumnSpecsBase","schema_type":"Iced"},"name":"h2o_internal_security","type":"string","format":"%s","description":"H2O internal security"},{"__meta":{"schema_version":-1,"schema_name":"ColumnSpecsBase","schema_type":"Iced"},"name":"h2o_api_extensions","type":"string","format":"%s","description":"H2O API Extensions"}],"rowcount":1,"data":[[""],[21530],["Europe/Berlin"],["UTC"],["3.32.1.5"],["1 month and 26 days"],["H2O_from_python_alina_54531v"],[1],[4263173425],[8],[8],["locked, healthly"],["false"],["Amazon S3, Algos, AutoML, Core V3, TargetEncoder, Core V4"]]},{"__meta":{"schema_version":3,"schema_name":"TwoDimTableV3","schema_type":"TwoDimTable"},"name":"Input Frames Information","description":"","columns":[{"__meta":{"schema_version":-1,"schema_name":"ColumnSpecsBase","schema_type":"Iced"},"name":"","type":"string","format":"%s","description":""},{"__meta":{"schema_version":-1,"schema_name":"ColumnSpecsBase","schema_type":"Iced"},"name":"input_frame","type":"string","format":"%s","description":"Input Frame"},{"__meta":{"schema_version":-1,"schema_name":"ColumnSpecsBase","schema_type":"Iced"},"name":"checksum","type":"long","format":"%d","description":"Checksum"},{"__meta":{"schema_version":-1,"schema_name":"ColumnSpecsBase","schema_type":"Iced"},"name":"espc","type":"string","format":"%d","description":"ESPC"}],"rowcount":3,"data":[["","",""],["training_frame","validation_frame","calibration_frame"],[621360589956297948,-2898598370151090544,-1],["[0, 18]","[0, 9]","-1"]]}],"training_metrics":{"__meta":{"schema_version":3,"schema_name":"ModelMetricsRegressionV3","schema_type":"ModelMetricsRegression"},"model":{"__meta":{"schema_version":3,"schema_name":"ModelKeyV3","schema_type":"Key<Model>"},"name":"light_all_drf_model","type":"Key<Model>","URL":"/3/Models/light_all_drf_model"},"model_checksum":-5724558161611269464,"frame":{"__meta":{"schema_version":3,"schema_name":"FrameKeyV3","schema_type":"Key<Frame>"},"name":"py_21_sid_ad02","type":"Key<Frame>","URL":"/3/Frames/py_21_sid_ad02"},"frame_checksum":6321184937604360880,"description":"Metrics reported on Out-Of-Bag training samples","model_category":"Regression","scoring_time":1633026194774,"predictions":null,"MSE":1.235150977635391,"RMSE":1.111373464518292,"nobs":18,"custom_metric_name":null,"custom_metric_value":0.0,"r2":0.2137742303460377,"mean_residual_deviance":1.235150977635391,"mae":0.9517779795630711,"rmsle":0.13258934415966211},"validation_metrics":{"__meta":{"schema_version":3,"schema_name":"ModelMetricsRegressionV3","schema_type":"ModelMetricsRegression"},"model":{"__meta":{"schema_version":3,"schema_name":"ModelKeyV3","schema_type":"Key<Model>"},"name":"light_all_drf_model","type":"Key<Model>","URL":"/3/Models/light_all_drf_model"},"model_checksum":-5724558161611269464,"frame":{"__meta":{"schema_version":3,"schema_name":"FrameKeyV3","schema_type":"Key<Frame>"},"name":"py_22_sid_ad02","type":"Key<Frame>","URL":"/3/Frames/py_22_sid_ad02"},"frame_checksum":-8703700668396331008,"description":null,"model_category":"Regression","scoring_time":1633026194774,"predictions":null,"MSE":1.2126468931174583,"RMSE":1.1012024759858916,"nobs":9,"custom_metric_name":null,"custom_metric_value":0.0,"r2":-0.9644879668502795,"mean_residual_deviance":1.2126468931174583,"mae":0.8903703541225858,"rmsle":0.1489323513001758},"cross_validation_metrics":{"__meta":{"schema_version":3,"schema_name":"ModelMetricsRegressionV3","schema_type":"ModelMetricsRegression"},"model":{"__meta":{"schema_version":3,"schema_name":"ModelKeyV3","schema_type":"Key<Model>"},"name":"light_all_drf_model","type":"Key<Model>","URL":"/3/Models/light_all_drf_model"},"model_checksum":-5724558161611269464,"frame":{"__meta":{"schema_version":3,"schema_name":"FrameKeyV3","schema_type":"Key<Frame>"},"name":"py_21_sid_ad02","type":"Key<Frame>","URL":"/3/Frames/py_21_sid_ad02"},"frame_checksum":6321184937604360880,"description":"4-fold cross-validation on training data (Metrics computed for combined holdout predictions)","model_category":"Regression","scoring_time":1633026194779,"predictions":null,"MSE":1.6853055523766414,"RMSE":1.29819318761756,"nobs":18,"custom_metric_name":null,"custom_metric_value":0.0,"r2":-0.07276817086450271,"mean_residual_deviance":1.6853055523766414,"mae":1.0661111089918347,"rmsle":0.1601178938711908},"cross_validation_metrics_summary":{"__meta":{"schema_version":3,"schema_name":"TwoDimTableV3","schema_type":"TwoDimTable"},"name":"Cross-Validation Metrics Summary","description":"","columns":[{"__meta":{"schema_version":-1,"schema_name":"ColumnSpecsBase","schema_type":"Iced"},"name":"","type":"string","format":"%s","description":""},{"__meta":{"schema_version":-1,"schema_name":"ColumnSpecsBase","schema_type":"Iced"},"name":"mean","type":"string","format":"%s","description":"mean"},{"__meta":{"schema_version":-1,"schema_name":"ColumnSpecsBase","schema_type":"Iced"},"name":"sd","type":"string","format":"%s","description":"sd"},{"__meta":{"schema_version":-1,"schema_name":"ColumnSpecsBase","schema_type":"Iced"},"name":"cv_1_valid","type":"string","format":"%s","description":"cv_1_valid"},{"__meta":{"schema_version":-1,"schema_name":"ColumnSpecsBase","schema_type":"Iced"},"name":"cv_2_valid","type":"string","format":"%s","description":"cv_2_valid"},{"__meta":{"schema_version":-1,"schema_name":"ColumnSpecsBase","schema_type":"Iced"},"name":"cv_3_valid","type":"string","format":"%s","description":"cv_3_valid"},{"__meta":{"schema_version":-1,"schema_name":"ColumnSpecsBase","schema_type":"Iced"},"name":"cv_4_valid","type":"string","format":"%s","description":"cv_4_valid"}],"rowcount":7,"data":[["mae","mean_residual_deviance","mse","r2","residual_deviance","rmse","rmsle"],["1.2341666","2.158595","2.158595","-0.43590045","2.158595","1.3742281","0.1720987"],["0.66469634","1.8922393","1.8922393","0.4029061","1.8922393","0.60010225","0.09588203"],["1.1216667","1.87575","1.87575","-0.20583929","1.87575","1.3695803","0.1541405"],["2.205","4.90405","4.90405","-0.2260125","4.90405","2.214509","0.31227103"],["0.836","1.14172","1.14172","-1.0387857","1.14172","1.068513","0.11939263"],["0.774","0.71286","0.71286","-0.27296427","0.71286","0.84431034","0.10259058"]]},"status":null,"start_time":1633026194674,"end_time":1633026194778,"run_time":104,"default_threshold":0.5,"help":{"domains":"Domains for categorical columns", "__meta":"Metadata on this schema instance, to make it self-describing.", "help":"Help information for output fields", "training_metrics":"Training data model metrics", "cross_validation_models":"Cross-validation models (model ids)", "cross_validation_predictions":"Cross-validation predictions, one per cv model (deprecated, use cross_validation_holdout_predictions_frame_id instead)", "cross_validation_metrics_summary":"Cross-validation model metrics summary", "status":"Job status", "reproducibility_information_table":"Model reproducibility information", "variable_importances":"Variable Importances", "model_summary":"Model summary", "end_time":"End time in milliseconds", "names":"Column names", "cross_validation_fold_assignment_frame_id":"Cross-validation fold assignment (each row is assigned to one holdout fold)", "run_time":"Runtime in milliseconds", "default_threshold":"Default threshold used for predictions", "scoring_history":"Scoring history", "cross_validation_holdout_predictions_frame_id":"Cross-validation holdout predictions (full out-of-sample predictions on training data)", "init_f":"The Intercept term, the initial model function value to which trees make adjustments", "model_category":"Category of the model (e.g., Binomial)", "column_types":"Column types", "original_names":"Original column names", "start_time":"Start time in milliseconds", "cv_scoring_history":"Cross-Validation scoring history", "cross_validation_metrics":"Cross-validation model metrics", "validation_metrics":"Validation data model metrics"},"variable_importances":{"__meta":{"schema_version":3,"schema_name":"TwoDimTableV3","schema_type":"TwoDimTable"},"name":"Variable Importances","description":"","columns":[{"__meta":{"schema_version":-1,"schema_name":"ColumnSpecsBase","schema_type":"Iced"},"name":"variable","type":"string","format":"%s","description":"Variable"},{"__meta":{"schema_version":-1,"schema_name":"ColumnSpecsBase","schema_type":"Iced"},"name":"relative_importance","type":"double","format":"%5f","description":"Relative Importance"},{"__meta":{"schema_version":-1,"schema_name":"ColumnSpecsBase","schema_type":"Iced"},"name":"scaled_importance","type":"double","format":"%5f","description":"Scaled Importance"},{"__meta":{"schema_version":-1,"schema_name":"ColumnSpecsBase","schema_type":"Iced"},"name":"percentage","type":"double","format":"%5f","description":"Percentage"}],"rowcount":3,"data":[["abv","style","flavor"],[737.083740234375,224.80056762695312,49.729881286621094],[1.0,0.30498646945525065,0.06746842803886595],[0.728621393552415,0.22221966638911575,0.04915894005846933]]},"init_f":0.0},"compatible_frames":null}
