{"__meta":{"schema_version":3,"schema_name":"GBMModelV3","schema_type":"GBMModel"},"model_id":{"__meta":{"schema_version":3,"schema_name":"ModelKeyV3","schema_type":"Key<Model>"},"name":"regular_2std_gbm_model","type":"Key<Model>","URL":"/3/Models/regular_2std_gbm_model"},"algo":"gbm","algo_full_name":"Gradient Boosting Machine","response_column_name":"rating","data_frame":{"__meta":{"schema_version":3,"schema_name":"FrameKeyV3","schema_type":"Key<Frame>"},"name":"py_57_sid_8a81","type":"Key<Frame>","URL":"/3/Frames/py_57_sid_8a81"},"timestamp":1630351072588,"have_pojo":true,"have_mojo":true,"algo":"gbm","algo_full_name":"Gradient Boosting Machine","model_id":{"__meta":{"schema_version":3,"schema_name":"ModelKeyV3","schema_type":"Key<Model>"},"name":"regular_2std_gbm_model","type":"Key<Model>","URL":"/3/Models/regular_2std_gbm_model"},"parameters":[{"__meta":{"schema_version":3,"schema_name":"ModelParameterSchemaV3","schema_type":"Iced"},"name":"model_id","label":"model_id","help":"Destination id for this model; auto-generated if not specified.","required":false,"type":"Key<Model>","default_value":null,"actual_value":{"__meta":{"schema_version":3,"schema_name":"ModelKeyV3","schema_type":"Key<Model>"},"name":"regular_2std_gbm_model","type":"Key<Model>","URL":"/3/Models/regular_2std_gbm_model"},"input_value":null,"level":"critical","values":[],"is_member_of_frames":[],"is_mutually_exclusive_with":[],"gridable":false},{"__meta":{"schema_version":3,"schema_name":"ModelParameterSchemaV3","schema_type":"Iced"},"name":"training_frame","label":"training_frame","help":"Id of the training data frame.","required":false,"type":"Key<Frame>","default_value":null,"actual_value":{"__meta":{"schema_version":3,"schema_name":"FrameKeyV3","schema_type":"Key<Frame>"},"name":"py_57_sid_8a81","type":"Key<Frame>","URL":"/3/Frames/py_57_sid_8a81"},"input_value":{"__meta":{"schema_version":3,"schema_name":"FrameKeyV3","schema_type":"Key<Frame>"},"name":"py_57_sid_8a81","type":"Key<Frame>","URL":"/3/Frames/py_57_sid_8a81"},"level":"critical","values":[],"is_member_of_frames":[],"is_mutually_exclusive_with":[],"gridable":false},{"__meta":{"schema_version":3,"schema_name":"ModelParameterSchemaV3","schema_type":"Iced"},"name":"validation_frame","label":"validation_frame","help":"Id of the validation data frame.","required":false,"type":"Key<Frame>","default_value":null,"actual_value":{"__meta":{"schema_version":3,"schema_name":"FrameKeyV3","schema_type":"Key<Frame>"},"name":"py_58_sid_8a81","type":"Key<Frame>","URL":"/3/Frames/py_58_sid_8a81"},"input_value":{"__meta":{"schema_version":3,"schema_name":"FrameKeyV3","schema_type":"Key<Frame>"},"name":"py_58_sid_8a81","type":"Key<Frame>","URL":"/3/Frames/py_58_sid_8a81"},"level":"critical","values":[],"is_member_of_frames":[],"is_mutually_exclusive_with":[],"gridable":true},{"__meta":{"schema_version":3,"schema_name":"ModelParameterSchemaV3","schema_type":"Iced"},"name":"nfolds","label":"nfolds","help":"Number of folds for K-fold cross-validation (0 to disable or >= 2).","required":false,"type":"int","default_value":0,"actual_value":4,"input_value":4,"level":"critical","values":[],"is_member_of_frames":[],"is_mutually_exclusive_with":[],"gridable":false},{"__meta":{"schema_version":3,"schema_name":"ModelParameterSchemaV3","schema_type":"Iced"},"name":"keep_cross_validation_models","label":"keep_cross_validation_models","help":"Whether to keep the cross-validation models.","required":false,"type":"boolean","default_value":true,"actual_value":true,"input_value":true,"level":"expert","values":[],"is_member_of_frames":[],"is_mutually_exclusive_with":[],"gridable":false},{"__meta":{"schema_version":3,"schema_name":"ModelParameterSchemaV3","schema_type":"Iced"},"name":"keep_cross_validation_predictions","label":"keep_cross_validation_predictions","help":"Whether to keep the predictions of the cross-validation models.","required":false,"type":"boolean","default_value":false,"actual_value":false,"input_value":false,"level":"expert","values":[],"is_member_of_frames":[],"is_mutually_exclusive_with":[],"gridable":false},{"__meta":{"schema_version":3,"schema_name":"ModelParameterSchemaV3","schema_type":"Iced"},"name":"keep_cross_validation_fold_assignment","label":"keep_cross_validation_fold_assignment","help":"Whether to keep the cross-validation fold assignment.","required":false,"type":"boolean","default_value":false,"actual_value":false,"input_value":false,"level":"expert","values":[],"is_member_of_frames":[],"is_mutually_exclusive_with":[],"gridable":false},{"__meta":{"schema_version":3,"schema_name":"ModelParameterSchemaV3","schema_type":"Iced"},"name":"score_each_iteration","label":"score_each_iteration","help":"Whether to score during each iteration of model training.","required":false,"type":"boolean","default_value":false,"actual_value":false,"input_value":false,"level":"secondary","values":[],"is_member_of_frames":[],"is_mutually_exclusive_with":[],"gridable":false},{"__meta":{"schema_version":3,"schema_name":"ModelParameterSchemaV3","schema_type":"Iced"},"name":"score_tree_interval","label":"score_tree_interval","help":"Score the model after every so many trees. Disabled if set to 0.","required":false,"type":"int","default_value":0,"actual_value":0,"input_value":0,"level":"secondary","values":[],"is_member_of_frames":[],"is_mutually_exclusive_with":[],"gridable":false},{"__meta":{"schema_version":3,"schema_name":"ModelParameterSchemaV3","schema_type":"Iced"},"name":"fold_assignment","label":"fold_assignment","help":"Cross-validation fold assignment scheme, if fold_column is not specified. The 'Stratified' option will stratify the folds based on the response variable, for classification problems.","required":false,"type":"enum","default_value":"AUTO","actual_value":"Random","input_value":"Random","level":"secondary","values":["AUTO","Random","Modulo","Stratified"],"is_member_of_frames":[],"is_mutually_exclusive_with":[],"gridable":true},{"__meta":{"schema_version":3,"schema_name":"ModelParameterSchemaV3","schema_type":"Iced"},"name":"fold_column","label":"fold_column","help":"Column with cross-validation fold index assignment per observation.","required":false,"type":"VecSpecifier","default_value":null,"actual_value":null,"input_value":null,"level":"secondary","values":[],"is_member_of_frames":["training_frame"],"is_mutually_exclusive_with":["response_column","weights_column","ignored_columns","offset_column"],"gridable":true},{"__meta":{"schema_version":3,"schema_name":"ModelParameterSchemaV3","schema_type":"Iced"},"name":"response_column","label":"response_column","help":"Response variable column.","required":false,"type":"VecSpecifier","default_value":null,"actual_value":{"__meta":{"schema_version":3,"schema_name":"ColSpecifierV3","schema_type":"VecSpecifier"},"column_name":"rating","is_member_of_frames":null},"input_value":{"__meta":{"schema_version":3,"schema_name":"ColSpecifierV3","schema_type":"VecSpecifier"},"column_name":"rating","is_member_of_frames":null},"level":"critical","values":[],"is_member_of_frames":["training_frame","validation_frame"],"is_mutually_exclusive_with":["weights_column","ignored_columns","offset_column","fold_column"],"gridable":true},{"__meta":{"schema_version":3,"schema_name":"ModelParameterSchemaV3","schema_type":"Iced"},"name":"ignored_columns","label":"ignored_columns","help":"Names of columns to ignore for training.","required":false,"type":"string[]","default_value":null,"actual_value":["fermentation","method","filtration","perception","name","occurrence","split"],"input_value":["fermentation","method","filtration","perception","name","occurrence","split"],"level":"critical","values":[],"is_member_of_frames":["training_frame","validation_frame"],"is_mutually_exclusive_with":["response_column","weights_column","offset_column","fold_column"],"gridable":false},{"__meta":{"schema_version":3,"schema_name":"ModelParameterSchemaV3","schema_type":"Iced"},"name":"ignore_const_cols","label":"ignore_const_cols","help":"Ignore constant columns.","required":false,"type":"boolean","default_value":true,"actual_value":true,"input_value":true,"level":"critical","values":[],"is_member_of_frames":[],"is_mutually_exclusive_with":[],"gridable":false},{"__meta":{"schema_version":3,"schema_name":"ModelParameterSchemaV3","schema_type":"Iced"},"name":"offset_column","label":"offset_column","help":"Offset column. This will be added to the combination of columns before applying the link function.","required":false,"type":"VecSpecifier","default_value":null,"actual_value":null,"input_value":null,"level":"secondary","values":[],"is_member_of_frames":["training_frame","validation_frame"],"is_mutually_exclusive_with":["response_column","weights_column","ignored_columns","fold_column"],"gridable":true},{"__meta":{"schema_version":3,"schema_name":"ModelParameterSchemaV3","schema_type":"Iced"},"name":"weights_column","label":"weights_column","help":"Column with observation weights. Giving some observation a weight of zero is equivalent to excluding it from the dataset; giving an observation a relative weight of 2 is equivalent to repeating that row twice. Negative weights are not allowed. Note: Weights are per-row observation weights and do not increase the size of the data frame. This is typically the number of times a row is repeated, but non-integer values are supported as well. During training, rows with higher weights matter more, due to the larger loss function pre-factor.","required":false,"type":"VecSpecifier","default_value":null,"actual_value":null,"input_value":null,"level":"secondary","values":[],"is_member_of_frames":["training_frame","validation_frame"],"is_mutually_exclusive_with":["response_column","ignored_columns","offset_column","fold_column"],"gridable":true},{"__meta":{"schema_version":3,"schema_name":"ModelParameterSchemaV3","schema_type":"Iced"},"name":"balance_classes","label":"balance_classes","help":"Balance training data class counts via over/under-sampling (for imbalanced data).","required":false,"type":"boolean","default_value":false,"actual_value":false,"input_value":false,"level":"secondary","values":[],"is_member_of_frames":[],"is_mutually_exclusive_with":[],"gridable":true},{"__meta":{"schema_version":3,"schema_name":"ModelParameterSchemaV3","schema_type":"Iced"},"name":"class_sampling_factors","label":"class_sampling_factors","help":"Desired over/under-sampling ratios per class (in lexicographic order). If not specified, sampling factors will be automatically computed to obtain class balance during training. Requires balance_classes.","required":false,"type":"float[]","default_value":null,"actual_value":null,"input_value":null,"level":"expert","values":[],"is_member_of_frames":[],"is_mutually_exclusive_with":[],"gridable":true},{"__meta":{"schema_version":3,"schema_name":"ModelParameterSchemaV3","schema_type":"Iced"},"name":"max_after_balance_size","label":"max_after_balance_size","help":"Maximum relative size of the training data after balancing class counts (can be less than 1.0). Requires balance_classes.","required":false,"type":"float","default_value":5.0,"actual_value":5.0,"input_value":5.0,"level":"expert","values":[],"is_member_of_frames":[],"is_mutually_exclusive_with":[],"gridable":true},{"__meta":{"schema_version":3,"schema_name":"ModelParameterSchemaV3","schema_type":"Iced"},"name":"max_confusion_matrix_size","label":"max_confusion_matrix_size","help":"[Deprecated] Maximum size (# classes) for confusion matrices to be printed in the Logs","required":false,"type":"int","default_value":20,"actual_value":20,"input_value":20,"level":"secondary","values":[],"is_member_of_frames":[],"is_mutually_exclusive_with":[],"gridable":false},{"__meta":{"schema_version":3,"schema_name":"ModelParameterSchemaV3","schema_type":"Iced"},"name":"ntrees","label":"ntrees","help":"Number of trees.","required":false,"type":"int","default_value":50,"actual_value":50,"input_value":50,"level":"critical","values":[],"is_member_of_frames":[],"is_mutually_exclusive_with":[],"gridable":true},{"__meta":{"schema_version":3,"schema_name":"ModelParameterSchemaV3","schema_type":"Iced"},"name":"max_depth","label":"max_depth","help":"Maximum tree depth (0 for unlimited).","required":false,"type":"int","default_value":5,"actual_value":5,"input_value":5,"level":"critical","values":[],"is_member_of_frames":[],"is_mutually_exclusive_with":[],"gridable":true},{"__meta":{"schema_version":3,"schema_name":"ModelParameterSchemaV3","schema_type":"Iced"},"name":"min_rows","label":"min_rows","help":"Fewest allowed (weighted) observations in a leaf.","required":false,"type":"double","default_value":10.0,"actual_value":1.0,"input_value":1.0,"level":"critical","values":[],"is_member_of_frames":[],"is_mutually_exclusive_with":[],"gridable":true},{"__meta":{"schema_version":3,"schema_name":"ModelParameterSchemaV3","schema_type":"Iced"},"name":"nbins","label":"nbins","help":"For numerical columns (real/int), build a histogram of (at least) this many bins, then split at the best point","required":false,"type":"int","default_value":20,"actual_value":13,"input_value":13,"level":"critical","values":[],"is_member_of_frames":[],"is_mutually_exclusive_with":[],"gridable":true},{"__meta":{"schema_version":3,"schema_name":"ModelParameterSchemaV3","schema_type":"Iced"},"name":"nbins_top_level","label":"nbins_top_level","help":"For numerical columns (real/int), build a histogram of (at most) this many bins at the root level, then decrease by factor of two per level","required":false,"type":"int","default_value":1024,"actual_value":16,"input_value":16,"level":"secondary","values":[],"is_member_of_frames":[],"is_mutually_exclusive_with":[],"gridable":true},{"__meta":{"schema_version":3,"schema_name":"ModelParameterSchemaV3","schema_type":"Iced"},"name":"nbins_cats","label":"nbins_cats","help":"For categorical columns (factors), build a histogram of this many bins, then split at the best point. Higher values can lead to more overfitting.","required":false,"type":"int","default_value":1024,"actual_value":1024,"input_value":1024,"level":"secondary","values":[],"is_member_of_frames":[],"is_mutually_exclusive_with":[],"gridable":true},{"__meta":{"schema_version":3,"schema_name":"ModelParameterSchemaV3","schema_type":"Iced"},"name":"r2_stopping","label":"r2_stopping","help":"r2_stopping is no longer supported and will be ignored if set - please use stopping_rounds, stopping_metric and stopping_tolerance instead. Previous version of H2O would stop making trees when the R^2 metric equals or exceeds this","required":false,"type":"double","default_value":1.7976931348623157E308,"actual_value":1.7976931348623157E308,"input_value":1.7976931348623157E308,"level":"secondary","values":[],"is_member_of_frames":[],"is_mutually_exclusive_with":[],"gridable":true},{"__meta":{"schema_version":3,"schema_name":"ModelParameterSchemaV3","schema_type":"Iced"},"name":"stopping_rounds","label":"stopping_rounds","help":"Early stopping based on convergence of stopping_metric. Stop if simple moving average of length k of the stopping_metric does not improve for k:=stopping_rounds scoring events (0 to disable)","required":false,"type":"int","default_value":0,"actual_value":0,"input_value":0,"level":"secondary","values":[],"is_member_of_frames":[],"is_mutually_exclusive_with":[],"gridable":true},{"__meta":{"schema_version":3,"schema_name":"ModelParameterSchemaV3","schema_type":"Iced"},"name":"stopping_metric","label":"stopping_metric","help":"Metric to use for early stopping (AUTO: logloss for classification, deviance for regression and anonomaly_score for Isolation Forest). Note that custom and custom_increasing can only be used in GBM and DRF with the Python client.","required":false,"type":"enum","default_value":"AUTO","actual_value":null,"input_value":"AUTO","level":"secondary","values":["AUTO","deviance","logloss","MSE","RMSE","MAE","RMSLE","AUC","AUCPR","lift_top_group","misclassification","mean_per_class_error","anomaly_score","custom","custom_increasing"],"is_member_of_frames":[],"is_mutually_exclusive_with":[],"gridable":true},{"__meta":{"schema_version":3,"schema_name":"ModelParameterSchemaV3","schema_type":"Iced"},"name":"stopping_tolerance","label":"stopping_tolerance","help":"Relative tolerance for metric-based stopping criterion (stop if relative improvement is not at least this much)","required":false,"type":"double","default_value":0.001,"actual_value":0.001,"input_value":0.001,"level":"secondary","values":[],"is_member_of_frames":[],"is_mutually_exclusive_with":[],"gridable":true},{"__meta":{"schema_version":3,"schema_name":"ModelParameterSchemaV3","schema_type":"Iced"},"name":"max_runtime_secs","label":"max_runtime_secs","help":"Maximum allowed runtime in seconds for model training. Use 0 to disable.","required":false,"type":"double","default_value":0.0,"actual_value":0.0,"input_value":0.0,"level":"secondary","values":[],"is_member_of_frames":[],"is_mutually_exclusive_with":[],"gridable":true},{"__meta":{"schema_version":3,"schema_name":"ModelParameterSchemaV3","schema_type":"Iced"},"name":"seed","label":"seed","help":"Seed for pseudo random number generator (if applicable)","required":false,"type":"long","default_value":-1,"actual_value":12,"input_value":12,"level":"critical","values":[],"is_member_of_frames":[],"is_mutually_exclusive_with":[],"gridable":true},{"__meta":{"schema_version":3,"schema_name":"ModelParameterSchemaV3","schema_type":"Iced"},"name":"build_tree_one_node","label":"build_tree_one_node","help":"Run on one node only; no network overhead but fewer cpus used. Suitable for small datasets.","required":false,"type":"boolean","default_value":false,"actual_value":true,"input_value":true,"level":"expert","values":[],"is_member_of_frames":[],"is_mutually_exclusive_with":[],"gridable":false},{"__meta":{"schema_version":3,"schema_name":"ModelParameterSchemaV3","schema_type":"Iced"},"name":"learn_rate","label":"learn_rate","help":"Learning rate (from 0.0 to 1.0)","required":false,"type":"double","default_value":0.1,"actual_value":0.1,"input_value":0.1,"level":"critical","values":[],"is_member_of_frames":[],"is_mutually_exclusive_with":[],"gridable":true},{"__meta":{"schema_version":3,"schema_name":"ModelParameterSchemaV3","schema_type":"Iced"},"name":"learn_rate_annealing","label":"learn_rate_annealing","help":"Scale the learning rate by this factor after each tree (e.g., 0.99 or 0.999) ","required":false,"type":"double","default_value":1.0,"actual_value":1.0,"input_value":1.0,"level":"secondary","values":[],"is_member_of_frames":[],"is_mutually_exclusive_with":[],"gridable":true},{"__meta":{"schema_version":3,"schema_name":"ModelParameterSchemaV3","schema_type":"Iced"},"name":"distribution","label":"distribution","help":"Distribution function","required":false,"type":"enum","default_value":"AUTO","actual_value":"gaussian","input_value":"gaussian","level":"secondary","values":["AUTO","bernoulli","quasibinomial","ordinal","multinomial","gaussian","poisson","gamma","tweedie","laplace","quantile","huber","custom"],"is_member_of_frames":[],"is_mutually_exclusive_with":[],"gridable":true},{"__meta":{"schema_version":3,"schema_name":"ModelParameterSchemaV3","schema_type":"Iced"},"name":"quantile_alpha","label":"quantile_alpha","help":"Desired quantile for Quantile regression, must be between 0 and 1.","required":false,"type":"double","default_value":0.5,"actual_value":0.5,"input_value":0.5,"level":"secondary","values":[],"is_member_of_frames":[],"is_mutually_exclusive_with":[],"gridable":true},{"__meta":{"schema_version":3,"schema_name":"ModelParameterSchemaV3","schema_type":"Iced"},"name":"tweedie_power","label":"tweedie_power","help":"Tweedie power for Tweedie regression, must be between 1 and 2.","required":false,"type":"double","default_value":1.5,"actual_value":1.5,"input_value":1.5,"level":"secondary","values":[],"is_member_of_frames":[],"is_mutually_exclusive_with":[],"gridable":true},{"__meta":{"schema_version":3,"schema_name":"ModelParameterSchemaV3","schema_type":"Iced"},"name":"huber_alpha","label":"huber_alpha","help":"Desired quantile for Huber/M-regression (threshold between quadratic and linear loss, must be between 0 and 1).","required":false,"type":"double","default_value":0.9,"actual_value":0.9,"input_value":0.9,"level":"secondary","values":[],"is_member_of_frames":[],"is_mutually_exclusive_with":[],"gridable":true},{"__meta":{"schema_version":3,"schema_name":"ModelParameterSchemaV3","schema_type":"Iced"},"name":"checkpoint","label":"checkpoint","help":"Model checkpoint to resume training with.","required":false,"type":"Key<Model>","default_value":null,"actual_value":null,"input_value":null,"level":"secondary","values":[],"is_member_of_frames":[],"is_mutually_exclusive_with":[],"gridable":false},{"__meta":{"schema_version":3,"schema_name":"ModelParameterSchemaV3","schema_type":"Iced"},"name":"sample_rate","label":"sample_rate","help":"Row sample rate per tree (from 0.0 to 1.0)","required":false,"type":"double","default_value":1.0,"actual_value":1.0,"input_value":1.0,"level":"critical","values":[],"is_member_of_frames":[],"is_mutually_exclusive_with":[],"gridable":true},{"__meta":{"schema_version":3,"schema_name":"ModelParameterSchemaV3","schema_type":"Iced"},"name":"sample_rate_per_class","label":"sample_rate_per_class","help":"A list of row sample rates per class (relative fraction for each class, from 0.0 to 1.0), for each tree","required":false,"type":"double[]","default_value":null,"actual_value":null,"input_value":null,"level":"expert","values":[],"is_member_of_frames":[],"is_mutually_exclusive_with":[],"gridable":true},{"__meta":{"schema_version":3,"schema_name":"ModelParameterSchemaV3","schema_type":"Iced"},"name":"col_sample_rate","label":"col_sample_rate","help":"Column sample rate (from 0.0 to 1.0)","required":false,"type":"double","default_value":1.0,"actual_value":1.0,"input_value":1.0,"level":"critical","values":[],"is_member_of_frames":[],"is_mutually_exclusive_with":[],"gridable":true},{"__meta":{"schema_version":3,"schema_name":"ModelParameterSchemaV3","schema_type":"Iced"},"name":"col_sample_rate_change_per_level","label":"col_sample_rate_change_per_level","help":"Relative change of the column sampling rate for every level (must be > 0.0 and <= 2.0)","required":false,"type":"double","default_value":1.0,"actual_value":1.0,"input_value":1.0,"level":"expert","values":[],"is_member_of_frames":[],"is_mutually_exclusive_with":[],"gridable":true},{"__meta":{"schema_version":3,"schema_name":"ModelParameterSchemaV3","schema_type":"Iced"},"name":"col_sample_rate_per_tree","label":"col_sample_rate_per_tree","help":"Column sample rate per tree (from 0.0 to 1.0)","required":false,"type":"double","default_value":1.0,"actual_value":1.0,"input_value":1.0,"level":"secondary","values":[],"is_member_of_frames":[],"is_mutually_exclusive_with":[],"gridable":true},{"__meta":{"schema_version":3,"schema_name":"ModelParameterSchemaV3","schema_type":"Iced"},"name":"min_split_improvement","label":"min_split_improvement","help":"Minimum relative improvement in squared error reduction for a split to happen","required":false,"type":"double","default_value":1.0E-5,"actual_value":1.0E-5,"input_value":1.0E-5,"level":"secondary","values":[],"is_member_of_frames":[],"is_mutually_exclusive_with":[],"gridable":true},{"__meta":{"schema_version":3,"schema_name":"ModelParameterSchemaV3","schema_type":"Iced"},"name":"histogram_type","label":"histogram_type","help":"What type of histogram to use for finding optimal split points","required":false,"type":"enum","default_value":"AUTO","actual_value":"UniformAdaptive","input_value":"AUTO","level":"secondary","values":["AUTO","UniformAdaptive","Random","QuantilesGlobal","RoundRobin"],"is_member_of_frames":[],"is_mutually_exclusive_with":[],"gridable":true},{"__meta":{"schema_version":3,"schema_name":"ModelParameterSchemaV3","schema_type":"Iced"},"name":"max_abs_leafnode_pred","label":"max_abs_leafnode_pred","help":"Maximum absolute value of a leaf node prediction","required":false,"type":"double","default_value":1.7976931348623157E308,"actual_value":1.7976931348623157E308,"input_value":1.7976931348623157E308,"level":"expert","values":[],"is_member_of_frames":[],"is_mutually_exclusive_with":[],"gridable":true},{"__meta":{"schema_version":3,"schema_name":"ModelParameterSchemaV3","schema_type":"Iced"},"name":"pred_noise_bandwidth","label":"pred_noise_bandwidth","help":"Bandwidth (sigma) of Gaussian multiplicative noise ~N(1,sigma) for tree node predictions","required":false,"type":"double","default_value":0.0,"actual_value":0.0,"input_value":0.0,"level":"expert","values":[],"is_member_of_frames":[],"is_mutually_exclusive_with":[],"gridable":true},{"__meta":{"schema_version":3,"schema_name":"ModelParameterSchemaV3","schema_type":"Iced"},"name":"categorical_encoding","label":"categorical_encoding","help":"Encoding scheme for categorical features","required":false,"type":"enum","default_value":"AUTO","actual_value":"Enum","input_value":"Enum","level":"secondary","values":["AUTO","Enum","OneHotInternal","OneHotExplicit","Binary","Eigen","LabelEncoder","SortByResponse","EnumLimited"],"is_member_of_frames":[],"is_mutually_exclusive_with":[],"gridable":true},{"__meta":{"schema_version":3,"schema_name":"ModelParameterSchemaV3","schema_type":"Iced"},"name":"calibrate_model","label":"calibrate_model","help":"Use Platt Scaling to calculate calibrated class probabilities. Calibration can provide more accurate estimates of class probabilities.","required":false,"type":"boolean","default_value":false,"actual_value":false,"input_value":false,"level":"expert","values":[],"is_member_of_frames":[],"is_mutually_exclusive_with":[],"gridable":false},{"__meta":{"schema_version":3,"schema_name":"ModelParameterSchemaV3","schema_type":"Iced"},"name":"calibration_frame","label":"calibration_frame","help":"Calibration frame for Platt Scaling","required":false,"type":"Key<Frame>","default_value":null,"actual_value":null,"input_value":null,"level":"expert","values":[],"is_member_of_frames":[],"is_mutually_exclusive_with":[],"gridable":false},{"__meta":{"schema_version":3,"schema_name":"ModelParameterSchemaV3","schema_type":"Iced"},"name":"custom_metric_func","label":"custom_metric_func","help":"Reference to custom evaluation function, format: `language:keyName=funcName`","required":false,"type":"string","default_value":null,"actual_value":null,"input_value":null,"level":"secondary","values":[],"is_member_of_frames":[],"is_mutually_exclusive_with":[],"gridable":false},{"__meta":{"schema_version":3,"schema_name":"ModelParameterSchemaV3","schema_type":"Iced"},"name":"custom_distribution_func","label":"custom_distribution_func","help":"Reference to custom distribution, format: `language:keyName=funcName`","required":false,"type":"string","default_value":null,"actual_value":null,"input_value":null,"level":"secondary","values":[],"is_member_of_frames":[],"is_mutually_exclusive_with":[],"gridable":false},{"__meta":{"schema_version":3,"schema_name":"ModelParameterSchemaV3","schema_type":"Iced"},"name":"export_checkpoints_dir","label":"export_checkpoints_dir","help":"Automatically export generated models to this directory.","required":false,"type":"string","default_value":null,"actual_value":null,"input_value":null,"level":"secondary","values":[],"is_member_of_frames":[],"is_mutually_exclusive_with":[],"gridable":false},{"__meta":{"schema_version":3,"schema_name":"ModelParameterSchemaV3","schema_type":"Iced"},"name":"monotone_constraints","label":"monotone_constraints","help":"A mapping representing monotonic constraints. Use +1 to enforce an increasing constraint and -1 to specify a decreasing constraint.","required":false,"type":"KeyValue[]","default_value":null,"actual_value":null,"input_value":null,"level":"secondary","values":[],"is_member_of_frames":[],"is_mutually_exclusive_with":[],"gridable":false},{"__meta":{"schema_version":3,"schema_name":"ModelParameterSchemaV3","schema_type":"Iced"},"name":"check_constant_response","label":"check_constant_response","help":"Check if response column is constant. If enabled, then an exception is thrown if the response column is a constant value.If disabled, then model will train regardless of the response column being a constant value or not.","required":false,"type":"boolean","default_value":true,"actual_value":true,"input_value":true,"level":"expert","values":[],"is_member_of_frames":[],"is_mutually_exclusive_with":[],"gridable":false},{"__meta":{"schema_version":3,"schema_name":"ModelParameterSchemaV3","schema_type":"Iced"},"name":"gainslift_bins","label":"gainslift_bins","help":"Gains/Lift table number of bins. 0 means disabled.. Default value -1 means automatic binning.","required":false,"type":"int","default_value":-1,"actual_value":-1,"input_value":-1,"level":"secondary","values":[],"is_member_of_frames":[],"is_mutually_exclusive_with":[],"gridable":false},{"__meta":{"schema_version":3,"schema_name":"ModelParameterSchemaV3","schema_type":"Iced"},"name":"auc_type","label":"auc_type","help":"Set default multinomial AUC type.","required":false,"type":"enum","default_value":"AUTO","actual_value":"AUTO","input_value":"AUTO","level":"secondary","values":["AUTO","NONE","MACRO_OVR","WEIGHTED_OVR","MACRO_OVO","WEIGHTED_OVO"],"is_member_of_frames":[],"is_mutually_exclusive_with":[],"gridable":true}],"output":{"__meta":{"schema_version":3,"schema_name":"GBMModelOutputV3","schema_type":"GBMOutput"},"names":["style","flavor","abv","pasteurization","rating"],"original_names":null,"column_types":["Enum","Enum","Numeric","Enum","Numeric"],"domains":[["ale","alt","blonde","dark","keller","lager","mix","pils","soda","wheat"],["fruit","herb","lemon","standard"],null,["pasteurized","unpasteurized"],null],"cross_validation_models":[{"__meta":{"schema_version":3,"schema_name":"ModelKeyV3","schema_type":"Key<Model>"},"name":"regular_2std_gbm_model_cv_1","type":"Key<Model>","URL":"/3/Models/regular_2std_gbm_model_cv_1"},{"__meta":{"schema_version":3,"schema_name":"ModelKeyV3","schema_type":"Key<Model>"},"name":"regular_2std_gbm_model_cv_2","type":"Key<Model>","URL":"/3/Models/regular_2std_gbm_model_cv_2"},{"__meta":{"schema_version":3,"schema_name":"ModelKeyV3","schema_type":"Key<Model>"},"name":"regular_2std_gbm_model_cv_3","type":"Key<Model>","URL":"/3/Models/regular_2std_gbm_model_cv_3"},{"__meta":{"schema_version":3,"schema_name":"ModelKeyV3","schema_type":"Key<Model>"},"name":"regular_2std_gbm_model_cv_4","type":"Key<Model>","URL":"/3/Models/regular_2std_gbm_model_cv_4"}],"cross_validation_predictions":null,"cross_validation_holdout_predictions_frame_id":null,"cross_validation_fold_assignment_frame_id":null,"model_category":"Regression","model_summary":{"__meta":{"schema_version":3,"schema_name":"TwoDimTableV3","schema_type":"TwoDimTable"},"name":"Model Summary","description":"","columns":[{"__meta":{"schema_version":-1,"schema_name":"ColumnSpecsBase","schema_type":"Iced"},"name":"","type":"string","format":"%s","description":""},{"__meta":{"schema_version":-1,"schema_name":"ColumnSpecsBase","schema_type":"Iced"},"name":"number_of_trees","type":"long","format":"%d","description":"Number of Trees"},{"__meta":{"schema_version":-1,"schema_name":"ColumnSpecsBase","schema_type":"Iced"},"name":"number_of_internal_trees","type":"long","format":"%d","description":"Number of Internal Trees"},{"__meta":{"schema_version":-1,"schema_name":"ColumnSpecsBase","schema_type":"Iced"},"name":"model_size_in_bytes","type":"long","format":"%d","description":"Model Size in Bytes"},{"__meta":{"schema_version":-1,"schema_name":"ColumnSpecsBase","schema_type":"Iced"},"name":"min_depth","type":"long","format":"%d","description":"Min. Depth"},{"__meta":{"schema_version":-1,"schema_name":"ColumnSpecsBase","schema_type":"Iced"},"name":"max_depth","type":"long","format":"%d","description":"Max. Depth"},{"__meta":{"schema_version":-1,"schema_name":"ColumnSpecsBase","schema_type":"Iced"},"name":"mean_depth","type":"double","format":"%.5f","description":"Mean Depth"},{"__meta":{"schema_version":-1,"schema_name":"ColumnSpecsBase","schema_type":"Iced"},"name":"min_leaves","type":"long","format":"%d","description":"Min. Leaves"},{"__meta":{"schema_version":-1,"schema_name":"ColumnSpecsBase","schema_type":"Iced"},"name":"max_leaves","type":"long","format":"%d","description":"Max. Leaves"},{"__meta":{"schema_version":-1,"schema_name":"ColumnSpecsBase","schema_type":"Iced"},"name":"mean_leaves","type":"double","format":"%.5f","description":"Mean Leaves"}],"rowcount":1,"data":[[""],[50],[50],[15103],[5],[5],[5.0],[11],[26],[19.42]]},"scoring_history":{"__meta":{"schema_version":3,"schema_name":"TwoDimTableV3","schema_type":"TwoDimTable"},"name":"Scoring History","description":"","columns":[{"__meta":{"schema_version":-1,"schema_name":"ColumnSpecsBase","schema_type":"Iced"},"name":"","type":"string","format":"%s","description":""},{"__meta":{"schema_version":-1,"schema_name":"ColumnSpecsBase","schema_type":"Iced"},"name":"timestamp","type":"string","format":"%s","description":"Timestamp"},{"__meta":{"schema_version":-1,"schema_name":"ColumnSpecsBase","schema_type":"Iced"},"name":"duration","type":"string","format":"%s","description":"Duration"},{"__meta":{"schema_version":-1,"schema_name":"ColumnSpecsBase","schema_type":"Iced"},"name":"number_of_trees","type":"long","format":"%d","description":"Number of Trees"},{"__meta":{"schema_version":-1,"schema_name":"ColumnSpecsBase","schema_type":"Iced"},"name":"training_rmse","type":"double","format":"%.5f","description":"Training RMSE"},{"__meta":{"schema_version":-1,"schema_name":"ColumnSpecsBase","schema_type":"Iced"},"name":"training_mae","type":"double","format":"%.5f","description":"Training MAE"},{"__meta":{"schema_version":-1,"schema_name":"ColumnSpecsBase","schema_type":"Iced"},"name":"training_deviance","type":"double","format":"%.5f","description":"Training Deviance"},{"__meta":{"schema_version":-1,"schema_name":"ColumnSpecsBase","schema_type":"Iced"},"name":"validation_rmse","type":"double","format":"%.5f","description":"Validation RMSE"},{"__meta":{"schema_version":-1,"schema_name":"ColumnSpecsBase","schema_type":"Iced"},"name":"validation_mae","type":"double","format":"%.5f","description":"Validation MAE"},{"__meta":{"schema_version":-1,"schema_name":"ColumnSpecsBase","schema_type":"Iced"},"name":"validation_deviance","type":"double","format":"%.5f","description":"Validation Deviance"}],"rowcount":51,"data":[["","","","","","","","","","","","","","","","","","","","","","","","","","","","","","","","","","","","","","","","","","","","","","","","","","",""],["2021-08-30 21:17:52","2021-08-30 21:17:52","2021-08-30 21:17:52","2021-08-30 21:17:52","2021-08-30 21:17:52","2021-08-30 21:17:52","2021-08-30 21:17:52","2021-08-30 21:17:52","2021-08-30 21:17:52","2021-08-30 21:17:52","2021-08-30 21:17:52","2021-08-30 21:17:52","2021-08-30 21:17:52","2021-08-30 21:17:52","2021-08-30 21:17:52","2021-08-30 21:17:52","2021-08-30 21:17:52","2021-08-30 21:17:52","2021-08-30 21:17:52","2021-08-30 21:17:52","2021-08-30 21:17:52","2021-08-30 21:17:52","2021-08-30 21:17:52","2021-08-30 21:17:52","2021-08-30 21:17:52","2021-08-30 21:17:52","2021-08-30 21:17:52","2021-08-30 21:17:52","2021-08-30 21:17:52","2021-08-30 21:17:52","2021-08-30 21:17:52","2021-08-30 21:17:52","2021-08-30 21:17:52","2021-08-30 21:17:52","2021-08-30 21:17:52","2021-08-30 21:17:52","2021-08-30 21:17:52","2021-08-30 21:17:52","2021-08-30 21:17:52","2021-08-30 21:17:52","2021-08-30 21:17:52","2021-08-30 21:17:52","2021-08-30 21:17:52","2021-08-30 21:17:52","2021-08-30 21:17:52","2021-08-30 21:17:52","2021-08-30 21:17:52","2021-08-30 21:17:52","2021-08-30 21:17:52","2021-08-30 21:17:52","2021-08-30 21:17:52"],[" 0.193 sec"," 0.197 sec"," 0.199 sec"," 0.201 sec"," 0.203 sec"," 0.205 sec"," 0.207 sec"," 0.209 sec"," 0.211 sec"," 0.214 sec"," 0.216 sec"," 0.218 sec"," 0.220 sec"," 0.222 sec"," 0.224 sec"," 0.226 sec"," 0.228 sec"," 0.230 sec"," 0.232 sec"," 0.235 sec"," 0.237 sec"," 0.239 sec"," 0.240 sec"," 0.242 sec"," 0.244 sec"," 0.245 sec"," 0.247 sec"," 0.249 sec"," 0.251 sec"," 0.253 sec"," 0.256 sec"," 0.259 sec"," 0.262 sec"," 0.264 sec"," 0.267 sec"," 0.269 sec"," 0.272 sec"," 0.274 sec"," 0.276 sec"," 0.279 sec"," 0.281 sec"," 0.283 sec"," 0.286 sec"," 0.289 sec"," 0.291 sec"," 0.294 sec"," 0.296 sec"," 0.298 sec"," 0.300 sec"," 0.303 sec"," 0.305 sec"],[0,1,2,3,4,5,6,7,8,9,10,11,12,13,14,15,16,17,18,19,20,21,22,23,24,25,26,27,28,29,30,31,32,33,34,35,36,37,38,39,40,41,42,43,44,45,46,47,48,49,50],[1.3781219927289095,1.326824386923286,1.2831275531513333,1.2467059179834123,1.2156270809454224,1.191066218468134,1.1549987178522374,1.1349855046295285,1.0994723486856457,1.0850566631716805,1.0711919344686927,1.05411704011197,1.0429023440269467,1.0204028606437685,1.006857783444026,0.9875223813359838,0.9807743322506802,0.9752741661386649,0.9644747409539839,0.9554633812859175,0.946677677597764,0.9396717854293318,0.9334185320690698,0.9281057302032927,0.9251726104553449,0.9225522169914296,0.9183120092242234,0.9164201815785327,0.9102248309011906,0.9086392193548567,0.9036624805650286,0.9002432075861528,0.8970733829335732,0.8960050136525312,0.8926905281950391,0.8904576693798713,0.8881774743499657,0.8877871237117183,0.8861213562678512,0.8843942533731974,0.876373512333572,0.8700817102855896,0.8699336563008008,0.8683695903733855,0.8682315578383879,0.866969578956778,0.8658444074155484,0.8651795983429771,0.8611156824501361,0.860363223911435,0.8602624226461256],[1.0867202268431,1.0496546185534934,1.019895330719326,0.99350731269173,0.9709715065748795,0.9481605550517207,0.9110315778981084,0.8940403927927432,0.8573794675909955,0.8420556317205015,0.8244982802349589,0.8053256739740786,0.7928970585698667,0.765931829162266,0.749810156614884,0.7288525570993838,0.7205748609874559,0.713124912718068,0.6975504470908124,0.6834987194641776,0.6728741189707881,0.6644470069719397,0.6529935028242029,0.6426676615424778,0.6366524385369342,0.6309105365172677,0.6216732367225315,0.6175365862639054,0.6087727961332902,0.6048143428304921,0.5971293086590974,0.590167874875276,0.5844288442445837,0.5812876276347948,0.5751389472380929,0.5677827855815059,0.562601519667584,0.56061343524767,0.5572128295898438,0.5527727241101472,0.5435733587845512,0.5366286972294683,0.535398472910342,0.5302689749261608,0.5292521404183429,0.5249720500863116,0.5210297211356785,0.5193104432976764,0.5136812044226605,0.5106598864430967,0.5098284171975177],[1.8992202268431002,1.760462953734354,1.646416317656128,1.5542756459348628,1.4777491999278882,1.4186387367759805,1.3340220382403123,1.2881920957191453,1.20883944552433,1.1773479622932614,1.14745216047078,1.1111627342544204,1.0876452991769,1.041221998009986,1.013762596081817,0.9752004536394921,0.9619182908017676,0.9511596991374681,0.9302115259382543,0.9129102729783184,0.896198625261896,0.8829830643319482,0.871270156009977,0.861380246436187,0.8559443591367575,0.8511025930758018,0.8432969462854302,0.8398259492044309,0.8285092427891009,0.8256252309498034,0.8166058787809408,0.810437832805005,0.8047406543678853,0.8028249844904726,0.7968963791291379,0.7929148609574321,0.7888592259426841,0.7881659770283259,0.7852110580339761,0.7821531953995354,0.7680305331198813,0.7570421825734965,0.7567845663648798,0.7540657454852413,0.7538260380264739,0.7516362508364928,0.7496865378527822,0.7485357373889151,0.7415202185615637,0.7402248770592782,0.7400514358169813],[1.7192932018624292,1.710525544039773,1.699015988365863,1.6942279174251096,1.6947391814130637,1.7023657719214145,1.7074891355630615,1.7034563146597757,1.7105681492712812,1.7147284715206337,1.7256137195371055,1.7296855575529382,1.727933796279502,1.7329244905169665,1.7331939008286152,1.739609234444858,1.738397523382242,1.7375499369427037,1.7379031043270232,1.7380704628187484,1.7378486059048024,1.7360818092320154,1.736965373940313,1.7376234774638346,1.7420276355199185,1.7449585913808086,1.7476607593592126,1.7462633972132229,1.7503312886972167,1.7480406159850874,1.7519079817564545,1.751554911334136,1.7513746832870476,1.7495219178042987,1.7536920697925227,1.7554367181321895,1.7552595669536515,1.755928626795601,1.7557428111447995,1.7560343211634326,1.753057817276511,1.750948408264621,1.7508367865893042,1.7503081815394101,1.7503994539965195,1.7499676580528092,1.748855966061712,1.7488265267259353,1.7508255462955837,1.7500404841739539,1.749654321016146],[1.3453716690042072,1.3513752820471827,1.353975304514091,1.3608257553845817,1.3665350093120943,1.373965180342818,1.3750325059959057,1.3777239263543613,1.3850145184395433,1.3891596918753986,1.3976257718796192,1.401892042826691,1.4014292190389268,1.4044807616858694,1.3991208359656297,1.404256030439199,1.4003366829494057,1.3968092690158977,1.3935360398260799,1.3897760570406896,1.386213008655065,1.3821008798182715,1.3797293386539367,1.3756413305085256,1.3797744391362976,1.3812946910140838,1.3815847882209449,1.380140289163768,1.3811656937045298,1.3794402329413502,1.3801781336068006,1.3757501900553686,1.3739812294716838,1.3723017609772945,1.3737983507198954,1.372335668389335,1.3701214711133853,1.3707303900501582,1.368982272018809,1.3681021690613602,1.3629002188051582,1.3551848493872176,1.3550017070795901,1.3533183161887412,1.3531113873232978,1.3516145920245672,1.349280665480878,1.349025160478534,1.3490461582799746,1.3472628191084544,1.3467578543627232],[2.9559691139703634,2.9258976368125613,2.886655328722831,2.870408236182624,2.872140893016621,2.898049221409593,2.9155191480658913,2.9017634159542647,2.926043393301376,2.9402937310434885,2.9777427090546844,2.991812128007219,2.985755204324892,3.003027289833488,3.003961097869512,3.0262402885658246,3.0220259493015127,3.0190797833695933,3.0203072000295044,3.0208889337229783,3.020117777045265,3.013980048346308,3.0170487102676113,3.0193353494335096,3.034660282915118,3.044880485633696,3.05431812980402,3.049435852446666,3.0636596201924595,3.0556459951335238,3.0691815765419737,3.0679446074187333,3.067313281258806,3.060826940877631,3.0754358756531825,3.0815580713667123,3.08093614738232,3.0832853424002846,3.082632818886643,3.0836565371039177,3.073211710714285,3.06582032840441,3.0654294532743607,3.063578730363797,3.0638982485513133,3.062386804230834,3.058497190029644,3.0583942205802988,3.0653900935612293,3.062641696247807,3.0612902430504705]]},"cv_scoring_history":[{"__meta":{"schema_version":3,"schema_name":"TwoDimTableV3","schema_type":"TwoDimTable"},"name":"Scoring History","description":"","columns":[{"__meta":{"schema_version":-1,"schema_name":"ColumnSpecsBase","schema_type":"Iced"},"name":"","type":"string","format":"%s","description":""},{"__meta":{"schema_version":-1,"schema_name":"ColumnSpecsBase","schema_type":"Iced"},"name":"timestamp","type":"string","format":"%s","description":"Timestamp"},{"__meta":{"schema_version":-1,"schema_name":"ColumnSpecsBase","schema_type":"Iced"},"name":"duration","type":"string","format":"%s","description":"Duration"},{"__meta":{"schema_version":-1,"schema_name":"ColumnSpecsBase","schema_type":"Iced"},"name":"number_of_trees","type":"long","format":"%d","description":"Number of Trees"},{"__meta":{"schema_version":-1,"schema_name":"ColumnSpecsBase","schema_type":"Iced"},"name":"training_rmse","type":"double","format":"%.5f","description":"Training RMSE"},{"__meta":{"schema_version":-1,"schema_name":"ColumnSpecsBase","schema_type":"Iced"},"name":"training_mae","type":"double","format":"%.5f","description":"Training MAE"},{"__meta":{"schema_version":-1,"schema_name":"ColumnSpecsBase","schema_type":"Iced"},"name":"training_deviance","type":"double","format":"%.5f","description":"Training Deviance"},{"__meta":{"schema_version":-1,"schema_name":"ColumnSpecsBase","schema_type":"Iced"},"name":"validation_rmse","type":"double","format":"%.5f","description":"Validation RMSE"},{"__meta":{"schema_version":-1,"schema_name":"ColumnSpecsBase","schema_type":"Iced"},"name":"validation_mae","type":"double","format":"%.5f","description":"Validation MAE"},{"__meta":{"schema_version":-1,"schema_name":"ColumnSpecsBase","schema_type":"Iced"},"name":"validation_deviance","type":"double","format":"%.5f","description":"Validation Deviance"}],"rowcount":51,"data":[["","","","","","","","","","","","","","","","","","","","","","","","","","","","","","","","","","","","","","","","","","","","","","","","","","",""],["2021-08-30 21:17:52","2021-08-30 21:17:52","2021-08-30 21:17:52","2021-08-30 21:17:52","2021-08-30 21:17:52","2021-08-30 21:17:52","2021-08-30 21:17:52","2021-08-30 21:17:52","2021-08-30 21:17:52","2021-08-30 21:17:52","2021-08-30 21:17:52","2021-08-30 21:17:52","2021-08-30 21:17:52","2021-08-30 21:17:52","2021-08-30 21:17:52","2021-08-30 21:17:52","2021-08-30 21:17:52","2021-08-30 21:17:52","2021-08-30 21:17:52","2021-08-30 21:17:52","2021-08-30 21:17:52","2021-08-30 21:17:52","2021-08-30 21:17:52","2021-08-30 21:17:52","2021-08-30 21:17:52","2021-08-30 21:17:52","2021-08-30 21:17:52","2021-08-30 21:17:52","2021-08-30 21:17:52","2021-08-30 21:17:52","2021-08-30 21:17:52","2021-08-30 21:17:52","2021-08-30 21:17:52","2021-08-30 21:17:52","2021-08-30 21:17:52","2021-08-30 21:17:52","2021-08-30 21:17:52","2021-08-30 21:17:52","2021-08-30 21:17:52","2021-08-30 21:17:52","2021-08-30 21:17:52","2021-08-30 21:17:52","2021-08-30 21:17:52","2021-08-30 21:17:52","2021-08-30 21:17:52","2021-08-30 21:17:52","2021-08-30 21:17:52","2021-08-30 21:17:52","2021-08-30 21:17:52","2021-08-30 21:17:52","2021-08-30 21:17:52"],[" 0.007 sec"," 0.012 sec"," 0.014 sec"," 0.016 sec"," 0.018 sec"," 0.020 sec"," 0.022 sec"," 0.024 sec"," 0.026 sec"," 0.028 sec"," 0.031 sec"," 0.033 sec"," 0.035 sec"," 0.038 sec"," 0.040 sec"," 0.042 sec"," 0.044 sec"," 0.047 sec"," 0.049 sec"," 0.051 sec"," 0.053 sec"," 0.057 sec"," 0.060 sec"," 0.063 sec"," 0.066 sec"," 0.068 sec"," 0.072 sec"," 0.075 sec"," 0.077 sec"," 0.079 sec"," 0.082 sec"," 0.084 sec"," 0.086 sec"," 0.089 sec"," 0.091 sec"," 0.094 sec"," 0.097 sec"," 0.106 sec"," 0.111 sec"," 0.116 sec"," 0.121 sec"," 0.127 sec"," 0.129 sec"," 0.132 sec"," 0.135 sec"," 0.138 sec"," 0.141 sec"," 0.144 sec"," 0.147 sec"," 0.150 sec"," 0.159 sec"],[0,1,2,3,4,5,6,7,8,9,10,11,12,13,14,15,16,17,18,19,20,21,22,23,24,25,26,27,28,29,30,31,32,33,34,35,36,37,38,39,40,41,42,43,44,45,46,47,48,49,50],[1.3512689348812101,1.3070869338331694,1.2686143560370484,1.237191162296361,1.209360256748423,1.1852107948800445,1.165282909800613,1.142215477654911,1.122937780602589,1.1098250672446284,1.095200975209326,1.0855272199205688,1.074297105656615,1.0650013528182953,1.0570689218729727,1.0497726317858145,1.0404413657448166,1.0341310353211084,1.0281565906360846,1.023697054903766,1.0192157040577239,1.0152732571331922,1.0062139656984985,1.0038271929767457,0.9966739600160541,0.9942609637356294,0.9884903888353501,0.9873333413249958,0.9828984005878644,0.9805864405663147,0.9790812068877659,0.9755090697866561,0.9727639300009593,0.9705255184483498,0.9695759507922241,0.9676130201443617,0.9669270869582639,0.9645380540263282,0.9623065600794545,0.960713706144876,0.9591636026846999,0.9581032955773363,0.9570291984552927,0.9565979252272839,0.9557877420866996,0.9554852736796444,0.9554172448559232,0.9551837364411184,0.9549937732555169,0.9544953686666295,0.9544413311314272],[1.05712890625,1.016534112393856,0.9808777496218681,0.9557981863617897,0.9265557527542114,0.9041703194379807,0.884023405611515,0.8614286482334137,0.8410098403692245,0.8229556456208229,0.8056917637586594,0.7903719544410706,0.7748636677861214,0.7617766410112381,0.7485897243022919,0.7379031628370285,0.7264279872179031,0.7158095315098763,0.7055119052529335,0.6965691670775414,0.6883785501122475,0.6804462298750877,0.6673897281289101,0.6615609899163246,0.6509747579693794,0.6452264711260796,0.6353460550308228,0.630421057343483,0.622618779540062,0.6171228662133217,0.6126307025551796,0.6037453338503838,0.597287505865097,0.5919105038046837,0.5884810611605644,0.5826244577765465,0.5803588926792145,0.5735911279916763,0.5665611401200294,0.5611058175563812,0.5550673380494118,0.5506341084837914,0.5455703213810921,0.543105311691761,0.5388825610280037,0.5368145331740379,0.5361471399664879,0.5343480706214905,0.5329373851418495,0.5300001725554466,0.5294092744588852],[1.825927734375,1.7084762525973964,1.609382384343295,1.5306419720642204,1.4625522306026113,1.4047246283001869,1.3578842598733836,1.3046561973944364,1.2609892591046687,1.231711679884544,1.1994651760994586,1.1783693451884787,1.1541142712221806,1.134227881504799,1.117394705589689,1.1020225784465154,1.0825182355529392,1.0694269982143076,1.057105974868417,1.0479556602186442,1.0388006513978816,1.0307797866498412,1.0124665447666992,1.0076690333595728,0.9933589825740832,0.9885548640085027,0.9771132488198617,0.9748271268919808,0.9660892658781819,0.9615497674225146,0.9586000096808043,0.9516179452360269,0.9462696635109111,0.941919781959438,0.9400775243546455,0.936274956752893,0.9349479914935941,0.930333657664896,0.9260339155719528,0.9229708251746231,0.9199948167150929,0.9179619249961526,0.91590488669598,0.9150795905491442,0.9135302079231913,0.9129521082186649,0.912822111768083,0.9123759703616159,0.9120131069568096,0.9110614088060451,0.9109582545719306],[1.4376819566517982,1.4151187966212218,1.4008577969901506,1.411846826299958,1.404503569512375,1.399399646277844,1.3959765335629681,1.3789919994959785,1.363198879474457,1.368379596088124,1.355113737813482,1.3606319738685455,1.3541034804854495,1.3473293676689702,1.3598789948102596,1.3692615561807389,1.3711163565355449,1.3780542305777261,1.3888105778765527,1.3958286685243928,1.394551644815063,1.396317327362485,1.395169326165236,1.3969178375865507,1.3952476727477088,1.397680385787068,1.3967011687756523,1.3993705485169685,1.3998400527653558,1.4005811994253534,1.4083614700511138,1.4131323346021012,1.417936685902002,1.420820988593056,1.424348154901095,1.426633097292023,1.4300369169971388,1.4334160541990129,1.4389590024310954,1.4420791070921952,1.4471478232400128,1.4504508988058664,1.4543905554661838,1.4572057271133896,1.461324364317124,1.4636283064054516,1.4637998023462317,1.465870481012126,1.4685177101226672,1.4712060919577246,1.4721671986182716],[1.1495535714285714,1.1481060608556228,1.1609774102856005,1.179225526450734,1.1905433113154555,1.192149604005473,1.1935952663355107,1.183660816120599,1.1725401206910777,1.1758501160095745,1.1641601069152654,1.1668328123570453,1.1590509565534635,1.1518028471140755,1.1577764928910514,1.1644466552638082,1.1631009502639895,1.1662022285932576,1.1704397794861248,1.1727895274795759,1.1702098299927977,1.1705935615692786,1.1702294627882242,1.1744958487418313,1.1733548999244314,1.1740407891816826,1.1722925115172984,1.1741097332913861,1.1736273552128946,1.1750511522758254,1.1800415315519786,1.1844778391449446,1.188881544184239,1.19043830780512,1.191863289036389,1.192754078186616,1.1943417130124934,1.1943700850697496,1.195131815408396,1.1951123516085187,1.1958089561165772,1.1959239320991142,1.1960407967154814,1.1975488056245271,1.198118821123509,1.1993829334015962,1.199295707978568,1.2003579218250837,1.2018734966894564,1.2019556089601662,1.202562383579269],[2.066929408482143,2.0025612085506945,1.9624025673880978,1.9933114609332634,1.9726302767730028,1.958319370002555,1.9487504822584805,1.9016189346739167,1.8583111850004153,1.8724627189902971,1.836333242410827,1.8513193683134144,1.833596235862808,1.8152964249832668,1.8492708805261624,1.8748772092344985,1.8799600631593076,1.899033462413169,1.9287948212218045,1.9483376718745793,1.9447742900563976,1.949702078692713,1.946497448672359,1.9513794449674848,1.9467160683078977,1.9535104608138878,1.9507741548592732,1.9582379320566812,1.959552173326114,1.9616276961837618,1.983482030324534,1.9969429950979851,2.0105444452267527,2.018732281626549,2.028767666370154,2.0352819942890306,2.0450055839746812,2.0546815844354676,2.0706030106774933,2.079592151111823,2.094236822308307,2.103807809846746,2.1152518878292343,2.123448531132062,2.1354688977468466,2.142207819311291,2.142709861348867,2.1487762671027215,2.156544264943922,2.1644473650135208,2.1672762606875695]]},{"__meta":{"schema_version":3,"schema_name":"TwoDimTableV3","schema_type":"TwoDimTable"},"name":"Scoring History","description":"","columns":[{"__meta":{"schema_version":-1,"schema_name":"ColumnSpecsBase","schema_type":"Iced"},"name":"","type":"string","format":"%s","description":""},{"__meta":{"schema_version":-1,"schema_name":"ColumnSpecsBase","schema_type":"Iced"},"name":"timestamp","type":"string","format":"%s","description":"Timestamp"},{"__meta":{"schema_version":-1,"schema_name":"ColumnSpecsBase","schema_type":"Iced"},"name":"duration","type":"string","format":"%s","description":"Duration"},{"__meta":{"schema_version":-1,"schema_name":"ColumnSpecsBase","schema_type":"Iced"},"name":"number_of_trees","type":"long","format":"%d","description":"Number of Trees"},{"__meta":{"schema_version":-1,"schema_name":"ColumnSpecsBase","schema_type":"Iced"},"name":"training_rmse","type":"double","format":"%.5f","description":"Training RMSE"},{"__meta":{"schema_version":-1,"schema_name":"ColumnSpecsBase","schema_type":"Iced"},"name":"training_mae","type":"double","format":"%.5f","description":"Training MAE"},{"__meta":{"schema_version":-1,"schema_name":"ColumnSpecsBase","schema_type":"Iced"},"name":"training_deviance","type":"double","format":"%.5f","description":"Training Deviance"},{"__meta":{"schema_version":-1,"schema_name":"ColumnSpecsBase","schema_type":"Iced"},"name":"validation_rmse","type":"double","format":"%.5f","description":"Validation RMSE"},{"__meta":{"schema_version":-1,"schema_name":"ColumnSpecsBase","schema_type":"Iced"},"name":"validation_mae","type":"double","format":"%.5f","description":"Validation MAE"},{"__meta":{"schema_version":-1,"schema_name":"ColumnSpecsBase","schema_type":"Iced"},"name":"validation_deviance","type":"double","format":"%.5f","description":"Validation Deviance"}],"rowcount":51,"data":[["","","","","","","","","","","","","","","","","","","","","","","","","","","","","","","","","","","","","","","","","","","","","","","","","","",""],["2021-08-30 21:17:52","2021-08-30 21:17:52","2021-08-30 21:17:52","2021-08-30 21:17:52","2021-08-30 21:17:52","2021-08-30 21:17:52","2021-08-30 21:17:52","2021-08-30 21:17:52","2021-08-30 21:17:52","2021-08-30 21:17:52","2021-08-30 21:17:52","2021-08-30 21:17:52","2021-08-30 21:17:52","2021-08-30 21:17:52","2021-08-30 21:17:52","2021-08-30 21:17:52","2021-08-30 21:17:52","2021-08-30 21:17:52","2021-08-30 21:17:52","2021-08-30 21:17:52","2021-08-30 21:17:52","2021-08-30 21:17:52","2021-08-30 21:17:52","2021-08-30 21:17:52","2021-08-30 21:17:52","2021-08-30 21:17:52","2021-08-30 21:17:52","2021-08-30 21:17:52","2021-08-30 21:17:52","2021-08-30 21:17:52","2021-08-30 21:17:52","2021-08-30 21:17:52","2021-08-30 21:17:52","2021-08-30 21:17:52","2021-08-30 21:17:52","2021-08-30 21:17:52","2021-08-30 21:17:52","2021-08-30 21:17:52","2021-08-30 21:17:52","2021-08-30 21:17:52","2021-08-30 21:17:52","2021-08-30 21:17:52","2021-08-30 21:17:52","2021-08-30 21:17:52","2021-08-30 21:17:52","2021-08-30 21:17:52","2021-08-30 21:17:52","2021-08-30 21:17:52","2021-08-30 21:17:52","2021-08-30 21:17:52","2021-08-30 21:17:52"],[" 0.008 sec"," 0.013 sec"," 0.015 sec"," 0.017 sec"," 0.019 sec"," 0.022 sec"," 0.024 sec"," 0.026 sec"," 0.029 sec"," 0.031 sec"," 0.033 sec"," 0.035 sec"," 0.038 sec"," 0.040 sec"," 0.042 sec"," 0.044 sec"," 0.047 sec"," 0.049 sec"," 0.050 sec"," 0.053 sec"," 0.057 sec"," 0.060 sec"," 0.063 sec"," 0.065 sec"," 0.068 sec"," 0.072 sec"," 0.075 sec"," 0.077 sec"," 0.080 sec"," 0.082 sec"," 0.085 sec"," 0.088 sec"," 0.090 sec"," 0.092 sec"," 0.095 sec"," 0.127 sec"," 0.130 sec"," 0.132 sec"," 0.135 sec"," 0.138 sec"," 0.141 sec"," 0.143 sec"," 0.146 sec"," 0.149 sec"," 0.159 sec"," 0.162 sec"," 0.166 sec"," 0.168 sec"," 0.173 sec"," 0.176 sec"," 0.179 sec"],[0,1,2,3,4,5,6,7,8,9,10,11,12,13,14,15,16,17,18,19,20,21,22,23,24,25,26,27,28,29,30,31,32,33,34,35,36,37,38,39,40,41,42,43,44,45,46,47,48,49,50],[1.4558073361540669,1.3960324526831693,1.3458611720437108,1.3037006900426824,1.268488723581506,1.2382971618156622,1.2133586087617578,1.1920524245704416,1.155734020410192,1.1403158262715427,1.1113270517222131,1.0985690259614953,1.0846769816295485,1.0614035825685602,1.0529858472636515,1.0441875044693842,1.0292138140499625,1.0142583018751345,1.0055502080241312,0.9956223452281778,0.9903069659865046,0.9804921929864917,0.9750174725149586,0.9708887363693084,0.9639240924583069,0.9581587356982165,0.9552995809524378,0.9491999857508634,0.9447194119184349,0.9410258585834927,0.9375353136206538,0.934792642759176,0.9317489313748079,0.9290734705810821,0.926792845923946,0.9256259248591143,0.9236005271048107,0.9209612433118649,0.9186746157238337,0.9092082475967913,0.9070425444451938,0.8995973010873867,0.8975109379354842,0.8909007177754299,0.8905630677603104,0.8852056462044401,0.879891495131243,0.8755633936324839,0.8743155172639239,0.8727873897029911,0.8695291536895436],[1.184375,1.1359821498394012,1.0976960957050323,1.0663646280765533,1.0381472170352937,1.0092789292335511,0.9854638516902924,0.9618469953536988,0.9271274507045746,0.9090708374977112,0.8796965420246124,0.8625466704368592,0.8487932801246643,0.8205861985683441,0.8067722678184509,0.7934831082820892,0.7773545503616333,0.7589796781539917,0.7467977643013001,0.7340578317642212,0.7252654433250427,0.7106713950634003,0.7002424597740173,0.6943560659885406,0.6823511838912963,0.6718432664871216,0.6650713920593262,0.6541153311729431,0.6478244006633759,0.6428308069705964,0.6357180595397949,0.6296501338481904,0.6218085169792176,0.6175444006919861,0.6111412763595581,0.6086110889911651,0.6022461473941803,0.5993554294109344,0.5926457941532135,0.5823811411857605,0.5789116978645324,0.5698817908763886,0.5647364795207978,0.5551038980484009,0.5536705553531647,0.5454115748405457,0.5383903205394744,0.5320871829986572,0.5290413141250611,0.5248832404613495,0.5193138420581818],[2.1193750000000002,1.9489066089445857,1.811342294414871,1.6996354892177663,1.6090636418534388,1.5333798609607243,1.4722391134562685,1.4209889829242683,1.335721125933506,1.3003201836453513,1.2350478158895868,1.2068539048019886,1.1765241544769878,1.1265775650893743,1.10877919453755,1.0903275444900005,1.059281075031271,1.0287199029226315,1.0111312208573735,0.991263854317657,0.980707886881396,0.9613649405074597,0.9506590717094582,0.9426249384087925,0.9291496560215705,0.9180681627948047,0.9125972893679034,0.9009806129494393,0.8924947672555135,0.8855296665227996,0.8789724642857777,0.8738372849566843,0.8681560711180965,0.8631775137375769,0.858944979255807,0.8567833527712907,0.8530379336682842,0.8481696116825361,0.8439630495753334,0.8266596374980282,0.8227261774336114,0.8092753041237103,0.8055258837138325,0.7937040889327761,0.7931025776586551,0.7835890360722203,0.7742090432042943,0.766611256269232,0.7644276237284828,0.7617578276245609,0.7560809491160541],[0.6593873419066117,0.6572470617659366,0.6636547447994943,0.6812921541812046,0.7059525280574509,0.7390850011934756,0.7503262085417252,0.7674793268754538,0.7405572311926757,0.7604951124099321,0.7631667389979926,0.7917726224781816,0.8050158640795873,0.7847192933301125,0.8099628888525161,0.8007823818377948,0.8158247588022076,0.811944980046349,0.8211864473266542,0.831776597677507,0.8447339797151997,0.8298827820328489,0.8230825602299725,0.8372056550275889,0.8302111760385068,0.8269545570869543,0.826768961002717,0.8275602039499541,0.8389916148771444,0.8505345180522625,0.8543397551175685,0.8596192438606295,0.8589769934033613,0.8677852155935727,0.8681774055481841,0.8752510205814972,0.879539699768073,0.8976440109881166,0.9116895806616914,0.9168045874371794,0.9258702345857421,0.9298636505574143,0.9376404459716825,0.9440233062739339,0.9445360567560457,0.9508552671777907,0.9528374523376149,0.9546854796929141,0.9652744045530341,0.9654031244739544,0.9670042487083097],[0.4666666666666668,0.49301587268710145,0.5191871093663698,0.5482318347940843,0.5744356428195413,0.6048471481927361,0.6205045128163572,0.6384154422519108,0.6148007299013747,0.6280926869716495,0.6277515438230088,0.6453023049747572,0.6580903401831165,0.6374205232287448,0.6470257289047975,0.6367813201271929,0.6444582640620259,0.6197130236716476,0.6237496419130669,0.6282643688784447,0.6344625242811162,0.6034806057946601,0.58398503321514,0.5911335647135274,0.5655971873619515,0.5466947637527482,0.5454126963576224,0.5305739526510781,0.5408702697595192,0.5508356692337352,0.5515895464525479,0.5599678202600139,0.5558577803982188,0.5591633062603553,0.5576286074770904,0.5607306149392873,0.5719905839992862,0.5802935485022317,0.5944032030871312,0.5957526188967069,0.6017291030926571,0.6031991772671365,0.61341295414677,0.6278173529142804,0.6277518464104407,0.6401376600365134,0.6408363563103193,0.6414651858050394,0.6435872004107901,0.6422543306575486,0.643499412935974],[0.43479166666666685,0.4319737001999569,0.44043762029488187,0.46415899934886623,0.49836897187070606,0.5462466389891599,0.5629894192246004,0.5890245171811997,0.5484250126717621,0.5783528159993953,0.5824234715128301,0.626903885705977,0.6480505414198046,0.6157843693245112,0.6560398813183134,0.6412524230618117,0.6655700370746802,0.659254650622466,0.6743471812729719,0.6918523084439694,0.7135754964854794,0.6887054319145811,0.6774649009547263,0.7009133088101742,0.6892505968192405,0.6838538394868808,0.6835469148775123,0.6848558911616897,0.7039069298341585,0.7234089663983946,0.7298964171743471,0.7389452444155205,0.7378414751962782,0.7530511804027834,0.7537320075043761,0.7660643490289524,0.7735900834681121,0.805764770462834,0.8311778914870906,0.8405306515458567,0.8572356912918572,0.8646464086279609,0.8791696059219757,0.8911800027883697,0.8921483625122599,0.9041257391197477,0.9078992105772365,0.9114243651364894,0.9317546760852147,0.9320031927440734,0.9350972170199224]]},{"__meta":{"schema_version":3,"schema_name":"TwoDimTableV3","schema_type":"TwoDimTable"},"name":"Scoring History","description":"","columns":[{"__meta":{"schema_version":-1,"schema_name":"ColumnSpecsBase","schema_type":"Iced"},"name":"","type":"string","format":"%s","description":""},{"__meta":{"schema_version":-1,"schema_name":"ColumnSpecsBase","schema_type":"Iced"},"name":"timestamp","type":"string","format":"%s","description":"Timestamp"},{"__meta":{"schema_version":-1,"schema_name":"ColumnSpecsBase","schema_type":"Iced"},"name":"duration","type":"string","format":"%s","description":"Duration"},{"__meta":{"schema_version":-1,"schema_name":"ColumnSpecsBase","schema_type":"Iced"},"name":"number_of_trees","type":"long","format":"%d","description":"Number of Trees"},{"__meta":{"schema_version":-1,"schema_name":"ColumnSpecsBase","schema_type":"Iced"},"name":"training_rmse","type":"double","format":"%.5f","description":"Training RMSE"},{"__meta":{"schema_version":-1,"schema_name":"ColumnSpecsBase","schema_type":"Iced"},"name":"training_mae","type":"double","format":"%.5f","description":"Training MAE"},{"__meta":{"schema_version":-1,"schema_name":"ColumnSpecsBase","schema_type":"Iced"},"name":"training_deviance","type":"double","format":"%.5f","description":"Training Deviance"},{"__meta":{"schema_version":-1,"schema_name":"ColumnSpecsBase","schema_type":"Iced"},"name":"validation_rmse","type":"double","format":"%.5f","description":"Validation RMSE"},{"__meta":{"schema_version":-1,"schema_name":"ColumnSpecsBase","schema_type":"Iced"},"name":"validation_mae","type":"double","format":"%.5f","description":"Validation MAE"},{"__meta":{"schema_version":-1,"schema_name":"ColumnSpecsBase","schema_type":"Iced"},"name":"validation_deviance","type":"double","format":"%.5f","description":"Validation Deviance"}],"rowcount":51,"data":[["","","","","","","","","","","","","","","","","","","","","","","","","","","","","","","","","","","","","","","","","","","","","","","","","","",""],["2021-08-30 21:17:52","2021-08-30 21:17:52","2021-08-30 21:17:52","2021-08-30 21:17:52","2021-08-30 21:17:52","2021-08-30 21:17:52","2021-08-30 21:17:52","2021-08-30 21:17:52","2021-08-30 21:17:52","2021-08-30 21:17:52","2021-08-30 21:17:52","2021-08-30 21:17:52","2021-08-30 21:17:52","2021-08-30 21:17:52","2021-08-30 21:17:52","2021-08-30 21:17:52","2021-08-30 21:17:52","2021-08-30 21:17:52","2021-08-30 21:17:52","2021-08-30 21:17:52","2021-08-30 21:17:52","2021-08-30 21:17:52","2021-08-30 21:17:52","2021-08-30 21:17:52","2021-08-30 21:17:52","2021-08-30 21:17:52","2021-08-30 21:17:52","2021-08-30 21:17:52","2021-08-30 21:17:52","2021-08-30 21:17:52","2021-08-30 21:17:52","2021-08-30 21:17:52","2021-08-30 21:17:52","2021-08-30 21:17:52","2021-08-30 21:17:52","2021-08-30 21:17:52","2021-08-30 21:17:52","2021-08-30 21:17:52","2021-08-30 21:17:52","2021-08-30 21:17:52","2021-08-30 21:17:52","2021-08-30 21:17:52","2021-08-30 21:17:52","2021-08-30 21:17:52","2021-08-30 21:17:52","2021-08-30 21:17:52","2021-08-30 21:17:52","2021-08-30 21:17:52","2021-08-30 21:17:52","2021-08-30 21:17:52","2021-08-30 21:17:52"],[" 0.008 sec"," 0.013 sec"," 0.016 sec"," 0.017 sec"," 0.020 sec"," 0.022 sec"," 0.024 sec"," 0.026 sec"," 0.028 sec"," 0.031 sec"," 0.033 sec"," 0.035 sec"," 0.038 sec"," 0.040 sec"," 0.042 sec"," 0.044 sec"," 0.047 sec"," 0.049 sec"," 0.050 sec"," 0.053 sec"," 0.056 sec"," 0.058 sec"," 0.060 sec"," 0.063 sec"," 0.066 sec"," 0.068 sec"," 0.071 sec"," 0.074 sec"," 0.076 sec"," 0.079 sec"," 0.081 sec"," 0.083 sec"," 0.086 sec"," 0.088 sec"," 0.090 sec"," 0.092 sec"," 0.095 sec"," 0.097 sec"," 0.107 sec"," 0.112 sec"," 0.117 sec"," 0.122 sec"," 0.125 sec"," 0.129 sec"," 0.132 sec"," 0.134 sec"," 0.137 sec"," 0.140 sec"," 0.143 sec"," 0.146 sec"," 0.149 sec"],[0,1,2,3,4,5,6,7,8,9,10,11,12,13,14,15,16,17,18,19,20,21,22,23,24,25,26,27,28,29,30,31,32,33,34,35,36,37,38,39,40,41,42,43,44,45,46,47,48,49,50],[1.3986821294428748,1.3331858388796782,1.2757003864415302,1.205313951960544,1.152293084671928,1.1067641450278367,1.0683087010352075,1.035486691510221,0.9997802318056538,0.9751406779597649,0.9395595835715177,0.9215751674619701,0.9022799986735086,0.8893164745976098,0.8682012782201816,0.8423112111396973,0.82074180410164,0.8128426122890962,0.802277503540912,0.7967207785567113,0.7882997273688194,0.7778188607926945,0.764418565222998,0.7533722987328343,0.7402250017487096,0.7369112506613916,0.7341724003705955,0.7333973520082465,0.7220435631165171,0.7212466585692666,0.7206005103639604,0.7200767238919445,0.7115884937926859,0.7111931335776643,0.7108587838751721,0.709389426593703,0.7016056004434582,0.695227981683477,0.6877909667384707,0.6833326548039784,0.6778695402125563,0.6734119331229454,0.6704334457305163,0.6681057357460052,0.6648001088557249,0.6631275125637539,0.6615147623700214,0.6603692590486329,0.6579441345881673,0.6557253782379787,0.6548927365051892],[1.0905272001680317,1.0464935924695886,1.0030162990957066,0.9470395419908606,0.9032218836355901,0.8620091313901155,0.8277470616326816,0.7941891145015109,0.7567731193874193,0.7296843874281731,0.6947956361632416,0.673076477603636,0.6463652486386506,0.6290198823680049,0.6117698075114817,0.5871467659438866,0.5649860216223676,0.5580420977827432,0.5412590192711871,0.534128050873245,0.5203245342641637,0.5048868898032368,0.4911302207172781,0.4790334563324417,0.4631867201431938,0.4565412618111873,0.45411476190539374,0.45150190159894416,0.4386325435362,0.43581950146219006,0.43328777257946954,0.43105907716612885,0.4190614396247311,0.41684558426124463,0.41487366911293805,0.41265692227128625,0.40586325051128,0.40038393545841827,0.39164591526639636,0.3872123662976251,0.38055026703986566,0.37504611499067664,0.3712638495624929,0.36723911589470465,0.36283062506413116,0.35828220671501715,0.35420950599338696,0.3508049025051836,0.3471780583478402,0.34350540326989215,0.34058206668798474],[1.9563116992228549,1.7773844809893113,1.6274114759670693,1.4527817227907447,1.3277793529827466,1.2249268727191982,1.1412834807075323,1.0722326882947837,0.9995605119093668,0.95089934181183,0.8827722110810838,0.8493007892825583,0.8141091960062666,0.7908837919907211,0.7537734595031571,0.7094881764116238,0.6736171090000148,0.6607131123529618,0.643649192687838,0.6347639989840123,0.6214164601697549,0.605002180204845,0.5843357428575868,0.567569820497995,0.5479330532138772,0.5430381913513364,0.539009113465922,0.5378716759327079,0.5213469070379958,0.5201967424973323,0.5192650955368003,0.5185104882909558,0.5063581844981433,0.5057956732480174,0.5053202106124887,0.5032333585629427,0.4922504185736255,0.4833419465156811,0.4730564139270401,0.4669435171214531,0.45950711354798246,0.45348363167238237,0.4494810051540931,0.44636527413671095,0.4419591847345838,0.43973809791899165,0.43760178083346585,0.43608755829644036,0.4328904842389723,0.4299757716653403,0.4288844963272552],[1.3169280606427265,1.303320920892317,1.3071302433653935,1.3114634328299315,1.3245829982242012,1.3500938348120686,1.3665858658160126,1.3924875448426726,1.421898787864106,1.4389420742564811,1.4565685881539183,1.4683874817836076,1.4818663527981546,1.4949476666473065,1.5095733463937082,1.5223687101111083,1.5351486024347885,1.537956735265154,1.5507880554356617,1.5550035553723063,1.5644327714123634,1.576612430619984,1.5859574751497574,1.5953930995781442,1.601951992808377,1.6093833198203993,1.609270011314156,1.6105203770205685,1.6148548880793059,1.616583637486694,1.6181868135392135,1.6196678707746919,1.628509518903703,1.6294719948394367,1.6304928400591443,1.635514539378946,1.639911834629093,1.6427928635056281,1.6453037149734209,1.6482036926289185,1.650306486110828,1.6522249881434516,1.6522391090567163,1.6539478945859278,1.6566177092254106,1.6564477597994827,1.6564112930159596,1.6557708707286578,1.6555754386015131,1.658138823067579,1.6582993373942092],[1.0441083805923126,1.0327227465804285,1.0356127551226293,1.031185551416528,1.0396600262298314,1.049321241060914,1.0559792844493534,1.0683719013781225,1.0900549191418771,1.1018969849363516,1.103260122760708,1.1131219709263886,1.1187400236657148,1.1295456912866768,1.15174509651738,1.1588663551553693,1.1652754903975646,1.170419333604101,1.179071566798823,1.1839556921295917,1.1899050976571721,1.1980328273992362,1.2132512530158817,1.2280366287605933,1.2323144610807963,1.2412914743021886,1.2420973290995518,1.2438639031776293,1.2472057574567814,1.249169415989056,1.250936711603604,1.2543101140389705,1.2608787839960842,1.2627119882652962,1.2645858174370257,1.2733658764037457,1.2779225529832052,1.2811108887147498,1.28317328754119,1.2868226465634975,1.2885043783672656,1.290017942147096,1.290948866981805,1.2932291667461744,1.29571476418654,1.2977552421546648,1.3000456372127893,1.3010097978493629,1.3011091406820285,1.3034861498531303,1.3048198893332201],[1.734299516908213,1.6986454228355976,1.7085894731204732,1.7199363356500683,1.7545201191846143,1.8227533627975574,1.8675569286481006,1.939021562541974,2.021796162929414,2.0705542930655447,2.121592051996699,2.1561617966588047,2.1959278875553045,2.234868526014226,2.278811688142299,2.31760648952536,2.3566812315574843,2.3653109195474507,2.404943592881921,2.4180360572205135,2.4474498962689677,2.485706756385454,2.515261112983393,2.5452791421815584,2.5662501872627304,2.5901146701161295,2.589749969315064,2.593775884798474,2.607756309553628,2.613342656989711,2.6185285635121933,2.623324011619824,2.6520432531599702,2.6551789819660137,2.6585069014841345,2.6749078085199263,2.6893108253565576,2.698768392385021,2.70702431450534,2.7165754123956027,2.723511498099469,2.729847411445629,2.729894073496532,2.735543638005223,2.7443822345192475,2.7438191809447248,2.7436983716308028,2.741577176353538,2.7409300329005926,2.749424356563936,2.749956692402073]]},{"__meta":{"schema_version":3,"schema_name":"TwoDimTableV3","schema_type":"TwoDimTable"},"name":"Scoring History","description":"","columns":[{"__meta":{"schema_version":-1,"schema_name":"ColumnSpecsBase","schema_type":"Iced"},"name":"","type":"string","format":"%s","description":""},{"__meta":{"schema_version":-1,"schema_name":"ColumnSpecsBase","schema_type":"Iced"},"name":"timestamp","type":"string","format":"%s","description":"Timestamp"},{"__meta":{"schema_version":-1,"schema_name":"ColumnSpecsBase","schema_type":"Iced"},"name":"duration","type":"string","format":"%s","description":"Duration"},{"__meta":{"schema_version":-1,"schema_name":"ColumnSpecsBase","schema_type":"Iced"},"name":"number_of_trees","type":"long","format":"%d","description":"Number of Trees"},{"__meta":{"schema_version":-1,"schema_name":"ColumnSpecsBase","schema_type":"Iced"},"name":"training_rmse","type":"double","format":"%.5f","description":"Training RMSE"},{"__meta":{"schema_version":-1,"schema_name":"ColumnSpecsBase","schema_type":"Iced"},"name":"training_mae","type":"double","format":"%.5f","description":"Training MAE"},{"__meta":{"schema_version":-1,"schema_name":"ColumnSpecsBase","schema_type":"Iced"},"name":"training_deviance","type":"double","format":"%.5f","description":"Training Deviance"},{"__meta":{"schema_version":-1,"schema_name":"ColumnSpecsBase","schema_type":"Iced"},"name":"validation_rmse","type":"double","format":"%.5f","description":"Validation RMSE"},{"__meta":{"schema_version":-1,"schema_name":"ColumnSpecsBase","schema_type":"Iced"},"name":"validation_mae","type":"double","format":"%.5f","description":"Validation MAE"},{"__meta":{"schema_version":-1,"schema_name":"ColumnSpecsBase","schema_type":"Iced"},"name":"validation_deviance","type":"double","format":"%.5f","description":"Validation Deviance"}],"rowcount":51,"data":[["","","","","","","","","","","","","","","","","","","","","","","","","","","","","","","","","","","","","","","","","","","","","","","","","","",""],["2021-08-30 21:17:52","2021-08-30 21:17:52","2021-08-30 21:17:52","2021-08-30 21:17:52","2021-08-30 21:17:52","2021-08-30 21:17:52","2021-08-30 21:17:52","2021-08-30 21:17:52","2021-08-30 21:17:52","2021-08-30 21:17:52","2021-08-30 21:17:52","2021-08-30 21:17:52","2021-08-30 21:17:52","2021-08-30 21:17:52","2021-08-30 21:17:52","2021-08-30 21:17:52","2021-08-30 21:17:52","2021-08-30 21:17:52","2021-08-30 21:17:52","2021-08-30 21:17:52","2021-08-30 21:17:52","2021-08-30 21:17:52","2021-08-30 21:17:52","2021-08-30 21:17:52","2021-08-30 21:17:52","2021-08-30 21:17:52","2021-08-30 21:17:52","2021-08-30 21:17:52","2021-08-30 21:17:52","2021-08-30 21:17:52","2021-08-30 21:17:52","2021-08-30 21:17:52","2021-08-30 21:17:52","2021-08-30 21:17:52","2021-08-30 21:17:52","2021-08-30 21:17:52","2021-08-30 21:17:52","2021-08-30 21:17:52","2021-08-30 21:17:52","2021-08-30 21:17:52","2021-08-30 21:17:52","2021-08-30 21:17:52","2021-08-30 21:17:52","2021-08-30 21:17:52","2021-08-30 21:17:52","2021-08-30 21:17:52","2021-08-30 21:17:52","2021-08-30 21:17:52","2021-08-30 21:17:52","2021-08-30 21:17:52","2021-08-30 21:17:52"],[" 0.009 sec"," 0.013 sec"," 0.016 sec"," 0.018 sec"," 0.019 sec"," 0.022 sec"," 0.024 sec"," 0.026 sec"," 0.028 sec"," 0.031 sec"," 0.033 sec"," 0.035 sec"," 0.037 sec"," 0.040 sec"," 0.042 sec"," 0.044 sec"," 0.047 sec"," 0.049 sec"," 0.051 sec"," 0.053 sec"," 0.056 sec"," 0.058 sec"," 0.060 sec"," 0.063 sec"," 0.065 sec"," 0.068 sec"," 0.072 sec"," 0.075 sec"," 0.077 sec"," 0.079 sec"," 0.081 sec"," 0.084 sec"," 0.086 sec"," 0.088 sec"," 0.090 sec"," 0.093 sec"," 0.096 sec"," 0.104 sec"," 0.109 sec"," 0.114 sec"," 0.120 sec"," 0.126 sec"," 0.129 sec"," 0.132 sec"," 0.134 sec"," 0.137 sec"," 0.140 sec"," 0.143 sec"," 0.146 sec"," 0.149 sec"," 0.159 sec"],[0,1,2,3,4,5,6,7,8,9,10,11,12,13,14,15,16,17,18,19,20,21,22,23,24,25,26,27,28,29,30,31,32,33,34,35,36,37,38,39,40,41,42,43,44,45,46,47,48,49,50],[1.2761746820470976,1.2214692001127863,1.1747379464387055,1.1353571448720647,1.1019666974855118,1.0739927519427803,1.050416310296739,1.030768555016794,1.008444613020552,0.9880504157377711,0.970321484517477,0.9582732671405668,0.9466713084273498,0.9377661008923874,0.9154570812785938,0.8806396287266244,0.8596846895920749,0.8439418453906312,0.830971529445258,0.8023902207943114,0.7815199712870287,0.76062607782675,0.7449800052550642,0.7392991203219514,0.7256867110726319,0.7143620962316403,0.7050288860796845,0.6915568311908225,0.6844922033425818,0.6805272065134675,0.6699984458437075,0.665148925224223,0.6611386249112079,0.6498964109771572,0.6489486922045737,0.6395993403041904,0.6358029603245501,0.6338178225349039,0.6269369866161869,0.6243509758773176,0.6220192022258719,0.6206351382457113,0.6187135212458309,0.6170052159166485,0.616002732280918,0.6114232501180825,0.6103768994700137,0.604843896604847,0.6041825356741145,0.6015046276696326,0.5986875790563717],[0.9846308893927939,0.9431176791115413,0.9092330100044371,0.8848929556589278,0.862140731206016,0.8449192804003519,0.8269952062576537,0.8106481839740087,0.7938081347753131,0.7784603588164799,0.7617370136200435,0.748503843943278,0.7349710388789101,0.7226941244942802,0.7056978089468819,0.6704512550717309,0.6509016203501868,0.6341220083690825,0.6199324698675246,0.6001349025302463,0.5808633471292163,0.5662031854901995,0.5502688998267764,0.5433466623699854,0.5270331549266029,0.5123608831375365,0.4989678670489599,0.48890480919489787,0.4787624904087612,0.47161362663147943,0.46304140393696136,0.4558980729844835,0.4490271220131526,0.43742817924136207,0.43526327799236963,0.4253476309397864,0.4198015909346323,0.41578575164552717,0.4074049601479182,0.4023526736668178,0.39866357379489475,0.39540886500525096,0.39162029538835796,0.3887676889934237,0.38594476760379853,0.3803136840699211,0.37800380161830355,0.3719660592457605,0.3698317664010184,0.3661181661817763,0.3621278338962131],[1.6286218190980106,1.4919870068241698,1.3800092428030273,1.2890358464120464,1.2143306023671256,1.1534604312256262,1.103374424937415,1.0624838140114092,1.0169605375301707,0.9762436240395822,0.9415237833162005,0.918287654516256,0.8961865661995504,0.8794052599829113,0.838061667663122,0.7755261556837669,0.7390577655190222,0.712237838401344,0.6905136827485913,0.6438300664263439,0.6107734655204782,0.578552030270105,0.5549952082298356,0.5465631893088112,0.5266212026274135,0.5103132045324632,0.49706573020676076,0.4782508507666917,0.46852957643678234,0.4631172788050236,0.4488979174329834,0.442423092726939,0.43710428134948287,0.42236534500099,0.4211344051140266,0.40908731611755556,0.40424540435746137,0.4017250321628869,0.39304998518738493,0.38981414107895884,0.38690788793771014,0.38518797482527317,0.3828064213724153,0.38069543646835,0.37945936617755627,0.3738383907849593,0.3725599594066273,0.365836139260135,0.3650365364136026,0.36180781710798343,0.35842681731637926],[1.5776746928667773,1.566048207157231,1.5525582952216987,1.5470295594557206,1.537978134944734,1.5366539230671674,1.5332816431930438,1.5326721040842837,1.5305757804371263,1.537589884279825,1.538293692682266,1.5418440741089827,1.5498449264777996,1.5518379248250773,1.5625169652260966,1.577804451734411,1.5911271800436868,1.5930874586077675,1.5960024034361404,1.6066183751735121,1.610688045989668,1.6234605361309233,1.6264582891845163,1.6271869079180639,1.6268864366469962,1.6279096275707294,1.6270381940200858,1.6374032190395467,1.6382991243337222,1.6386487412622235,1.6508251989108589,1.6630174919800207,1.673653129172022,1.6939598614144413,1.6958436658790483,1.7189472838093205,1.7231108621425242,1.7315483170497465,1.7489553248181742,1.7532383766595327,1.762897540750011,1.7699284621668763,1.7731763596413526,1.7820641383832183,1.7884807297311105,1.7907853756089556,1.7971635545934588,1.8120786842880159,1.8177911872034083,1.833704868592327,1.8441603826397757],[1.3240284619594962,1.3225592716628114,1.3157336318235362,1.3156948688612833,1.3088092232713315,1.3089593121304433,1.3046590948899084,1.3036954019993638,1.3075452486314232,1.3133467448879514,1.3141446228111193,1.31464276561106,1.3154776302074145,1.3156722746183485,1.326296281394295,1.335604448742172,1.3432237228639776,1.3369435290200025,1.331291354377372,1.3271189707996716,1.3298179918569937,1.3285742885327745,1.32947347341336,1.3234984904036895,1.3230471616197597,1.3242916213545397,1.3243708660509144,1.3206650313780959,1.319308256437009,1.3180666059243744,1.316217947714772,1.3242365360770016,1.3315199080957207,1.341399016228708,1.3430938061076034,1.3522527779394482,1.3504434134636727,1.3559381412308256,1.3633739010252421,1.362346754751211,1.369842419536836,1.3748015513978211,1.3754676917035344,1.3845565237616113,1.3884443605428454,1.389252578539127,1.392965848188875,1.4034723819174664,1.4083715369057204,1.4219747361188533,1.4276858137671005],[2.4890574365122804,2.4525069871403775,2.410437260061707,2.393300457829761,2.365376743568082,2.3613052792777163,2.3509525973527605,2.3490837786381453,2.342662219660718,2.3641826522396454,2.3663474849460417,2.377283148864986,2.4020192961289757,2.4082009449254023,2.441459266619371,2.489466887912925,2.5316857030737747,2.537927650773355,2.5472236717739367,2.581222603445176,2.594315981494015,2.6356241123745052,2.6453665664570236,2.64773723329995,2.646759477745961,2.650089755537471,2.647253284800142,2.6810893017210695,2.6840240207926405,2.6851696972402697,2.725223837359077,2.7656271786315183,2.801114796787301,2.8695000120832335,2.8758857391020896,2.9547797645154406,2.969111043233553,2.9982595742778093,3.0588447282098454,3.0738448053917535,3.1078077391824364,3.1326467611884037,3.144154402390959,3.1757525933115223,3.1986633206195254,3.206912261494908,3.229796841958996,3.283629158050987,3.3043648002743766,3.362473545099203,3.4009275168980837]]}],"reproducibility_information_table":[{"__meta":{"schema_version":3,"schema_name":"TwoDimTableV3","schema_type":"TwoDimTable"},"name":"Node Information","description":"","columns":[{"__meta":{"schema_version":-1,"schema_name":"ColumnSpecsBase","schema_type":"Iced"},"name":"","type":"string","format":"%s","description":""},{"__meta":{"schema_version":-1,"schema_name":"ColumnSpecsBase","schema_type":"Iced"},"name":"node","type":"int","format":"%d","description":"node"},{"__meta":{"schema_version":-1,"schema_name":"ColumnSpecsBase","schema_type":"Iced"},"name":"h2o","type":"string","format":"%s","description":"h2o"},{"__meta":{"schema_version":-1,"schema_name":"ColumnSpecsBase","schema_type":"Iced"},"name":"healthy","type":"string","format":"%s","description":"healthy"},{"__meta":{"schema_version":-1,"schema_name":"ColumnSpecsBase","schema_type":"Iced"},"name":"last_ping","type":"string","format":"%s","description":"last_ping"},{"__meta":{"schema_version":-1,"schema_name":"ColumnSpecsBase","schema_type":"Iced"},"name":"num_cpus","type":"int","format":"%d","description":"num_cpus"},{"__meta":{"schema_version":-1,"schema_name":"ColumnSpecsBase","schema_type":"Iced"},"name":"sys_load","type":"double","format":"%.5f","description":"sys_load"},{"__meta":{"schema_version":-1,"schema_name":"ColumnSpecsBase","schema_type":"Iced"},"name":"mem_value_size","type":"long","format":"%d","description":"mem_value_size"},{"__meta":{"schema_version":-1,"schema_name":"ColumnSpecsBase","schema_type":"Iced"},"name":"free_mem","type":"long","format":"%d","description":"free_mem"},{"__meta":{"schema_version":-1,"schema_name":"ColumnSpecsBase","schema_type":"Iced"},"name":"pojo_mem","type":"long","format":"%d","description":"pojo_mem"},{"__meta":{"schema_version":-1,"schema_name":"ColumnSpecsBase","schema_type":"Iced"},"name":"swap_mem","type":"long","format":"%d","description":"swap_mem"},{"__meta":{"schema_version":-1,"schema_name":"ColumnSpecsBase","schema_type":"Iced"},"name":"free_disc","type":"long","format":"%d","description":"free_disc"},{"__meta":{"schema_version":-1,"schema_name":"ColumnSpecsBase","schema_type":"Iced"},"name":"max_disc","type":"long","format":"%d","description":"max_disc"},{"__meta":{"schema_version":-1,"schema_name":"ColumnSpecsBase","schema_type":"Iced"},"name":"pid","type":"int","format":"%d","description":"pid"},{"__meta":{"schema_version":-1,"schema_name":"ColumnSpecsBase","schema_type":"Iced"},"name":"num_keys","type":"int","format":"%d","description":"num_keys"},{"__meta":{"schema_version":-1,"schema_name":"ColumnSpecsBase","schema_type":"Iced"},"name":"tcps_active","type":"string","format":"%s","description":"tcps_active"},{"__meta":{"schema_version":-1,"schema_name":"ColumnSpecsBase","schema_type":"Iced"},"name":"open_fds","type":"int","format":"%d","description":"open_fds"},{"__meta":{"schema_version":-1,"schema_name":"ColumnSpecsBase","schema_type":"Iced"},"name":"rpcs_active","type":"string","format":"%s","description":"rpcs_active"},{"__meta":{"schema_version":-1,"schema_name":"ColumnSpecsBase","schema_type":"Iced"},"name":"nthreads","type":"int","format":"%d","description":"nthreads"},{"__meta":{"schema_version":-1,"schema_name":"ColumnSpecsBase","schema_type":"Iced"},"name":"is_leader","type":"string","format":"%s","description":"is_leader"},{"__meta":{"schema_version":-1,"schema_name":"ColumnSpecsBase","schema_type":"Iced"},"name":"total_mem","type":"long","format":"%d","description":"total_mem"},{"__meta":{"schema_version":-1,"schema_name":"ColumnSpecsBase","schema_type":"Iced"},"name":"max_mem","type":"long","format":"%d","description":"max_mem"},{"__meta":{"schema_version":-1,"schema_name":"ColumnSpecsBase","schema_type":"Iced"},"name":"java_version","type":"string","format":"%s","description":"java_version"},{"__meta":{"schema_version":-1,"schema_name":"ColumnSpecsBase","schema_type":"Iced"},"name":"jvm_launch_parameters","type":"string","format":"%s","description":"jvm_launch_parameters"},{"__meta":{"schema_version":-1,"schema_name":"ColumnSpecsBase","schema_type":"Iced"},"name":"os_version","type":"string","format":"%s","description":"os_version"},{"__meta":{"schema_version":-1,"schema_name":"ColumnSpecsBase","schema_type":"Iced"},"name":"machine_physical_mem","type":"long","format":"%d","description":"machine_physical_mem"},{"__meta":{"schema_version":-1,"schema_name":"ColumnSpecsBase","schema_type":"Iced"},"name":"machine_locale","type":"string","format":"%s","description":"machine_locale"}],"rowcount":1,"data":[[""],[0],["127.0.0.1:54321"],["true"],["1630351072016"],[8],[0.75013965],[15999374],[4247510642],[0],[0],[52028243968],[106766008320],[14552],[7708],["\u0000"],[-1],["\u0000"],[8],["true"],[445644800],[4263510016],["Java 11.0.7 (from Oracle Corporation)"],["[]"],["Windows 10 10.0 (amd64)"],[17052135424],["en_US"]]},{"__meta":{"schema_version":3,"schema_name":"TwoDimTableV3","schema_type":"TwoDimTable"},"name":"Cluster Configuration","description":"","columns":[{"__meta":{"schema_version":-1,"schema_name":"ColumnSpecsBase","schema_type":"Iced"},"name":"","type":"string","format":"%s","description":""},{"__meta":{"schema_version":-1,"schema_name":"ColumnSpecsBase","schema_type":"Iced"},"name":"h2o_cluster_uptime","type":"long","format":"%d","description":"H2O cluster uptime"},{"__meta":{"schema_version":-1,"schema_name":"ColumnSpecsBase","schema_type":"Iced"},"name":"h2o_cluster_timezone","type":"string","format":"%s","description":"H2O cluster timezone"},{"__meta":{"schema_version":-1,"schema_name":"ColumnSpecsBase","schema_type":"Iced"},"name":"h2o_data_parsing_timezone","type":"string","format":"%s","description":"H2O data parsing timezone"},{"__meta":{"schema_version":-1,"schema_name":"ColumnSpecsBase","schema_type":"Iced"},"name":"h2o_cluster_version","type":"string","format":"%s","description":"H2O cluster version"},{"__meta":{"schema_version":-1,"schema_name":"ColumnSpecsBase","schema_type":"Iced"},"name":"h2o_cluster_version_age","type":"string","format":"%s","description":"H2O cluster version age"},{"__meta":{"schema_version":-1,"schema_name":"ColumnSpecsBase","schema_type":"Iced"},"name":"h2o_cluster_name","type":"string","format":"%s","description":"H2O cluster name"},{"__meta":{"schema_version":-1,"schema_name":"ColumnSpecsBase","schema_type":"Iced"},"name":"h2o_cluster_total_nodes","type":"int","format":"%d","description":"H2O cluster total nodes"},{"__meta":{"schema_version":-1,"schema_name":"ColumnSpecsBase","schema_type":"Iced"},"name":"h2o_cluster_free_memory","type":"long","format":"%d","description":"H2O cluster free memory"},{"__meta":{"schema_version":-1,"schema_name":"ColumnSpecsBase","schema_type":"Iced"},"name":"h2o_cluster_total_cores","type":"int","format":"%d","description":"H2O cluster total cores"},{"__meta":{"schema_version":-1,"schema_name":"ColumnSpecsBase","schema_type":"Iced"},"name":"h2o_cluster_allowed_cores","type":"int","format":"%d","description":"H2O cluster allowed cores"},{"__meta":{"schema_version":-1,"schema_name":"ColumnSpecsBase","schema_type":"Iced"},"name":"h2o_cluster_status","type":"string","format":"%s","description":"H2O cluster status"},{"__meta":{"schema_version":-1,"schema_name":"ColumnSpecsBase","schema_type":"Iced"},"name":"h2o_internal_security","type":"string","format":"%s","description":"H2O internal security"},{"__meta":{"schema_version":-1,"schema_name":"ColumnSpecsBase","schema_type":"Iced"},"name":"h2o_api_extensions","type":"string","format":"%s","description":"H2O API Extensions"}],"rowcount":1,"data":[[""],[27029],["Europe/Berlin"],["UTC"],["3.32.1.5"],["26 days"],["H2O_from_python_alina_lo1sxu"],[1],[4247510642],[8],[8],["locked, healthly"],["false"],["Amazon S3, Algos, AutoML, Core V3, TargetEncoder, Core V4"]]},{"__meta":{"schema_version":3,"schema_name":"TwoDimTableV3","schema_type":"TwoDimTable"},"name":"Input Frames Information","description":"","columns":[{"__meta":{"schema_version":-1,"schema_name":"ColumnSpecsBase","schema_type":"Iced"},"name":"","type":"string","format":"%s","description":""},{"__meta":{"schema_version":-1,"schema_name":"ColumnSpecsBase","schema_type":"Iced"},"name":"input_frame","type":"string","format":"%s","description":"Input Frame"},{"__meta":{"schema_version":-1,"schema_name":"ColumnSpecsBase","schema_type":"Iced"},"name":"checksum","type":"long","format":"%d","description":"Checksum"},{"__meta":{"schema_version":-1,"schema_name":"ColumnSpecsBase","schema_type":"Iced"},"name":"espc","type":"string","format":"%d","description":"ESPC"}],"rowcount":3,"data":[["","",""],["training_frame","validation_frame","calibration_frame"],[8101076302223659836,7603765588685762944,-1],["[0, 92]","[0, 31]","-1"]]}],"training_metrics":{"__meta":{"schema_version":3,"schema_name":"ModelMetricsRegressionV3","schema_type":"ModelMetricsRegression"},"model":{"__meta":{"schema_version":3,"schema_name":"ModelKeyV3","schema_type":"Key<Model>"},"name":"regular_2std_gbm_model","type":"Key<Model>","URL":"/3/Models/regular_2std_gbm_model"},"model_checksum":-4485140099336168320,"frame":{"__meta":{"schema_version":3,"schema_name":"FrameKeyV3","schema_type":"Key<Frame>"},"name":"py_57_sid_8a81","type":"Key<Frame>","URL":"/3/Frames/py_57_sid_8a81"},"frame_checksum":4827995398225901552,"description":null,"model_category":"Regression","scoring_time":1630351072576,"predictions":null,"MSE":0.7400514358169813,"RMSE":0.8602624226461256,"nobs":92,"custom_metric_name":null,"custom_metric_value":0.0,"r2":0.6103393248675002,"mean_residual_deviance":0.7400514358169813,"mae":0.5098284171975177,"rmsle":0.11405212847893487},"validation_metrics":{"__meta":{"schema_version":3,"schema_name":"ModelMetricsRegressionV3","schema_type":"ModelMetricsRegression"},"model":{"__meta":{"schema_version":3,"schema_name":"ModelKeyV3","schema_type":"Key<Model>"},"name":"regular_2std_gbm_model","type":"Key<Model>","URL":"/3/Models/regular_2std_gbm_model"},"model_checksum":-4485140099336168320,"frame":{"__meta":{"schema_version":3,"schema_name":"FrameKeyV3","schema_type":"Key<Frame>"},"name":"py_58_sid_8a81","type":"Key<Frame>","URL":"/3/Frames/py_58_sid_8a81"},"frame_checksum":-1518595700359459536,"description":null,"model_category":"Regression","scoring_time":1630351072576,"predictions":null,"MSE":3.0612902430504705,"RMSE":1.749654321016146,"nobs":31,"custom_metric_name":null,"custom_metric_value":0.0,"r2":-0.0521816607909511,"mean_residual_deviance":3.0612902430504705,"mae":1.3467578543627232,"rmsle":0.2353899875661697},"cross_validation_metrics":{"__meta":{"schema_version":3,"schema_name":"ModelMetricsRegressionV3","schema_type":"ModelMetricsRegression"},"model":{"__meta":{"schema_version":3,"schema_name":"ModelKeyV3","schema_type":"Key<Model>"},"name":"regular_2std_gbm_model","type":"Key<Model>","URL":"/3/Models/regular_2std_gbm_model"},"model_checksum":-4485140099336168320,"frame":{"__meta":{"schema_version":3,"schema_name":"FrameKeyV3","schema_type":"Key<Frame>"},"name":"py_57_sid_8a81","type":"Key<Frame>","URL":"/3/Frames/py_57_sid_8a81"},"frame_checksum":4827995398225901552,"description":"4-fold cross-validation on training data (Metrics computed for combined holdout predictions)","model_category":"Regression","scoring_time":1630351072581,"predictions":null,"MSE":2.541095693682425,"RMSE":1.5940814576684672,"nobs":92,"custom_metric_name":null,"custom_metric_value":0.0,"r2":-0.3379678974387599,"mean_residual_deviance":2.541095693682425,"mae":1.2261683233626217,"rmsle":0.2083330129776916},"cross_validation_metrics_summary":{"__meta":{"schema_version":3,"schema_name":"TwoDimTableV3","schema_type":"TwoDimTable"},"name":"Cross-Validation Metrics Summary","description":"","columns":[{"__meta":{"schema_version":-1,"schema_name":"ColumnSpecsBase","schema_type":"Iced"},"name":"","type":"string","format":"%s","description":""},{"__meta":{"schema_version":-1,"schema_name":"ColumnSpecsBase","schema_type":"Iced"},"name":"mean","type":"string","format":"%s","description":"mean"},{"__meta":{"schema_version":-1,"schema_name":"ColumnSpecsBase","schema_type":"Iced"},"name":"sd","type":"string","format":"%s","description":"sd"},{"__meta":{"schema_version":-1,"schema_name":"ColumnSpecsBase","schema_type":"Iced"},"name":"cv_1_valid","type":"string","format":"%s","description":"cv_1_valid"},{"__meta":{"schema_version":-1,"schema_name":"ColumnSpecsBase","schema_type":"Iced"},"name":"cv_2_valid","type":"string","format":"%s","description":"cv_2_valid"},{"__meta":{"schema_version":-1,"schema_name":"ColumnSpecsBase","schema_type":"Iced"},"name":"cv_3_valid","type":"string","format":"%s","description":"cv_3_valid"},{"__meta":{"schema_version":-1,"schema_name":"ColumnSpecsBase","schema_type":"Iced"},"name":"cv_4_valid","type":"string","format":"%s","description":"cv_4_valid"}],"rowcount":7,"data":[["mae","mean_residual_deviance","mse","r2","residual_deviance","rmse","rmsle"],["1.1446419","2.3133144","2.3133144","-0.5775388","2.3133144","1.4854078","0.19518097"],["0.34653977","1.0479136","1.0479136","0.52291036","1.0479136","0.37749723","0.04758131"],["1.2025623","2.1672761","2.1672761","-0.048854683","2.1672761","1.4721673","0.18690887"],["0.64349943","0.9350972","0.9350972","-1.2822711","0.9350972","0.96700424","0.13224046"],["1.30482","2.7499566","2.7499566","-0.6092114","2.7499566","1.6582993","0.22014792"],["1.4276859","3.4009275","3.4009275","-0.36981803","3.4009275","1.8441604","0.24142662"]]},"status":null,"start_time":1630351072463,"end_time":1630351072579,"run_time":116,"default_threshold":0.5,"help":{"domains":"Domains for categorical columns", "__meta":"Metadata on this schema instance, to make it self-describing.", "help":"Help information for output fields", "training_metrics":"Training data model metrics", "cross_validation_models":"Cross-validation models (model ids)", "cross_validation_predictions":"Cross-validation predictions, one per cv model (deprecated, use cross_validation_holdout_predictions_frame_id instead)", "cross_validation_metrics_summary":"Cross-validation model metrics summary", "status":"Job status", "reproducibility_information_table":"Model reproducibility information", "variable_importances":"Variable Importances", "model_summary":"Model summary", "end_time":"End time in milliseconds", "names":"Column names", "cross_validation_fold_assignment_frame_id":"Cross-validation fold assignment (each row is assigned to one holdout fold)", "run_time":"Runtime in milliseconds", "default_threshold":"Default threshold used for predictions", "scoring_history":"Scoring history", "cross_validation_holdout_predictions_frame_id":"Cross-validation holdout predictions (full out-of-sample predictions on training data)", "init_f":"The Intercept term, the initial model function value to which trees make adjustments", "model_category":"Category of the model (e.g., Binomial)", "column_types":"Column types", "original_names":"Original column names", "start_time":"Start time in milliseconds", "cv_scoring_history":"Cross-Validation scoring history", "cross_validation_metrics":"Cross-validation model metrics", "validation_metrics":"Validation data model metrics"},"variable_importances":{"__meta":{"schema_version":3,"schema_name":"TwoDimTableV3","schema_type":"TwoDimTable"},"name":"Variable Importances","description":"","columns":[{"__meta":{"schema_version":-1,"schema_name":"ColumnSpecsBase","schema_type":"Iced"},"name":"variable","type":"string","format":"%s","description":"Variable"},{"__meta":{"schema_version":-1,"schema_name":"ColumnSpecsBase","schema_type":"Iced"},"name":"relative_importance","type":"double","format":"%5f","description":"Relative Importance"},{"__meta":{"schema_version":-1,"schema_name":"ColumnSpecsBase","schema_type":"Iced"},"name":"scaled_importance","type":"double","format":"%5f","description":"Scaled Importance"},{"__meta":{"schema_version":-1,"schema_name":"ColumnSpecsBase","schema_type":"Iced"},"name":"percentage","type":"double","format":"%5f","description":"Percentage"}],"rowcount":4,"data":[["abv","style","flavor","pasteurization"],[259.6258239746094,239.58518981933594,43.08204650878906,18.988922119140625],[1.0,0.9228095501114968,0.1659389880761721,0.07313957382374137],[0.4625586284711121,0.426853519839618,0.0767565107343984,0.03383134095487146]]},"init_f":7.054347826086956},"compatible_frames":null}
