{"__meta":{"schema_version":3,"schema_name":"DRFModelV3","schema_type":"DRFModel"},"model_id":{"__meta":{"schema_version":3,"schema_name":"ModelKeyV3","schema_type":"Key<Model>"},"name":"beer_2std_drf_model","type":"Key<Model>","URL":"/3/Models/beer_2std_drf_model"},"algo":"drf","algo_full_name":"Distributed Random Forest","response_column_name":"rating","data_frame":{"__meta":{"schema_version":3,"schema_name":"FrameKeyV3","schema_type":"Key<Frame>"},"name":"py_9_sid_ad02","type":"Key<Frame>","URL":"/3/Frames/py_9_sid_ad02"},"timestamp":1633026192175,"have_pojo":true,"have_mojo":true,"algo":"drf","algo_full_name":"Distributed Random Forest","model_id":{"__meta":{"schema_version":3,"schema_name":"ModelKeyV3","schema_type":"Key<Model>"},"name":"beer_2std_drf_model","type":"Key<Model>","URL":"/3/Models/beer_2std_drf_model"},"parameters":[{"__meta":{"schema_version":3,"schema_name":"ModelParameterSchemaV3","schema_type":"Iced"},"name":"model_id","label":"model_id","help":"Destination id for this model; auto-generated if not specified.","required":false,"type":"Key<Model>","default_value":null,"actual_value":{"__meta":{"schema_version":3,"schema_name":"ModelKeyV3","schema_type":"Key<Model>"},"name":"beer_2std_drf_model","type":"Key<Model>","URL":"/3/Models/beer_2std_drf_model"},"input_value":null,"level":"critical","values":[],"is_member_of_frames":[],"is_mutually_exclusive_with":[],"gridable":false},{"__meta":{"schema_version":3,"schema_name":"ModelParameterSchemaV3","schema_type":"Iced"},"name":"training_frame","label":"training_frame","help":"Id of the training data frame.","required":false,"type":"Key<Frame>","default_value":null,"actual_value":{"__meta":{"schema_version":3,"schema_name":"FrameKeyV3","schema_type":"Key<Frame>"},"name":"py_9_sid_ad02","type":"Key<Frame>","URL":"/3/Frames/py_9_sid_ad02"},"input_value":{"__meta":{"schema_version":3,"schema_name":"FrameKeyV3","schema_type":"Key<Frame>"},"name":"py_9_sid_ad02","type":"Key<Frame>","URL":"/3/Frames/py_9_sid_ad02"},"level":"critical","values":[],"is_member_of_frames":[],"is_mutually_exclusive_with":[],"gridable":false},{"__meta":{"schema_version":3,"schema_name":"ModelParameterSchemaV3","schema_type":"Iced"},"name":"validation_frame","label":"validation_frame","help":"Id of the validation data frame.","required":false,"type":"Key<Frame>","default_value":null,"actual_value":{"__meta":{"schema_version":3,"schema_name":"FrameKeyV3","schema_type":"Key<Frame>"},"name":"py_10_sid_ad02","type":"Key<Frame>","URL":"/3/Frames/py_10_sid_ad02"},"input_value":{"__meta":{"schema_version":3,"schema_name":"FrameKeyV3","schema_type":"Key<Frame>"},"name":"py_10_sid_ad02","type":"Key<Frame>","URL":"/3/Frames/py_10_sid_ad02"},"level":"critical","values":[],"is_member_of_frames":[],"is_mutually_exclusive_with":[],"gridable":true},{"__meta":{"schema_version":3,"schema_name":"ModelParameterSchemaV3","schema_type":"Iced"},"name":"nfolds","label":"nfolds","help":"Number of folds for K-fold cross-validation (0 to disable or >= 2).","required":false,"type":"int","default_value":0,"actual_value":4,"input_value":4,"level":"critical","values":[],"is_member_of_frames":[],"is_mutually_exclusive_with":[],"gridable":false},{"__meta":{"schema_version":3,"schema_name":"ModelParameterSchemaV3","schema_type":"Iced"},"name":"keep_cross_validation_models","label":"keep_cross_validation_models","help":"Whether to keep the cross-validation models.","required":false,"type":"boolean","default_value":true,"actual_value":true,"input_value":true,"level":"expert","values":[],"is_member_of_frames":[],"is_mutually_exclusive_with":[],"gridable":false},{"__meta":{"schema_version":3,"schema_name":"ModelParameterSchemaV3","schema_type":"Iced"},"name":"keep_cross_validation_predictions","label":"keep_cross_validation_predictions","help":"Whether to keep the predictions of the cross-validation models.","required":false,"type":"boolean","default_value":false,"actual_value":false,"input_value":false,"level":"expert","values":[],"is_member_of_frames":[],"is_mutually_exclusive_with":[],"gridable":false},{"__meta":{"schema_version":3,"schema_name":"ModelParameterSchemaV3","schema_type":"Iced"},"name":"keep_cross_validation_fold_assignment","label":"keep_cross_validation_fold_assignment","help":"Whether to keep the cross-validation fold assignment.","required":false,"type":"boolean","default_value":false,"actual_value":false,"input_value":false,"level":"expert","values":[],"is_member_of_frames":[],"is_mutually_exclusive_with":[],"gridable":false},{"__meta":{"schema_version":3,"schema_name":"ModelParameterSchemaV3","schema_type":"Iced"},"name":"score_each_iteration","label":"score_each_iteration","help":"Whether to score during each iteration of model training.","required":false,"type":"boolean","default_value":false,"actual_value":false,"input_value":false,"level":"secondary","values":[],"is_member_of_frames":[],"is_mutually_exclusive_with":[],"gridable":false},{"__meta":{"schema_version":3,"schema_name":"ModelParameterSchemaV3","schema_type":"Iced"},"name":"score_tree_interval","label":"score_tree_interval","help":"Score the model after every so many trees. Disabled if set to 0.","required":false,"type":"int","default_value":0,"actual_value":0,"input_value":0,"level":"secondary","values":[],"is_member_of_frames":[],"is_mutually_exclusive_with":[],"gridable":false},{"__meta":{"schema_version":3,"schema_name":"ModelParameterSchemaV3","schema_type":"Iced"},"name":"fold_assignment","label":"fold_assignment","help":"Cross-validation fold assignment scheme, if fold_column is not specified. The 'Stratified' option will stratify the folds based on the response variable, for classification problems.","required":false,"type":"enum","default_value":"AUTO","actual_value":"Random","input_value":"Random","level":"secondary","values":["AUTO","Random","Modulo","Stratified"],"is_member_of_frames":[],"is_mutually_exclusive_with":[],"gridable":true},{"__meta":{"schema_version":3,"schema_name":"ModelParameterSchemaV3","schema_type":"Iced"},"name":"fold_column","label":"fold_column","help":"Column with cross-validation fold index assignment per observation.","required":false,"type":"VecSpecifier","default_value":null,"actual_value":null,"input_value":null,"level":"secondary","values":[],"is_member_of_frames":["training_frame"],"is_mutually_exclusive_with":["response_column","weights_column","ignored_columns","offset_column"],"gridable":true},{"__meta":{"schema_version":3,"schema_name":"ModelParameterSchemaV3","schema_type":"Iced"},"name":"response_column","label":"response_column","help":"Response variable column.","required":false,"type":"VecSpecifier","default_value":null,"actual_value":{"__meta":{"schema_version":3,"schema_name":"ColSpecifierV3","schema_type":"VecSpecifier"},"column_name":"rating","is_member_of_frames":null},"input_value":{"__meta":{"schema_version":3,"schema_name":"ColSpecifierV3","schema_type":"VecSpecifier"},"column_name":"rating","is_member_of_frames":null},"level":"critical","values":[],"is_member_of_frames":["training_frame","validation_frame"],"is_mutually_exclusive_with":["weights_column","ignored_columns","offset_column","fold_column"],"gridable":true},{"__meta":{"schema_version":3,"schema_name":"ModelParameterSchemaV3","schema_type":"Iced"},"name":"ignored_columns","label":"ignored_columns","help":"Names of columns to ignore for training.","required":false,"type":"string[]","default_value":null,"actual_value":["filtration","occurrence","name","pasteurization","method","split","fermentation"],"input_value":["filtration","occurrence","name","pasteurization","method","split","fermentation"],"level":"critical","values":[],"is_member_of_frames":["training_frame","validation_frame"],"is_mutually_exclusive_with":["response_column","weights_column","offset_column","fold_column"],"gridable":false},{"__meta":{"schema_version":3,"schema_name":"ModelParameterSchemaV3","schema_type":"Iced"},"name":"ignore_const_cols","label":"ignore_const_cols","help":"Ignore constant columns.","required":false,"type":"boolean","default_value":true,"actual_value":true,"input_value":true,"level":"critical","values":[],"is_member_of_frames":[],"is_mutually_exclusive_with":[],"gridable":false},{"__meta":{"schema_version":3,"schema_name":"ModelParameterSchemaV3","schema_type":"Iced"},"name":"offset_column","label":"offset_column","help":"Offset column. This will be added to the combination of columns before applying the link function.","required":false,"type":"VecSpecifier","default_value":null,"actual_value":null,"input_value":null,"level":"secondary","values":[],"is_member_of_frames":["training_frame","validation_frame"],"is_mutually_exclusive_with":["response_column","weights_column","ignored_columns","fold_column"],"gridable":true},{"__meta":{"schema_version":3,"schema_name":"ModelParameterSchemaV3","schema_type":"Iced"},"name":"weights_column","label":"weights_column","help":"Column with observation weights. Giving some observation a weight of zero is equivalent to excluding it from the dataset; giving an observation a relative weight of 2 is equivalent to repeating that row twice. Negative weights are not allowed. Note: Weights are per-row observation weights and do not increase the size of the data frame. This is typically the number of times a row is repeated, but non-integer values are supported as well. During training, rows with higher weights matter more, due to the larger loss function pre-factor.","required":false,"type":"VecSpecifier","default_value":null,"actual_value":null,"input_value":null,"level":"secondary","values":[],"is_member_of_frames":["training_frame","validation_frame"],"is_mutually_exclusive_with":["response_column","ignored_columns","offset_column","fold_column"],"gridable":true},{"__meta":{"schema_version":3,"schema_name":"ModelParameterSchemaV3","schema_type":"Iced"},"name":"balance_classes","label":"balance_classes","help":"Balance training data class counts via over/under-sampling (for imbalanced data).","required":false,"type":"boolean","default_value":false,"actual_value":false,"input_value":false,"level":"secondary","values":[],"is_member_of_frames":[],"is_mutually_exclusive_with":[],"gridable":true},{"__meta":{"schema_version":3,"schema_name":"ModelParameterSchemaV3","schema_type":"Iced"},"name":"class_sampling_factors","label":"class_sampling_factors","help":"Desired over/under-sampling ratios per class (in lexicographic order). If not specified, sampling factors will be automatically computed to obtain class balance during training. Requires balance_classes.","required":false,"type":"float[]","default_value":null,"actual_value":null,"input_value":null,"level":"expert","values":[],"is_member_of_frames":[],"is_mutually_exclusive_with":[],"gridable":true},{"__meta":{"schema_version":3,"schema_name":"ModelParameterSchemaV3","schema_type":"Iced"},"name":"max_after_balance_size","label":"max_after_balance_size","help":"Maximum relative size of the training data after balancing class counts (can be less than 1.0). Requires balance_classes.","required":false,"type":"float","default_value":5.0,"actual_value":5.0,"input_value":5.0,"level":"expert","values":[],"is_member_of_frames":[],"is_mutually_exclusive_with":[],"gridable":true},{"__meta":{"schema_version":3,"schema_name":"ModelParameterSchemaV3","schema_type":"Iced"},"name":"max_confusion_matrix_size","label":"max_confusion_matrix_size","help":"[Deprecated] Maximum size (# classes) for confusion matrices to be printed in the Logs","required":false,"type":"int","default_value":20,"actual_value":20,"input_value":20,"level":"secondary","values":[],"is_member_of_frames":[],"is_mutually_exclusive_with":[],"gridable":false},{"__meta":{"schema_version":3,"schema_name":"ModelParameterSchemaV3","schema_type":"Iced"},"name":"ntrees","label":"ntrees","help":"Number of trees.","required":false,"type":"int","default_value":50,"actual_value":50,"input_value":50,"level":"critical","values":[],"is_member_of_frames":[],"is_mutually_exclusive_with":[],"gridable":true},{"__meta":{"schema_version":3,"schema_name":"ModelParameterSchemaV3","schema_type":"Iced"},"name":"max_depth","label":"max_depth","help":"Maximum tree depth (0 for unlimited).","required":false,"type":"int","default_value":20,"actual_value":20,"input_value":20,"level":"critical","values":[],"is_member_of_frames":[],"is_mutually_exclusive_with":[],"gridable":true},{"__meta":{"schema_version":3,"schema_name":"ModelParameterSchemaV3","schema_type":"Iced"},"name":"min_rows","label":"min_rows","help":"Fewest allowed (weighted) observations in a leaf.","required":false,"type":"double","default_value":1.0,"actual_value":1.0,"input_value":1.0,"level":"critical","values":[],"is_member_of_frames":[],"is_mutually_exclusive_with":[],"gridable":true},{"__meta":{"schema_version":3,"schema_name":"ModelParameterSchemaV3","schema_type":"Iced"},"name":"nbins","label":"nbins","help":"For numerical columns (real/int), build a histogram of (at least) this many bins, then split at the best point","required":false,"type":"int","default_value":20,"actual_value":13,"input_value":13,"level":"critical","values":[],"is_member_of_frames":[],"is_mutually_exclusive_with":[],"gridable":true},{"__meta":{"schema_version":3,"schema_name":"ModelParameterSchemaV3","schema_type":"Iced"},"name":"nbins_top_level","label":"nbins_top_level","help":"For numerical columns (real/int), build a histogram of (at most) this many bins at the root level, then decrease by factor of two per level","required":false,"type":"int","default_value":1024,"actual_value":16,"input_value":16,"level":"secondary","values":[],"is_member_of_frames":[],"is_mutually_exclusive_with":[],"gridable":true},{"__meta":{"schema_version":3,"schema_name":"ModelParameterSchemaV3","schema_type":"Iced"},"name":"nbins_cats","label":"nbins_cats","help":"For categorical columns (factors), build a histogram of this many bins, then split at the best point. Higher values can lead to more overfitting.","required":false,"type":"int","default_value":1024,"actual_value":1024,"input_value":1024,"level":"secondary","values":[],"is_member_of_frames":[],"is_mutually_exclusive_with":[],"gridable":true},{"__meta":{"schema_version":3,"schema_name":"ModelParameterSchemaV3","schema_type":"Iced"},"name":"r2_stopping","label":"r2_stopping","help":"r2_stopping is no longer supported and will be ignored if set - please use stopping_rounds, stopping_metric and stopping_tolerance instead. Previous version of H2O would stop making trees when the R^2 metric equals or exceeds this","required":false,"type":"double","default_value":1.7976931348623157E308,"actual_value":1.7976931348623157E308,"input_value":1.7976931348623157E308,"level":"secondary","values":[],"is_member_of_frames":[],"is_mutually_exclusive_with":[],"gridable":true},{"__meta":{"schema_version":3,"schema_name":"ModelParameterSchemaV3","schema_type":"Iced"},"name":"stopping_rounds","label":"stopping_rounds","help":"Early stopping based on convergence of stopping_metric. Stop if simple moving average of length k of the stopping_metric does not improve for k:=stopping_rounds scoring events (0 to disable)","required":false,"type":"int","default_value":0,"actual_value":0,"input_value":0,"level":"secondary","values":[],"is_member_of_frames":[],"is_mutually_exclusive_with":[],"gridable":true},{"__meta":{"schema_version":3,"schema_name":"ModelParameterSchemaV3","schema_type":"Iced"},"name":"stopping_metric","label":"stopping_metric","help":"Metric to use for early stopping (AUTO: logloss for classification, deviance for regression and anonomaly_score for Isolation Forest). Note that custom and custom_increasing can only be used in GBM and DRF with the Python client.","required":false,"type":"enum","default_value":"AUTO","actual_value":null,"input_value":"AUTO","level":"secondary","values":["AUTO","deviance","logloss","MSE","RMSE","MAE","RMSLE","AUC","AUCPR","lift_top_group","misclassification","mean_per_class_error","anomaly_score","custom","custom_increasing"],"is_member_of_frames":[],"is_mutually_exclusive_with":[],"gridable":true},{"__meta":{"schema_version":3,"schema_name":"ModelParameterSchemaV3","schema_type":"Iced"},"name":"stopping_tolerance","label":"stopping_tolerance","help":"Relative tolerance for metric-based stopping criterion (stop if relative improvement is not at least this much)","required":false,"type":"double","default_value":0.001,"actual_value":0.001,"input_value":0.001,"level":"secondary","values":[],"is_member_of_frames":[],"is_mutually_exclusive_with":[],"gridable":true},{"__meta":{"schema_version":3,"schema_name":"ModelParameterSchemaV3","schema_type":"Iced"},"name":"max_runtime_secs","label":"max_runtime_secs","help":"Maximum allowed runtime in seconds for model training. Use 0 to disable.","required":false,"type":"double","default_value":0.0,"actual_value":0.0,"input_value":0.0,"level":"secondary","values":[],"is_member_of_frames":[],"is_mutually_exclusive_with":[],"gridable":true},{"__meta":{"schema_version":3,"schema_name":"ModelParameterSchemaV3","schema_type":"Iced"},"name":"seed","label":"seed","help":"Seed for pseudo random number generator (if applicable)","required":false,"type":"long","default_value":-1,"actual_value":12,"input_value":12,"level":"critical","values":[],"is_member_of_frames":[],"is_mutually_exclusive_with":[],"gridable":true},{"__meta":{"schema_version":3,"schema_name":"ModelParameterSchemaV3","schema_type":"Iced"},"name":"build_tree_one_node","label":"build_tree_one_node","help":"Run on one node only; no network overhead but fewer cpus used. Suitable for small datasets.","required":false,"type":"boolean","default_value":false,"actual_value":true,"input_value":true,"level":"expert","values":[],"is_member_of_frames":[],"is_mutually_exclusive_with":[],"gridable":false},{"__meta":{"schema_version":3,"schema_name":"ModelParameterSchemaV3","schema_type":"Iced"},"name":"mtries","label":"mtries","help":"Number of variables randomly sampled as candidates at each split. If set to -1, defaults to sqrt{p} for classification and p/3 for regression (where p is the # of predictors","required":false,"type":"int","default_value":-1,"actual_value":4,"input_value":4,"level":"critical","values":[],"is_member_of_frames":[],"is_mutually_exclusive_with":[],"gridable":true},{"__meta":{"schema_version":3,"schema_name":"ModelParameterSchemaV3","schema_type":"Iced"},"name":"sample_rate","label":"sample_rate","help":"Row sample rate per tree (from 0.0 to 1.0)","required":false,"type":"double","default_value":0.632,"actual_value":0.632,"input_value":0.632,"level":"critical","values":[],"is_member_of_frames":[],"is_mutually_exclusive_with":[],"gridable":true},{"__meta":{"schema_version":3,"schema_name":"ModelParameterSchemaV3","schema_type":"Iced"},"name":"sample_rate_per_class","label":"sample_rate_per_class","help":"A list of row sample rates per class (relative fraction for each class, from 0.0 to 1.0), for each tree","required":false,"type":"double[]","default_value":null,"actual_value":null,"input_value":null,"level":"expert","values":[],"is_member_of_frames":[],"is_mutually_exclusive_with":[],"gridable":true},{"__meta":{"schema_version":3,"schema_name":"ModelParameterSchemaV3","schema_type":"Iced"},"name":"binomial_double_trees","label":"binomial_double_trees","help":"For binary classification: Build 2x as many trees (one per class) - can lead to higher accuracy.","required":false,"type":"boolean","default_value":false,"actual_value":false,"input_value":false,"level":"expert","values":[],"is_member_of_frames":[],"is_mutually_exclusive_with":[],"gridable":false},{"__meta":{"schema_version":3,"schema_name":"ModelParameterSchemaV3","schema_type":"Iced"},"name":"checkpoint","label":"checkpoint","help":"Model checkpoint to resume training with.","required":false,"type":"Key<Model>","default_value":null,"actual_value":null,"input_value":null,"level":"secondary","values":[],"is_member_of_frames":[],"is_mutually_exclusive_with":[],"gridable":false},{"__meta":{"schema_version":3,"schema_name":"ModelParameterSchemaV3","schema_type":"Iced"},"name":"col_sample_rate_change_per_level","label":"col_sample_rate_change_per_level","help":"Relative change of the column sampling rate for every level (must be > 0.0 and <= 2.0)","required":false,"type":"double","default_value":1.0,"actual_value":1.0,"input_value":1.0,"level":"expert","values":[],"is_member_of_frames":[],"is_mutually_exclusive_with":[],"gridable":true},{"__meta":{"schema_version":3,"schema_name":"ModelParameterSchemaV3","schema_type":"Iced"},"name":"col_sample_rate_per_tree","label":"col_sample_rate_per_tree","help":"Column sample rate per tree (from 0.0 to 1.0)","required":false,"type":"double","default_value":1.0,"actual_value":1.0,"input_value":1.0,"level":"secondary","values":[],"is_member_of_frames":[],"is_mutually_exclusive_with":[],"gridable":true},{"__meta":{"schema_version":3,"schema_name":"ModelParameterSchemaV3","schema_type":"Iced"},"name":"min_split_improvement","label":"min_split_improvement","help":"Minimum relative improvement in squared error reduction for a split to happen","required":false,"type":"double","default_value":1.0E-5,"actual_value":1.0E-5,"input_value":1.0E-5,"level":"secondary","values":[],"is_member_of_frames":[],"is_mutually_exclusive_with":[],"gridable":true},{"__meta":{"schema_version":3,"schema_name":"ModelParameterSchemaV3","schema_type":"Iced"},"name":"histogram_type","label":"histogram_type","help":"What type of histogram to use for finding optimal split points","required":false,"type":"enum","default_value":"AUTO","actual_value":"UniformAdaptive","input_value":"AUTO","level":"secondary","values":["AUTO","UniformAdaptive","Random","QuantilesGlobal","RoundRobin"],"is_member_of_frames":[],"is_mutually_exclusive_with":[],"gridable":true},{"__meta":{"schema_version":3,"schema_name":"ModelParameterSchemaV3","schema_type":"Iced"},"name":"categorical_encoding","label":"categorical_encoding","help":"Encoding scheme for categorical features","required":false,"type":"enum","default_value":"AUTO","actual_value":"Enum","input_value":"Enum","level":"secondary","values":["AUTO","Enum","OneHotInternal","OneHotExplicit","Binary","Eigen","LabelEncoder","SortByResponse","EnumLimited"],"is_member_of_frames":[],"is_mutually_exclusive_with":[],"gridable":true},{"__meta":{"schema_version":3,"schema_name":"ModelParameterSchemaV3","schema_type":"Iced"},"name":"calibrate_model","label":"calibrate_model","help":"Use Platt Scaling to calculate calibrated class probabilities. Calibration can provide more accurate estimates of class probabilities.","required":false,"type":"boolean","default_value":false,"actual_value":false,"input_value":false,"level":"expert","values":[],"is_member_of_frames":[],"is_mutually_exclusive_with":[],"gridable":false},{"__meta":{"schema_version":3,"schema_name":"ModelParameterSchemaV3","schema_type":"Iced"},"name":"calibration_frame","label":"calibration_frame","help":"Calibration frame for Platt Scaling","required":false,"type":"Key<Frame>","default_value":null,"actual_value":null,"input_value":null,"level":"expert","values":[],"is_member_of_frames":[],"is_mutually_exclusive_with":[],"gridable":false},{"__meta":{"schema_version":3,"schema_name":"ModelParameterSchemaV3","schema_type":"Iced"},"name":"distribution","label":"distribution","help":"Distribution function","required":false,"type":"enum","default_value":"AUTO","actual_value":"gaussian","input_value":"gaussian","level":"secondary","values":["AUTO","bernoulli","quasibinomial","ordinal","multinomial","gaussian","poisson","gamma","tweedie","laplace","quantile","huber","custom"],"is_member_of_frames":[],"is_mutually_exclusive_with":[],"gridable":true},{"__meta":{"schema_version":3,"schema_name":"ModelParameterSchemaV3","schema_type":"Iced"},"name":"custom_metric_func","label":"custom_metric_func","help":"Reference to custom evaluation function, format: `language:keyName=funcName`","required":false,"type":"string","default_value":null,"actual_value":null,"input_value":null,"level":"secondary","values":[],"is_member_of_frames":[],"is_mutually_exclusive_with":[],"gridable":false},{"__meta":{"schema_version":3,"schema_name":"ModelParameterSchemaV3","schema_type":"Iced"},"name":"export_checkpoints_dir","label":"export_checkpoints_dir","help":"Automatically export generated models to this directory.","required":false,"type":"string","default_value":null,"actual_value":null,"input_value":null,"level":"secondary","values":[],"is_member_of_frames":[],"is_mutually_exclusive_with":[],"gridable":false},{"__meta":{"schema_version":3,"schema_name":"ModelParameterSchemaV3","schema_type":"Iced"},"name":"check_constant_response","label":"check_constant_response","help":"Check if response column is constant. If enabled, then an exception is thrown if the response column is a constant value.If disabled, then model will train regardless of the response column being a constant value or not.","required":false,"type":"boolean","default_value":true,"actual_value":true,"input_value":true,"level":"expert","values":[],"is_member_of_frames":[],"is_mutually_exclusive_with":[],"gridable":false},{"__meta":{"schema_version":3,"schema_name":"ModelParameterSchemaV3","schema_type":"Iced"},"name":"gainslift_bins","label":"gainslift_bins","help":"Gains/Lift table number of bins. 0 means disabled.. Default value -1 means automatic binning.","required":false,"type":"int","default_value":-1,"actual_value":-1,"input_value":-1,"level":"secondary","values":[],"is_member_of_frames":[],"is_mutually_exclusive_with":[],"gridable":false},{"__meta":{"schema_version":3,"schema_name":"ModelParameterSchemaV3","schema_type":"Iced"},"name":"auc_type","label":"auc_type","help":"Set default multinomial AUC type.","required":false,"type":"enum","default_value":"AUTO","actual_value":"AUTO","input_value":"AUTO","level":"secondary","values":["AUTO","NONE","MACRO_OVR","WEIGHTED_OVR","MACRO_OVO","WEIGHTED_OVO"],"is_member_of_frames":[],"is_mutually_exclusive_with":[],"gridable":true}],"output":{"__meta":{"schema_version":3,"schema_name":"DRFModelOutputV3","schema_type":"DRFOutput"},"names":["style","flavor","abv","perception","rating"],"original_names":null,"column_types":["Enum","Enum","Numeric","Enum","Numeric"],"domains":[["ale","alt","blonde","dark","keller","lager","mix","pils","soda","wheat"],["fruit","herb","lemon","standard"],null,["drive","refresh","tasty","too_strong","weak"],null],"cross_validation_models":[{"__meta":{"schema_version":3,"schema_name":"ModelKeyV3","schema_type":"Key<Model>"},"name":"beer_2std_drf_model_cv_1","type":"Key<Model>","URL":"/3/Models/beer_2std_drf_model_cv_1"},{"__meta":{"schema_version":3,"schema_name":"ModelKeyV3","schema_type":"Key<Model>"},"name":"beer_2std_drf_model_cv_2","type":"Key<Model>","URL":"/3/Models/beer_2std_drf_model_cv_2"},{"__meta":{"schema_version":3,"schema_name":"ModelKeyV3","schema_type":"Key<Model>"},"name":"beer_2std_drf_model_cv_3","type":"Key<Model>","URL":"/3/Models/beer_2std_drf_model_cv_3"},{"__meta":{"schema_version":3,"schema_name":"ModelKeyV3","schema_type":"Key<Model>"},"name":"beer_2std_drf_model_cv_4","type":"Key<Model>","URL":"/3/Models/beer_2std_drf_model_cv_4"}],"cross_validation_predictions":null,"cross_validation_holdout_predictions_frame_id":null,"cross_validation_fold_assignment_frame_id":null,"model_category":"Regression","model_summary":{"__meta":{"schema_version":3,"schema_name":"TwoDimTableV3","schema_type":"TwoDimTable"},"name":"Model Summary","description":"","columns":[{"__meta":{"schema_version":-1,"schema_name":"ColumnSpecsBase","schema_type":"Iced"},"name":"","type":"string","format":"%s","description":""},{"__meta":{"schema_version":-1,"schema_name":"ColumnSpecsBase","schema_type":"Iced"},"name":"number_of_trees","type":"long","format":"%d","description":"Number of Trees"},{"__meta":{"schema_version":-1,"schema_name":"ColumnSpecsBase","schema_type":"Iced"},"name":"number_of_internal_trees","type":"long","format":"%d","description":"Number of Internal Trees"},{"__meta":{"schema_version":-1,"schema_name":"ColumnSpecsBase","schema_type":"Iced"},"name":"model_size_in_bytes","type":"long","format":"%d","description":"Model Size in Bytes"},{"__meta":{"schema_version":-1,"schema_name":"ColumnSpecsBase","schema_type":"Iced"},"name":"min_depth","type":"long","format":"%d","description":"Min. Depth"},{"__meta":{"schema_version":-1,"schema_name":"ColumnSpecsBase","schema_type":"Iced"},"name":"max_depth","type":"long","format":"%d","description":"Max. Depth"},{"__meta":{"schema_version":-1,"schema_name":"ColumnSpecsBase","schema_type":"Iced"},"name":"mean_depth","type":"double","format":"%.5f","description":"Mean Depth"},{"__meta":{"schema_version":-1,"schema_name":"ColumnSpecsBase","schema_type":"Iced"},"name":"min_leaves","type":"long","format":"%d","description":"Min. Leaves"},{"__meta":{"schema_version":-1,"schema_name":"ColumnSpecsBase","schema_type":"Iced"},"name":"max_leaves","type":"long","format":"%d","description":"Max. Leaves"},{"__meta":{"schema_version":-1,"schema_name":"ColumnSpecsBase","schema_type":"Iced"},"name":"mean_leaves","type":"double","format":"%.5f","description":"Mean Leaves"}],"rowcount":1,"data":[[""],[50],[50],[33893],[9],[15],[11.32],[36],[59],[49.36]]},"scoring_history":{"__meta":{"schema_version":3,"schema_name":"TwoDimTableV3","schema_type":"TwoDimTable"},"name":"Scoring History","description":"","columns":[{"__meta":{"schema_version":-1,"schema_name":"ColumnSpecsBase","schema_type":"Iced"},"name":"","type":"string","format":"%s","description":""},{"__meta":{"schema_version":-1,"schema_name":"ColumnSpecsBase","schema_type":"Iced"},"name":"timestamp","type":"string","format":"%s","description":"Timestamp"},{"__meta":{"schema_version":-1,"schema_name":"ColumnSpecsBase","schema_type":"Iced"},"name":"duration","type":"string","format":"%s","description":"Duration"},{"__meta":{"schema_version":-1,"schema_name":"ColumnSpecsBase","schema_type":"Iced"},"name":"number_of_trees","type":"long","format":"%d","description":"Number of Trees"},{"__meta":{"schema_version":-1,"schema_name":"ColumnSpecsBase","schema_type":"Iced"},"name":"training_rmse","type":"double","format":"%.5f","description":"Training RMSE"},{"__meta":{"schema_version":-1,"schema_name":"ColumnSpecsBase","schema_type":"Iced"},"name":"training_mae","type":"double","format":"%.5f","description":"Training MAE"},{"__meta":{"schema_version":-1,"schema_name":"ColumnSpecsBase","schema_type":"Iced"},"name":"training_deviance","type":"double","format":"%.5f","description":"Training Deviance"},{"__meta":{"schema_version":-1,"schema_name":"ColumnSpecsBase","schema_type":"Iced"},"name":"validation_rmse","type":"double","format":"%.5f","description":"Validation RMSE"},{"__meta":{"schema_version":-1,"schema_name":"ColumnSpecsBase","schema_type":"Iced"},"name":"validation_mae","type":"double","format":"%.5f","description":"Validation MAE"},{"__meta":{"schema_version":-1,"schema_name":"ColumnSpecsBase","schema_type":"Iced"},"name":"validation_deviance","type":"double","format":"%.5f","description":"Validation Deviance"}],"rowcount":51,"data":[["","","","","","","","","","","","","","","","","","","","","","","","","","","","","","","","","","","","","","","","","","","","","","","","","","",""],["2021-09-30 20:23:11","2021-09-30 20:23:11","2021-09-30 20:23:11","2021-09-30 20:23:11","2021-09-30 20:23:11","2021-09-30 20:23:11","2021-09-30 20:23:11","2021-09-30 20:23:11","2021-09-30 20:23:11","2021-09-30 20:23:11","2021-09-30 20:23:11","2021-09-30 20:23:11","2021-09-30 20:23:11","2021-09-30 20:23:11","2021-09-30 20:23:11","2021-09-30 20:23:12","2021-09-30 20:23:12","2021-09-30 20:23:12","2021-09-30 20:23:12","2021-09-30 20:23:12","2021-09-30 20:23:12","2021-09-30 20:23:12","2021-09-30 20:23:12","2021-09-30 20:23:12","2021-09-30 20:23:12","2021-09-30 20:23:12","2021-09-30 20:23:12","2021-09-30 20:23:12","2021-09-30 20:23:12","2021-09-30 20:23:12","2021-09-30 20:23:12","2021-09-30 20:23:12","2021-09-30 20:23:12","2021-09-30 20:23:12","2021-09-30 20:23:12","2021-09-30 20:23:12","2021-09-30 20:23:12","2021-09-30 20:23:12","2021-09-30 20:23:12","2021-09-30 20:23:12","2021-09-30 20:23:12","2021-09-30 20:23:12","2021-09-30 20:23:12","2021-09-30 20:23:12","2021-09-30 20:23:12","2021-09-30 20:23:12","2021-09-30 20:23:12","2021-09-30 20:23:12","2021-09-30 20:23:12","2021-09-30 20:23:12","2021-09-30 20:23:12"],[" 0.471 sec"," 0.479 sec"," 0.485 sec"," 0.490 sec"," 0.496 sec"," 0.502 sec"," 0.509 sec"," 0.514 sec"," 0.520 sec"," 0.526 sec"," 0.532 sec"," 0.539 sec"," 0.544 sec"," 0.550 sec"," 0.557 sec"," 0.562 sec"," 0.568 sec"," 0.574 sec"," 0.578 sec"," 0.582 sec"," 0.587 sec"," 0.591 sec"," 0.595 sec"," 0.600 sec"," 0.605 sec"," 0.609 sec"," 0.614 sec"," 0.618 sec"," 0.622 sec"," 0.627 sec"," 0.631 sec"," 0.635 sec"," 0.640 sec"," 0.645 sec"," 0.649 sec"," 0.654 sec"," 0.658 sec"," 0.663 sec"," 0.667 sec"," 0.672 sec"," 0.677 sec"," 0.681 sec"," 0.686 sec"," 0.691 sec"," 0.696 sec"," 0.700 sec"," 0.705 sec"," 0.710 sec"," 0.716 sec"," 0.720 sec"," 0.726 sec"],[0,1,2,3,4,5,6,7,8,9,10,11,12,13,14,15,16,17,18,19,20,21,22,23,24,25,26,27,28,29,30,31,32,33,34,35,36,37,38,39,40,41,42,43,44,45,46,47,48,49,50],["NaN",1.892032566855697,1.7388034667628083,1.5674730204828435,1.5330470192678025,1.508380787477103,1.478480566890773,1.5120868985202467,1.4752896879125434,1.47134114149312,1.453269099643593,1.4689182581568685,1.466380015531685,1.4761391640207358,1.4786423823888475,1.4948279617452076,1.504454293791201,1.4799528704028573,1.4727894481470258,1.477711767631941,1.4738064531999968,1.4696276289376948,1.4690514951848233,1.473117921036987,1.4790629150668118,1.4807455326643775,1.4813719223845032,1.4800220386826721,1.4654474726875188,1.4713604747819697,1.4616817452230493,1.4593459197829912,1.4602113618095116,1.4642525296401945,1.4651683035807936,1.4646305151956351,1.46180716381753,1.4529802593184054,1.449930805073038,1.4551358934540348,1.4510004406319423,1.4434067220208315,1.4405343536723052,1.4408036886659426,1.4402564017046122,1.4408692886682501,1.4395776193201901,1.4370641369230843,1.4389744350883156,1.4426096621826274,1.4441288589610577],["NaN",1.4219858189846606,1.34375,1.164760354297613,1.1259661937105485,1.1306134356392756,1.100033346048991,1.1496607423738672,1.1010204229822647,1.1015007939937933,1.0874289457731918,1.1182288106485891,1.114889852866774,1.1281583375711626,1.124327053240876,1.1489648490425846,1.1626950477872071,1.1393262526429733,1.1314461834145677,1.1360497569116101,1.1309932451858264,1.1334942928835705,1.137138334992252,1.1423933934509678,1.1477018560032373,1.140760090186917,1.1437151481390755,1.143219919975808,1.135763841204903,1.1340207025240134,1.1260214559532726,1.1240880144116814,1.1199139324233478,1.1222872065867515,1.1236609939657751,1.1198288919511104,1.1176546307669761,1.1118522628161482,1.1101706827634277,1.1106896539395499,1.1076460846870948,1.1038213876982665,1.1021535562294893,1.1029656954286484,1.1000374193785003,1.1008139565313684,1.10146016665851,1.1014729217650354,1.101731328259923,1.1044479581593851,1.107307741630985],["NaN",3.579787234042558,3.023437496026361,2.456971669941609,2.350233163285894,2.2752126000300454,2.1859047866736616,2.2864067886765786,2.17647966326109,2.164844754650277,2.1119910759789,2.1577208491466084,2.150270349950705,2.1789868315558367,2.1863832949965665,2.234510635215332,2.2633827221067815,2.1902604986136565,2.169108758573221,2.183632068197915,2.1721054614939543,2.1598053677370306,2.1581122955047647,2.1700764092803344,2.1876271067259347,2.192607332505511,2.1944627724291585,2.190465234986413,2.147536295206236,2.1649016467506237,2.1365135243182993,2.1296905135872644,2.1322172211575885,2.1440354705577085,2.1467181578178205,2.1451425460422313,2.1368801841882514,2.1111516339689804,2.1022993394997482,2.1174204684182723,2.1054022787140907,2.0834229651749223,2.075139224110086,2.0759152692733864,2.074338502651117,2.0761043070273493,2.072383722047586,2.065153333630489,2.0706474248377367,2.0811226374226743,2.0855081612841664],["NaN",1.7993482933987195,1.6992077774942962,1.7353096778104056,1.7582148350366464,1.793527448914913,1.7653209329986994,1.7581843958070267,1.7403561649030852,1.739140950090393,1.7408897028521355,1.727660490341571,1.7251337991470495,1.7197459846294294,1.7274871762638653,1.729381833723832,1.7292794242434253,1.7377074945646795,1.7360886560368392,1.7316292074459327,1.726837585586857,1.732042711507558,1.720598820799548,1.723145223476336,1.727934050001481,1.730274222505125,1.7336021967108886,1.729294175174286,1.728259564172704,1.7215951819603434,1.7238855415755874,1.7244613246950513,1.721112481702457,1.7213614669375796,1.7174946232434996,1.7189398480767601,1.719264243111023,1.7214825356619077,1.7239432531239887,1.7290376389681033,1.727470801748574,1.7251056270993834,1.7300632015435888,1.729325117509769,1.735462222625976,1.7367045857357346,1.7342767443572387,1.7321965060653501,1.734604975867451,1.7343520771367897,1.733139807099036],["NaN",1.3740740564134386,1.243518500857883,1.3006172639352303,1.3194444285498725,1.3511110983954537,1.3327160376089588,1.3329100412035746,1.3276388790872362,1.3171604851145808,1.3169999917348223,1.2952525177387275,1.290401228268941,1.283019936390412,1.2946031676398384,1.2949629571702745,1.2974305497275458,1.310740736419079,1.3185390908041121,1.3169590598658514,1.3164814774195353,1.323015867969977,1.316498311842331,1.3168276929624994,1.3180555524649444,1.3173333303663468,1.3141595404372255,1.311495195789102,1.311904758498782,1.3052362672213853,1.3074691323880794,1.3104539987434196,1.3083333300219642,1.3053984247072778,1.3046405190735861,1.3046984088231648,1.305740737326351,1.304304300485788,1.3067251420160482,1.306543206217622,1.3061018480194937,1.3048690116179344,1.3077072274747978,1.3083031834249965,1.3114393903751564,1.3116543176439075,1.309613523160778,1.3092513758521833,1.308672836312541,1.3076039273182014,1.3091185150146483],["NaN",3.2376542809568845,2.8873070710971054,3.011299677902454,3.091319406142942,3.2167407100112353,3.1163579964833987,3.0912123696593197,3.0288395807161743,3.0246112442813144,3.0306969574965965,2.984810769887278,2.9760866249595326,2.9575262516490453,2.984211944156103,2.990761526814004,2.9904073271116727,3.0196273366662556,3.0140038216197986,2.9985397120798294,2.9819680469954455,2.9999719544864543,2.9604603021367946,2.969229461189312,2.9857560811545207,2.993848885065715,3.0053765764408182,2.990458344291714,2.9868811211544255,2.963889970549068,2.971781360453356,2.9737668603690115,2.9622281746719907,2.963085299857496,2.9497877808703308,2.954754201306155,2.955869537640119,2.963502120588951,2.971980339991721,2.9895711569683927,2.984155370893861,2.9759894246499567,2.993118681335252,2.9905653620501766,3.011829126161892,3.01614281811553,3.0077158260183428,3.000504735625007,3.0088544223041205,3.007977127468697,3.0037735909512837]]},"cv_scoring_history":[{"__meta":{"schema_version":3,"schema_name":"TwoDimTableV3","schema_type":"TwoDimTable"},"name":"Scoring History","description":"","columns":[{"__meta":{"schema_version":-1,"schema_name":"ColumnSpecsBase","schema_type":"Iced"},"name":"","type":"string","format":"%s","description":""},{"__meta":{"schema_version":-1,"schema_name":"ColumnSpecsBase","schema_type":"Iced"},"name":"timestamp","type":"string","format":"%s","description":"Timestamp"},{"__meta":{"schema_version":-1,"schema_name":"ColumnSpecsBase","schema_type":"Iced"},"name":"duration","type":"string","format":"%s","description":"Duration"},{"__meta":{"schema_version":-1,"schema_name":"ColumnSpecsBase","schema_type":"Iced"},"name":"number_of_trees","type":"long","format":"%d","description":"Number of Trees"},{"__meta":{"schema_version":-1,"schema_name":"ColumnSpecsBase","schema_type":"Iced"},"name":"training_rmse","type":"double","format":"%.5f","description":"Training RMSE"},{"__meta":{"schema_version":-1,"schema_name":"ColumnSpecsBase","schema_type":"Iced"},"name":"training_mae","type":"double","format":"%.5f","description":"Training MAE"},{"__meta":{"schema_version":-1,"schema_name":"ColumnSpecsBase","schema_type":"Iced"},"name":"training_deviance","type":"double","format":"%.5f","description":"Training Deviance"},{"__meta":{"schema_version":-1,"schema_name":"ColumnSpecsBase","schema_type":"Iced"},"name":"validation_rmse","type":"double","format":"%.5f","description":"Validation RMSE"},{"__meta":{"schema_version":-1,"schema_name":"ColumnSpecsBase","schema_type":"Iced"},"name":"validation_mae","type":"double","format":"%.5f","description":"Validation MAE"},{"__meta":{"schema_version":-1,"schema_name":"ColumnSpecsBase","schema_type":"Iced"},"name":"validation_deviance","type":"double","format":"%.5f","description":"Validation Deviance"}],"rowcount":51,"data":[["","","","","","","","","","","","","","","","","","","","","","","","","","","","","","","","","","","","","","","","","","","","","","","","","","",""],["2021-09-30 20:23:11","2021-09-30 20:23:11","2021-09-30 20:23:11","2021-09-30 20:23:11","2021-09-30 20:23:11","2021-09-30 20:23:11","2021-09-30 20:23:11","2021-09-30 20:23:11","2021-09-30 20:23:11","2021-09-30 20:23:11","2021-09-30 20:23:11","2021-09-30 20:23:11","2021-09-30 20:23:11","2021-09-30 20:23:11","2021-09-30 20:23:11","2021-09-30 20:23:11","2021-09-30 20:23:11","2021-09-30 20:23:11","2021-09-30 20:23:11","2021-09-30 20:23:11","2021-09-30 20:23:11","2021-09-30 20:23:11","2021-09-30 20:23:11","2021-09-30 20:23:11","2021-09-30 20:23:11","2021-09-30 20:23:11","2021-09-30 20:23:11","2021-09-30 20:23:11","2021-09-30 20:23:11","2021-09-30 20:23:11","2021-09-30 20:23:11","2021-09-30 20:23:11","2021-09-30 20:23:11","2021-09-30 20:23:11","2021-09-30 20:23:11","2021-09-30 20:23:11","2021-09-30 20:23:11","2021-09-30 20:23:11","2021-09-30 20:23:11","2021-09-30 20:23:11","2021-09-30 20:23:11","2021-09-30 20:23:11","2021-09-30 20:23:11","2021-09-30 20:23:11","2021-09-30 20:23:11","2021-09-30 20:23:11","2021-09-30 20:23:11","2021-09-30 20:23:11","2021-09-30 20:23:11","2021-09-30 20:23:11","2021-09-30 20:23:11"],[" 0.017 sec"," 0.029 sec"," 0.036 sec"," 0.046 sec"," 0.057 sec"," 0.067 sec"," 0.079 sec"," 0.089 sec"," 0.100 sec"," 0.108 sec"," 0.115 sec"," 0.132 sec"," 0.140 sec"," 0.147 sec"," 0.156 sec"," 0.167 sec"," 0.176 sec"," 0.187 sec"," 0.196 sec"," 0.205 sec"," 0.212 sec"," 0.219 sec"," 0.227 sec"," 0.233 sec"," 0.240 sec"," 0.247 sec"," 0.253 sec"," 0.260 sec"," 0.267 sec"," 0.275 sec"," 0.281 sec"," 0.288 sec"," 0.295 sec"," 0.302 sec"," 0.308 sec"," 0.315 sec"," 0.323 sec"," 0.330 sec"," 0.339 sec"," 0.348 sec"," 0.357 sec"," 0.364 sec"," 0.371 sec"," 0.378 sec"," 0.386 sec"," 0.401 sec"," 0.409 sec"," 0.416 sec"," 0.425 sec"," 0.433 sec"," 0.442 sec"],[0,1,2,3,4,5,6,7,8,9,10,11,12,13,14,15,16,17,18,19,20,21,22,23,24,25,26,27,28,29,30,31,32,33,34,35,36,37,38,39,40,41,42,43,44,45,46,47,48,49,50],["NaN",1.7721388744892972,1.7235180839915476,1.6162317403283355,1.5812012535682833,1.5426159403442152,1.5335683351628988,1.5265967612263662,1.5362590429394256,1.5531894681834644,1.5087649446538762,1.516775382418729,1.5131986655107494,1.5053943322566226,1.5070309680937304,1.5149206017477397,1.522528194120857,1.500466920789234,1.4880103477685662,1.4926354208777726,1.4934888095092913,1.4742737523861245,1.4740653690422922,1.4856462746775212,1.4950909561881123,1.494005638879706,1.4980910974973112,1.5001014824841035,1.4921908245132094,1.4997280585168156,1.49414145925634,1.4863431556724802,1.4878498554717776,1.4905856051885331,1.4947900870279984,1.5001285120947758,1.5037284025737572,1.4973452884033127,1.4864559047105144,1.4925491426771007,1.4908697141326848,1.4788682528560522,1.4791131087886786,1.4773768033381292,1.4766531063921453,1.4786292612714151,1.4710514670263717,1.4754924526216835,1.4783619490430395,1.4805511797116595,1.4733080006874453],["NaN",1.3476190430777413,1.3237704918032787,1.135724325220293,1.142118860584821,1.1432098741884584,1.1266548440811481,1.1164948469994407,1.1412016968591792,1.13623535661757,1.0973484098797754,1.1116896750586376,1.107938484328134,1.089125789051964,1.0888880901488047,1.1033415804114637,1.1259371625791725,1.1115058342878052,1.0876801461679044,1.0963653990664501,1.0979293888030397,1.0944293970584344,1.0990815264370368,1.105561969882818,1.11394794294726,1.1065577111295806,1.1100299968136524,1.1099826061531202,1.108412467609421,1.1160116514937037,1.1079028358731973,1.0985051796049383,1.095312776730561,1.0907616457379445,1.0970387020793977,1.098260757171594,1.1003193431668183,1.0967286196063155,1.0932504741258935,1.095639421329105,1.0868692700071225,1.0803279024417192,1.0803869481553534,1.0790397622163832,1.0762220074947124,1.0785251014177903,1.0747557905003762,1.0768274154839133,1.0782547635937538,1.0777101128926514,1.076465408825652],["NaN",3.1404761904761926,2.970514585845895,2.61220503844476,2.5001974042859105,2.3796639394040677,2.351831838614305,2.330497671386831,2.36009184701316,2.412397524076033,2.276371658216414,2.300607560711481,2.289770201303513,2.2662120955903626,2.271142338793526,2.294984429599734,2.318092101892918,2.2514009803827255,2.214174795066329,2.2279604996589653,2.23050882412948,2.173483096974664,2.172868712209789,2.2071448534631966,2.235296967275484,2.2320528490043587,2.244276936400698,2.250304457751005,2.226633456761412,2.249184249502617,2.232458700268665,2.2092159764144266,2.21369719242739,2.2218454463952653,2.2343974042771713,2.250385552799686,2.2611991087070233,2.2420429127035995,2.209551156648754,2.227702943306148,2.222692504518073,2.187051309305512,2.1877755885905095,2.182642219041589,2.1805043966175726,2.186344492288051,2.16399241864044,2.177077977743551,2.1855540523783343,2.192031795745587,2.170636464889637],["NaN",1.6970273895209576,1.633993467853898,1.6935468598742671,1.6314289678652176,1.590720647436303,1.5673137625187585,1.5249470627683854,1.5245807385027388,1.5122752871828256,1.490695334463015,1.5235350159789007,1.5291454906181405,1.54447393068303,1.5608946945834943,1.5342339472371198,1.5324937910688041,1.5276435290897987,1.5079532145770498,1.51729706186611,1.496678599607092,1.507949794180585,1.5026781753975245,1.5128733492346695,1.5028310064995523,1.5022521800653281,1.4941986959867883,1.50519593786663,1.5035509121649626,1.5146343761533732,1.5083431841503205,1.502619470372645,1.4994474273734313,1.4954466942885871,1.484949589298217,1.4846062091473593,1.4747922155740278,1.4749998536399493,1.473642968990859,1.4757146812780668,1.4748134238085056,1.471455896112104,1.4671385485061765,1.4646934817806483,1.4600641927979368,1.461661340460758,1.4610226327382514,1.4627949863951142,1.4670894982599725,1.4650288750725655,1.469817468865573],["NaN",1.4068627497729134,1.4215686321258545,1.4754902054281793,1.4044117717181934,1.3803921643425434,1.348039225036023,1.320728299998436,1.3100490272045135,1.2952069799884474,1.2721568724688361,1.3129233599984071,1.3252451069214768,1.3478129783906547,1.3551820797078749,1.3364052351783304,1.339889712193433,1.3397923934830924,1.3151960840412213,1.3164086740452436,1.2956372604650606,1.3039682592664443,1.305303036210371,1.3073742596999458,1.2964052347575916,1.2972941235934985,1.289630472929769,1.2966957206559855,1.301155467995075,1.3061528113986132,1.3034640573987775,1.3009487718513388,1.2982843189555056,1.294890082456211,1.2869377214603357,1.2868907611911038,1.2817810505044227,1.2809221031934928,1.2768833895585856,1.2792106634890872,1.2770098086665655,1.275753232977825,1.271638660203843,1.2690834519638081,1.2646390419592834,1.2648583926406562,1.2627770720845295,1.2651126456350201,1.2687806422803918,1.265046023521103,1.2685686324624457],["NaN",2.879901960784316,2.6699346529892076,2.868100966589991,2.661560477189769,2.530392178180171,2.4564724301807077,2.3254635442459257,2.3243464282135564,2.2869765442238976,2.2221725801898002,2.3211589449138295,2.3382859314777935,2.385399722559489,2.4363922475789,2.3538738048547936,2.3485372196644354,2.3336947519699347,2.273922897353258,2.30219037394753,2.2400468305218455,2.273912581769269,2.2580416988160334,2.2887857708245267,2.2585010340964575,2.2567616125110312,2.232629743088619,2.2656148113702037,2.260665345472091,2.294117293425518,2.2750991611727276,2.257865272742968,2.2483425874568015,2.2363608154586627,2.205075282756943,2.204055596238893,2.17501207911775,2.175624568237872,2.171623600056194,2.1777338205396264,2.1750746350457666,2.1651824542030753,2.1524955205128107,2.1453269955707186,2.131787447090691,2.1364538741975396,2.134587133373411,2.1397691722226826,2.1523515959046975,2.1463096047963868,2.1603633917823997]]},{"__meta":{"schema_version":3,"schema_name":"TwoDimTableV3","schema_type":"TwoDimTable"},"name":"Scoring History","description":"","columns":[{"__meta":{"schema_version":-1,"schema_name":"ColumnSpecsBase","schema_type":"Iced"},"name":"","type":"string","format":"%s","description":""},{"__meta":{"schema_version":-1,"schema_name":"ColumnSpecsBase","schema_type":"Iced"},"name":"timestamp","type":"string","format":"%s","description":"Timestamp"},{"__meta":{"schema_version":-1,"schema_name":"ColumnSpecsBase","schema_type":"Iced"},"name":"duration","type":"string","format":"%s","description":"Duration"},{"__meta":{"schema_version":-1,"schema_name":"ColumnSpecsBase","schema_type":"Iced"},"name":"number_of_trees","type":"long","format":"%d","description":"Number of Trees"},{"__meta":{"schema_version":-1,"schema_name":"ColumnSpecsBase","schema_type":"Iced"},"name":"training_rmse","type":"double","format":"%.5f","description":"Training RMSE"},{"__meta":{"schema_version":-1,"schema_name":"ColumnSpecsBase","schema_type":"Iced"},"name":"training_mae","type":"double","format":"%.5f","description":"Training MAE"},{"__meta":{"schema_version":-1,"schema_name":"ColumnSpecsBase","schema_type":"Iced"},"name":"training_deviance","type":"double","format":"%.5f","description":"Training Deviance"},{"__meta":{"schema_version":-1,"schema_name":"ColumnSpecsBase","schema_type":"Iced"},"name":"validation_rmse","type":"double","format":"%.5f","description":"Validation RMSE"},{"__meta":{"schema_version":-1,"schema_name":"ColumnSpecsBase","schema_type":"Iced"},"name":"validation_mae","type":"double","format":"%.5f","description":"Validation MAE"},{"__meta":{"schema_version":-1,"schema_name":"ColumnSpecsBase","schema_type":"Iced"},"name":"validation_deviance","type":"double","format":"%.5f","description":"Validation Deviance"}],"rowcount":51,"data":[["","","","","","","","","","","","","","","","","","","","","","","","","","","","","","","","","","","","","","","","","","","","","","","","","","",""],["2021-09-30 20:23:11","2021-09-30 20:23:11","2021-09-30 20:23:11","2021-09-30 20:23:11","2021-09-30 20:23:11","2021-09-30 20:23:11","2021-09-30 20:23:11","2021-09-30 20:23:11","2021-09-30 20:23:11","2021-09-30 20:23:11","2021-09-30 20:23:11","2021-09-30 20:23:11","2021-09-30 20:23:11","2021-09-30 20:23:11","2021-09-30 20:23:11","2021-09-30 20:23:11","2021-09-30 20:23:11","2021-09-30 20:23:11","2021-09-30 20:23:11","2021-09-30 20:23:11","2021-09-30 20:23:11","2021-09-30 20:23:11","2021-09-30 20:23:11","2021-09-30 20:23:11","2021-09-30 20:23:11","2021-09-30 20:23:11","2021-09-30 20:23:11","2021-09-30 20:23:11","2021-09-30 20:23:11","2021-09-30 20:23:11","2021-09-30 20:23:11","2021-09-30 20:23:11","2021-09-30 20:23:11","2021-09-30 20:23:11","2021-09-30 20:23:11","2021-09-30 20:23:11","2021-09-30 20:23:11","2021-09-30 20:23:11","2021-09-30 20:23:11","2021-09-30 20:23:11","2021-09-30 20:23:11","2021-09-30 20:23:11","2021-09-30 20:23:11","2021-09-30 20:23:11","2021-09-30 20:23:11","2021-09-30 20:23:11","2021-09-30 20:23:11","2021-09-30 20:23:11","2021-09-30 20:23:11","2021-09-30 20:23:11","2021-09-30 20:23:11"],[" 0.017 sec"," 0.033 sec"," 0.042 sec"," 0.051 sec"," 0.060 sec"," 0.071 sec"," 0.083 sec"," 0.091 sec"," 0.100 sec"," 0.112 sec"," 0.126 sec"," 0.135 sec"," 0.143 sec"," 0.151 sec"," 0.163 sec"," 0.173 sec"," 0.182 sec"," 0.192 sec"," 0.202 sec"," 0.209 sec"," 0.217 sec"," 0.225 sec"," 0.233 sec"," 0.240 sec"," 0.247 sec"," 0.254 sec"," 0.260 sec"," 0.267 sec"," 0.276 sec"," 0.283 sec"," 0.289 sec"," 0.296 sec"," 0.303 sec"," 0.310 sec"," 0.316 sec"," 0.325 sec"," 0.333 sec"," 0.343 sec"," 0.352 sec"," 0.360 sec"," 0.368 sec"," 0.375 sec"," 0.383 sec"," 0.401 sec"," 0.409 sec"," 0.417 sec"," 0.425 sec"," 0.433 sec"," 0.441 sec"," 0.450 sec"," 0.457 sec"],[0,1,2,3,4,5,6,7,8,9,10,11,12,13,14,15,16,17,18,19,20,21,22,23,24,25,26,27,28,29,30,31,32,33,34,35,36,37,38,39,40,41,42,43,44,45,46,47,48,49,50],["NaN",1.9702650682449452,1.8562721837484637,1.6512337453856534,1.584734405817278,1.6332293801364215,1.613912137139027,1.6279680345093348,1.5910409238466356,1.6096488413953296,1.5796683085394718,1.5557345801083171,1.5319318894789744,1.556739597276683,1.5555080074084666,1.573314406607223,1.5778670518333784,1.5501271914747887,1.5406359587768697,1.538183135215654,1.5273045445328701,1.5177186943585386,1.5167936000512865,1.5170996862829316,1.519850570283027,1.511657629097047,1.5079620250159462,1.5063771347611303,1.4952433118666184,1.500099835118668,1.494420513944186,1.4920956926327817,1.4913789169474359,1.4955943777016754,1.4884293616219137,1.487791701221103,1.4909613289486194,1.4928849533971797,1.488239457262128,1.4900041677548774,1.486695380466739,1.4785582820557097,1.4721859541277467,1.4753412753086312,1.4713873804575075,1.473554459640068,1.4709946705792873,1.4652549109897572,1.4633554339145527,1.4593714492304237,1.4605821519659674],["NaN",1.4666666626930236,1.4140624776482582,1.2309236775440384,1.1836257114745024,1.254251682839426,1.2282178076186983,1.2456515989570973,1.2154215744771826,1.2295398206781643,1.2062572099016855,1.1976388864806202,1.1609758130606118,1.194056623976296,1.1837905693467046,1.2000261361671218,1.2001405647535048,1.1809342112548082,1.177985584762744,1.1773591837297266,1.1677455454637076,1.1640496040326689,1.1636515796157956,1.1661326188658796,1.1656357961956898,1.1547126553309046,1.1526832858825244,1.149920105948603,1.1483962430588037,1.1480866453764091,1.142683406260457,1.1375396029378688,1.1310204251337121,1.1321251358678122,1.1252050834280987,1.1225323266331693,1.1235154565964731,1.1222982757209952,1.1200439468270806,1.1180409970399254,1.1156900080385708,1.1069233072730493,1.104169724597224,1.1066320484763827,1.0998368037073718,1.1022254780020004,1.1062557087879838,1.1037502375055528,1.099950352073693,1.0961211251497334,1.0986676968743379],["NaN",3.8819444391462583,3.44574642015829,2.7265728819003328,2.511383136981041,2.6674382081408,2.6047123864046617,2.650279921384187,2.5314112213547557,2.5909693926053268,2.4953519650039557,2.4203100837448015,2.3468153140026207,2.4234381737291693,2.4196051611118583,2.4753182220378385,2.4896644332613573,2.4028943097495166,2.373559157476324,2.366007357461859,2.332659171750758,2.303470035205387,2.3006628251565417,2.3015914581197694,2.3099457559896424,2.2851087876073053,2.2739494688901933,2.269172072131153,2.2357525616818537,2.2502995153230554,2.233292672497205,2.2263495559733006,2.2242110739153067,2.2368025426128613,2.215421964538218,2.213524146222384,2.2229656844202332,2.2287054840796996,2.2148566821518734,2.220112419926905,2.210263154301142,2.1861345934355314,2.167331483531024,2.1766318786292986,2.1649808233696057,2.171362745525133,2.1638253208726663,2.1469719541796013,2.1414091259672485,2.1297650268289074,2.133300222641536],["NaN",1.8424018324625302,1.7065234418900037,1.5159237169501536,1.4257551627131337,1.422447037398999,1.4831200511025189,1.4929976460719527,1.4935785649317388,1.4297627625053102,1.4077858963312189,1.4032184605864153,1.3967430714146727,1.422037043518135,1.3991980228218923,1.4035510552662798,1.4339456401252124,1.4209200736734102,1.420113821439718,1.4092426784786183,1.399550529274221,1.3976237857742726,1.3895428511920633,1.3983121061755666,1.4002188977784462,1.4044708033306028,1.4200885456201193,1.4217917519867331,1.4145329625982446,1.4192668133283164,1.4202311419359919,1.411709107742901,1.41181028865015,1.4158192648808636,1.4213061832986722,1.413447486209645,1.4025402436115288,1.4010135123767984,1.4003290494265974,1.4028113530095185,1.3968627451018456,1.3958558845016447,1.3918831690888582,1.394871797770073,1.3935492305782597,1.3881775477692624,1.393025242623767,1.4001025723711276,1.403382021575636,1.4036783233143515,1.4008389559086618],["NaN",1.4866666793823242,1.2933333396911622,1.2088888931274413,1.17,1.1573333358764648,1.1855555597941083,1.1776190512520923,1.195416669845581,1.1359259287516275,1.0973333358764648,1.104848485426469,1.102222221692403,1.1328205123314492,1.1190476185934883,1.1208888893127442,1.133750001192093,1.1262745116738713,1.1225925943586565,1.1129824578134637,1.1056666688919068,1.1053968275161017,1.1004545480554753,1.1082608720530631,1.1145833357175192,1.1113333351135255,1.1239743606860824,1.1248148169340908,1.124285716329302,1.1310344847317397,1.1310000019073483,1.123333334768972,1.1213541680574417,1.1267676781163072,1.1312745111128863,1.127904762813023,1.1236111116409304,1.1220720729312381,1.119649123643574,1.1215384620275253,1.1172500004768373,1.1121951224164264,1.1057142857142856,1.1068217051306433,1.106212120923129,1.1045185182359483,1.1124637674248736,1.1191489357643938,1.1233333325386043,1.1269387747316943,1.1275999992370607],["NaN",3.394444512261289,2.9122222577201047,2.2980247156119695,2.0327777840031547,2.0233555742051896,2.199645085982338,2.229041971176392,2.2307769296235525,2.044221557046816,1.9818611299090931,1.9690220481305092,1.9508912075448936,2.022189353137798,1.957755107068693,1.9699555647390874,2.0562000988341054,2.0190138557680495,2.0167232658441194,1.9859649268455906,1.9587416839917517,1.9533522465620101,1.9308293352989685,1.955276746277149,1.960612961695887,1.9725382374081086,2.016651477401466,2.021491786017504,2.000903502276967,2.014318287415114,2.0170564965248117,1.9929226048842574,1.9932082911384197,2.004544190807789,2.0201112666830388,1.9978337962723651,1.9671191349498864,1.9628388618623733,1.960921446667998,1.967879692132396,1.9512255286534634,1.9484136502978688,1.937338756392843,1.9456673322143159,1.9419794580452596,1.9270369041306827,1.9405193265870049,1.9602872131602482,1.969481098481719,1.970312835342589,1.96234978039127]]},{"__meta":{"schema_version":3,"schema_name":"TwoDimTableV3","schema_type":"TwoDimTable"},"name":"Scoring History","description":"","columns":[{"__meta":{"schema_version":-1,"schema_name":"ColumnSpecsBase","schema_type":"Iced"},"name":"","type":"string","format":"%s","description":""},{"__meta":{"schema_version":-1,"schema_name":"ColumnSpecsBase","schema_type":"Iced"},"name":"timestamp","type":"string","format":"%s","description":"Timestamp"},{"__meta":{"schema_version":-1,"schema_name":"ColumnSpecsBase","schema_type":"Iced"},"name":"duration","type":"string","format":"%s","description":"Duration"},{"__meta":{"schema_version":-1,"schema_name":"ColumnSpecsBase","schema_type":"Iced"},"name":"number_of_trees","type":"long","format":"%d","description":"Number of Trees"},{"__meta":{"schema_version":-1,"schema_name":"ColumnSpecsBase","schema_type":"Iced"},"name":"training_rmse","type":"double","format":"%.5f","description":"Training RMSE"},{"__meta":{"schema_version":-1,"schema_name":"ColumnSpecsBase","schema_type":"Iced"},"name":"training_mae","type":"double","format":"%.5f","description":"Training MAE"},{"__meta":{"schema_version":-1,"schema_name":"ColumnSpecsBase","schema_type":"Iced"},"name":"training_deviance","type":"double","format":"%.5f","description":"Training Deviance"},{"__meta":{"schema_version":-1,"schema_name":"ColumnSpecsBase","schema_type":"Iced"},"name":"validation_rmse","type":"double","format":"%.5f","description":"Validation RMSE"},{"__meta":{"schema_version":-1,"schema_name":"ColumnSpecsBase","schema_type":"Iced"},"name":"validation_mae","type":"double","format":"%.5f","description":"Validation MAE"},{"__meta":{"schema_version":-1,"schema_name":"ColumnSpecsBase","schema_type":"Iced"},"name":"validation_deviance","type":"double","format":"%.5f","description":"Validation Deviance"}],"rowcount":51,"data":[["","","","","","","","","","","","","","","","","","","","","","","","","","","","","","","","","","","","","","","","","","","","","","","","","","",""],["2021-09-30 20:23:11","2021-09-30 20:23:11","2021-09-30 20:23:11","2021-09-30 20:23:11","2021-09-30 20:23:11","2021-09-30 20:23:11","2021-09-30 20:23:11","2021-09-30 20:23:11","2021-09-30 20:23:11","2021-09-30 20:23:11","2021-09-30 20:23:11","2021-09-30 20:23:11","2021-09-30 20:23:11","2021-09-30 20:23:11","2021-09-30 20:23:11","2021-09-30 20:23:11","2021-09-30 20:23:11","2021-09-30 20:23:11","2021-09-30 20:23:11","2021-09-30 20:23:11","2021-09-30 20:23:11","2021-09-30 20:23:11","2021-09-30 20:23:11","2021-09-30 20:23:11","2021-09-30 20:23:11","2021-09-30 20:23:11","2021-09-30 20:23:11","2021-09-30 20:23:11","2021-09-30 20:23:11","2021-09-30 20:23:11","2021-09-30 20:23:11","2021-09-30 20:23:11","2021-09-30 20:23:11","2021-09-30 20:23:11","2021-09-30 20:23:11","2021-09-30 20:23:11","2021-09-30 20:23:11","2021-09-30 20:23:11","2021-09-30 20:23:11","2021-09-30 20:23:11","2021-09-30 20:23:11","2021-09-30 20:23:11","2021-09-30 20:23:11","2021-09-30 20:23:11","2021-09-30 20:23:11","2021-09-30 20:23:11","2021-09-30 20:23:11","2021-09-30 20:23:11","2021-09-30 20:23:11","2021-09-30 20:23:11","2021-09-30 20:23:11"],[" 0.019 sec"," 0.027 sec"," 0.033 sec"," 0.041 sec"," 0.050 sec"," 0.059 sec"," 0.069 sec"," 0.077 sec"," 0.087 sec"," 0.097 sec"," 0.104 sec"," 0.111 sec"," 0.125 sec"," 0.134 sec"," 0.141 sec"," 0.149 sec"," 0.157 sec"," 0.165 sec"," 0.174 sec"," 0.183 sec"," 0.192 sec"," 0.202 sec"," 0.209 sec"," 0.215 sec"," 0.223 sec"," 0.231 sec"," 0.238 sec"," 0.245 sec"," 0.251 sec"," 0.258 sec"," 0.265 sec"," 0.273 sec"," 0.281 sec"," 0.288 sec"," 0.294 sec"," 0.302 sec"," 0.310 sec"," 0.317 sec"," 0.325 sec"," 0.333 sec"," 0.341 sec"," 0.348 sec"," 0.355 sec"," 0.363 sec"," 0.372 sec"," 0.379 sec"," 0.387 sec"," 0.404 sec"," 0.412 sec"," 0.420 sec"," 0.431 sec"],[0,1,2,3,4,5,6,7,8,9,10,11,12,13,14,15,16,17,18,19,20,21,22,23,24,25,26,27,28,29,30,31,32,33,34,35,36,37,38,39,40,41,42,43,44,45,46,47,48,49,50],["NaN",1.6161460701799453,1.5145417818161795,1.456848974814213,1.4125650542684678,1.3937266417708467,1.395461967475514,1.36002448406045,1.3667104447822864,1.3635588608544433,1.3389082383488218,1.3691547388352934,1.3542471974534327,1.363297936162727,1.3742163825575204,1.3973713130692045,1.4073847958878298,1.4073781996743249,1.4149527925228522,1.4148824535786682,1.4139969156505632,1.4040250456778989,1.4117488811321968,1.4084079427579497,1.4207870658337087,1.415983297052862,1.4056701620313523,1.410311778673127,1.3975484901973383,1.4021749530567933,1.394107609700702,1.3941535462159993,1.4000839526940319,1.4002781336888706,1.3969406439396859,1.3962568747158302,1.3950454294252528,1.399078613143488,1.3932126272846357,1.3934469610697242,1.3941122740949834,1.3845093759966942,1.3790317944550239,1.3795703317400967,1.3801012750268844,1.3809829159891869,1.3772130937778133,1.3788506209408231,1.383264397007252,1.3833399572337917,1.3865916002157759],["NaN",1.2303921615376192,1.1796875,1.1323731112382047,1.105493132987719,1.0872162490762691,1.0894902645517461,1.0978055566151936,1.0760313531353134,1.0706133055608265,1.0208470763152977,1.0536833965008354,1.0402699122952719,1.0578657804636318,1.0632032805075164,1.0979614022436306,1.1146053671131915,1.112203013499949,1.1195157544396948,1.1018385904685206,1.098718771858821,1.0896476931656016,1.105361520792207,1.1029378244801045,1.1144804206489791,1.104946349851036,1.096545256627136,1.1081262339626845,1.099971533286081,1.1013898861660296,1.0925240621727659,1.0929779990452129,1.0951360873540503,1.0949571992276015,1.093129759989852,1.0889842091729534,1.0880269633258628,1.0948493605646203,1.0890888224372197,1.088868909884624,1.0902087401281058,1.0811395512186812,1.0783974372756993,1.0805327738908952,1.0796489156638114,1.0812588768665359,1.0757595799676023,1.0779926987238808,1.08332513040403,1.0796841946942846,1.0801147793276045],["NaN",2.6119281201580806,2.293836808866928,2.1224089354172233,1.995340032540479,1.9424739519818421,1.9473141026706322,1.8496665972438935,1.8678974398769952,1.8592927670146673,1.7926752707183453,1.8745846988751405,1.8339854718104769,1.8585812627455511,1.8884706660894772,1.9526465865887528,1.9807319636962284,1.9807133969185435,2.0020914050682177,2.001892357444792,1.9993872774693058,1.971286328890826,1.9930349033780095,1.9836129332236803,2.0186358864403595,2.005008697532694,1.9759086044252483,1.9889793130641589,1.9531417824528596,1.9660945989798204,1.9435360274254043,1.9436641104266463,1.9602350745913442,1.9607788516871865,1.9514431626906241,1.9495332601912174,1.9461517501602879,1.957420965755506,1.9410414248253574,1.9416944333144497,1.943549032782286,1.9168662122227555,1.9017286901178432,1.9032143002174806,1.9046795293308318,1.9071138142539974,1.896715905673056,1.9012290348688932,1.9134203920278363,1.9136294372795886,1.9226362657889462],["NaN",1.7320508075688772,1.4779524425035104,1.4974960344999055,1.4735810000788159,1.4763654278340033,1.4731887259944025,1.4673152283699962,1.4876926076491006,1.4959668159801236,1.488070546854505,1.5293304636188743,1.5028873285201088,1.477943177856983,1.4834349813659646,1.49347314147922,1.505665090792155,1.4982927097296683,1.501104174023703,1.5038614087000186,1.5038128435783669,1.5051165363411296,1.5025130012862733,1.4919030124260741,1.4939138201970703,1.4853776200334574,1.4861586552373842,1.4935132891229876,1.4856944573568733,1.475995963163046,1.4807866649419819,1.4839958686110457,1.4824545804404299,1.487143346259995,1.483941761968084,1.48797030639765,1.4911105537861098,1.4910163136286947,1.4951353355842516,1.4972600713824948,1.5006701763580887,1.502740507655207,1.5025598991009244,1.4991570815051456,1.4955528542940382,1.4945145892978187,1.4943725564894128,1.4971295848455937,1.4994784795984644,1.4959702155047385,1.4959587465360333],["NaN",1.1818181818181819,0.9646464622381962,1.0210437678327466,1.0157828258745598,1.0297979788346727,0.9995791237763682,1.0126262619381858,1.0205176761656096,1.0086980909610832,0.986616160652854,1.0236455454970852,1.0090488207460655,1.005439004698,1.0129870129870129,1.028282828282828,1.04103535323432,1.0288175873577914,1.046576879642628,1.0393407759293796,1.0361111106294572,1.0420875418581834,1.0374196508370812,1.0311813787980515,1.0310395618881842,1.0287878782098945,1.0245726492021467,1.023756079133245,1.0199314572594378,1.0124521071136061,1.0140572388966875,1.0106712282577917,1.0126262623252291,1.0159167428975593,1.0109922754148324,1.0073448771522158,1.0132435463895701,1.0150696147571914,1.017995746512162,1.0192825681216606,1.027386362986131,1.0285661486634832,1.0296897540704857,1.0293516554909745,1.0279958671774747,1.0268686862907022,1.030127359787309,1.032624112491374,1.0319745061975534,1.0271475682232063,1.0272106774648029],["NaN",3.0,2.1843434223020926,2.242494373342942,2.171440963793283,2.1796548765034798,2.170285022397011,2.153013979406494,2.2132292948537806,2.237916714513709,2.2143539524158653,2.3388516669527206,2.2586703222263096,2.1843160369739976,2.20057934394024,2.2304620243198103,2.267027365630148,2.2448810440290723,2.2533137412713833,2.261599136577204,2.2614530685112535,2.265375787967519,2.2575453190342847,2.2257745984859945,2.2317785021758043,2.2063466740962583,2.20866754853699,2.2305819447869646,2.207288020620934,2.1785640832736077,2.1927291470699974,2.202243738054652,2.197671583068811,2.2115953323253756,2.2020831529129414,2.2140556327211165,2.223410683612319,2.223129647506902,2.2354296717126325,2.2417877213563138,2.2520109782106172,2.258229033347829,2.25768625038618,2.247471955027026,2.2366783399870447,2.2335738576240276,2.2331493375887033,2.2413969938199396,2.248435710778922,2.237926885677294,2.23789257133766]]},{"__meta":{"schema_version":3,"schema_name":"TwoDimTableV3","schema_type":"TwoDimTable"},"name":"Scoring History","description":"","columns":[{"__meta":{"schema_version":-1,"schema_name":"ColumnSpecsBase","schema_type":"Iced"},"name":"","type":"string","format":"%s","description":""},{"__meta":{"schema_version":-1,"schema_name":"ColumnSpecsBase","schema_type":"Iced"},"name":"timestamp","type":"string","format":"%s","description":"Timestamp"},{"__meta":{"schema_version":-1,"schema_name":"ColumnSpecsBase","schema_type":"Iced"},"name":"duration","type":"string","format":"%s","description":"Duration"},{"__meta":{"schema_version":-1,"schema_name":"ColumnSpecsBase","schema_type":"Iced"},"name":"number_of_trees","type":"long","format":"%d","description":"Number of Trees"},{"__meta":{"schema_version":-1,"schema_name":"ColumnSpecsBase","schema_type":"Iced"},"name":"training_rmse","type":"double","format":"%.5f","description":"Training RMSE"},{"__meta":{"schema_version":-1,"schema_name":"ColumnSpecsBase","schema_type":"Iced"},"name":"training_mae","type":"double","format":"%.5f","description":"Training MAE"},{"__meta":{"schema_version":-1,"schema_name":"ColumnSpecsBase","schema_type":"Iced"},"name":"training_deviance","type":"double","format":"%.5f","description":"Training Deviance"},{"__meta":{"schema_version":-1,"schema_name":"ColumnSpecsBase","schema_type":"Iced"},"name":"validation_rmse","type":"double","format":"%.5f","description":"Validation RMSE"},{"__meta":{"schema_version":-1,"schema_name":"ColumnSpecsBase","schema_type":"Iced"},"name":"validation_mae","type":"double","format":"%.5f","description":"Validation MAE"},{"__meta":{"schema_version":-1,"schema_name":"ColumnSpecsBase","schema_type":"Iced"},"name":"validation_deviance","type":"double","format":"%.5f","description":"Validation Deviance"}],"rowcount":51,"data":[["","","","","","","","","","","","","","","","","","","","","","","","","","","","","","","","","","","","","","","","","","","","","","","","","","",""],["2021-09-30 20:23:11","2021-09-30 20:23:11","2021-09-30 20:23:11","2021-09-30 20:23:11","2021-09-30 20:23:11","2021-09-30 20:23:11","2021-09-30 20:23:11","2021-09-30 20:23:11","2021-09-30 20:23:11","2021-09-30 20:23:11","2021-09-30 20:23:11","2021-09-30 20:23:11","2021-09-30 20:23:11","2021-09-30 20:23:11","2021-09-30 20:23:11","2021-09-30 20:23:11","2021-09-30 20:23:11","2021-09-30 20:23:11","2021-09-30 20:23:11","2021-09-30 20:23:11","2021-09-30 20:23:11","2021-09-30 20:23:11","2021-09-30 20:23:11","2021-09-30 20:23:11","2021-09-30 20:23:11","2021-09-30 20:23:11","2021-09-30 20:23:11","2021-09-30 20:23:11","2021-09-30 20:23:11","2021-09-30 20:23:11","2021-09-30 20:23:11","2021-09-30 20:23:11","2021-09-30 20:23:11","2021-09-30 20:23:11","2021-09-30 20:23:11","2021-09-30 20:23:11","2021-09-30 20:23:11","2021-09-30 20:23:11","2021-09-30 20:23:11","2021-09-30 20:23:11","2021-09-30 20:23:11","2021-09-30 20:23:11","2021-09-30 20:23:11","2021-09-30 20:23:11","2021-09-30 20:23:11","2021-09-30 20:23:11","2021-09-30 20:23:11","2021-09-30 20:23:11","2021-09-30 20:23:11","2021-09-30 20:23:11","2021-09-30 20:23:11"],[" 0.019 sec"," 0.035 sec"," 0.042 sec"," 0.051 sec"," 0.062 sec"," 0.070 sec"," 0.079 sec"," 0.093 sec"," 0.110 sec"," 0.117 sec"," 0.134 sec"," 0.142 sec"," 0.149 sec"," 0.160 sec"," 0.167 sec"," 0.174 sec"," 0.185 sec"," 0.193 sec"," 0.202 sec"," 0.209 sec"," 0.216 sec"," 0.223 sec"," 0.230 sec"," 0.237 sec"," 0.243 sec"," 0.250 sec"," 0.256 sec"," 0.262 sec"," 0.268 sec"," 0.275 sec"," 0.281 sec"," 0.287 sec"," 0.294 sec"," 0.302 sec"," 0.309 sec"," 0.315 sec"," 0.322 sec"," 0.330 sec"," 0.338 sec"," 0.347 sec"," 0.355 sec"," 0.364 sec"," 0.370 sec"," 0.378 sec"," 0.385 sec"," 0.402 sec"," 0.410 sec"," 0.419 sec"," 0.426 sec"," 0.433 sec"," 0.442 sec"],[0,1,2,3,4,5,6,7,8,9,10,11,12,13,14,15,16,17,18,19,20,21,22,23,24,25,26,27,28,29,30,31,32,33,34,35,36,37,38,39,40,41,42,43,44,45,46,47,48,49,50],["NaN",1.8846971463164408,1.7625985989291648,1.658412099327131,1.6553854320827008,1.5934554703338424,1.5535087456216523,1.5237715693640093,1.5010776172493914,1.4867740266439757,1.490770307479769,1.5017841671442052,1.484260935470128,1.5102782682370768,1.518019056732532,1.5509130106432671,1.5606316808220264,1.5327503344363416,1.521361771828995,1.523084282780341,1.5106386416132003,1.5026355291971392,1.501492244131057,1.5053372967158096,1.5138986625795374,1.5110112208915025,1.508302904673226,1.5054978693840317,1.4957511877504672,1.5078787197708776,1.5072719340412877,1.4943706040110265,1.496729621125614,1.497093563371649,1.4936692796942006,1.4943224467264027,1.4889361726532715,1.4901762399230085,1.4840873255203646,1.4894377004269144,1.484129403516161,1.4860685516832175,1.480487085221888,1.4790538156059714,1.4839884632153675,1.4868852906667902,1.4750789873792238,1.4713669297327086,1.4739164055625529,1.4762411757576868,1.4721684567346778],["NaN",1.4479166716337204,1.3856209212658452,1.2896825447284355,1.3005555597941079,1.2698663699476023,1.2191265033430843,1.1849719043974571,1.1550961207838917,1.1351609324904344,1.1203340238953432,1.172714975577633,1.1455248076150955,1.1758492442340143,1.1844863749706536,1.2216424280400935,1.2208167679733612,1.2103753383773372,1.195919970502596,1.1983961752852172,1.18814557136111,1.1819336525428177,1.1849481425569106,1.1902010298947985,1.1930692467537651,1.1892352492669593,1.181167130757934,1.1804651644330082,1.1720497865298043,1.1744235673026338,1.172742665165722,1.1608310487004758,1.1641535903425633,1.163869931321962,1.1589620947647465,1.1594846462626613,1.152453743826952,1.1528220162631408,1.1527994208694359,1.1585263087200068,1.1546502540044614,1.1556061327632263,1.153496360182124,1.1559762501003512,1.1624243060838113,1.1652020120160476,1.1557340676993548,1.1523584852436783,1.154358899181686,1.1600787447147574,1.1587250886572424],["NaN",3.5520833333333357,3.1067538209470547,2.7503306911946215,2.7403009287516302,2.539100335936847,2.4133894227229598,2.321879795602056,2.25323401300711,2.2104970063031413,2.222396109663325,2.255355684685014,2.2030305245626596,2.2809404475091837,2.3043818566031264,2.4053311665825627,2.4355712431853833,2.349323587714717,2.3145416407826587,2.3197857324525057,2.2820291055349746,2.2579135336055667,2.2544789591857177,2.2660403768836614,2.291889160560112,2.2831549096600288,2.2749776522456906,2.2665238347198593,2.2372716156569337,2.2736982335378606,2.271868683148564,2.2331435021322803,2.2401995587548242,2.2412891374888213,2.2310479171021917,2.232999574790383,2.216930926235373,2.2206252260310757,2.202515189770189,2.218424663453015,2.2026400863812357,2.208399740301856,2.191842009508802,2.187600189458583,2.2022217589563082,2.210827867601265,2.1758580190077166,2.164920641911057,2.172429570586436,2.1792880090024376,2.167279965004563],["NaN",1.779513042005219,1.7697300499457618,1.6409733616223656,1.5344280639897871,1.5196431275478597,1.4962752775738346,1.4821925381347933,1.480951598992651,1.450288694950185,1.4709175893991027,1.4805208255449676,1.4713914203844376,1.4603412515496446,1.4628729080450649,1.4679816094796323,1.4563833629341083,1.4561109110203474,1.4468452616347116,1.4456830635498672,1.4465214281279095,1.4312052953417522,1.4291766931861412,1.4436604407074038,1.4421967528585506,1.4369451473040509,1.4359519360437014,1.432788658656187,1.440675359472391,1.4433713025694257,1.4442712512971954,1.4375326345365083,1.4353197757042564,1.439737681158513,1.4516600623207239,1.4459525819541068,1.4433399725829703,1.4375104261264215,1.4395986953730864,1.440013376501216,1.4409412373623935,1.4376145936183886,1.4380410484663413,1.4381536221470441,1.4378484808957395,1.4352729971210767,1.4388104737581433,1.4446151631660569,1.4453679800820116,1.4470434964771686,1.4493949266172903],["NaN",1.3875968955283942,1.436046511627907,1.3436692518781324,1.2393410871195238,1.243410846798919,1.2246769953143688,1.2307862585961225,1.2319767350374267,1.2057708782127048,1.2258914637011153,1.237068349664862,1.224741593811863,1.2229576537348932,1.2211517083684469,1.2257881053658422,1.2228197594021641,1.2134746846356899,1.200322990269624,1.198653604000843,1.2035271245379782,1.1913436623506766,1.1900458003199377,1.2028142844220384,1.1984334564948267,1.193054257326348,1.1926356526308277,1.1875681823743611,1.1942967825949782,1.1962175831951516,1.195361751364183,1.1893098223772787,1.1898134638403737,1.190286581578433,1.2013109845762868,1.1983499397075055,1.1945198053537411,1.1906243401604732,1.1953998318208767,1.1954084628383244,1.1941085224927857,1.1913594201553699,1.1953857459895243,1.1960699425445112,1.1931994311653285,1.187527988246553,1.189180985982064,1.1935675360081752,1.1934108480002532,1.195158989213347,1.197612398502439],["NaN",3.1666666666666683,3.1319444496810287,2.692793573554207,2.354469483559446,2.3093152351034405,2.2388397062786556,2.196894720102461,2.1932176385588895,2.103337298700311,2.163598554803667,2.191941914872352,2.1649927119809327,2.132596570977582,2.139997145092225,2.1549700057704118,2.1210524998312628,2.120258985192506,2.093361211114817,2.089999520234929,2.0924242420332066,2.048348597414272,2.0425460203464736,2.0841554680634955,2.0799314739557473,2.0648113563606603,2.0619579626276545,2.052883340373796,2.0755454913909026,2.083320717080961,2.0859194473235667,2.0665000753574745,2.060142858527717,2.072844590547692,2.107316936537008,2.090778869259748,2.0832302764558097,2.066436225222166,2.072444403719892,2.0736385245024325,2.0763116495314655,2.066735719784565,2.0679620570741744,2.068285840894663,2.0674082540141856,2.0600085762649183,2.0701755793961327,2.086912969649293,2.089088597846354,2.093934880696869,2.10074565330394]]}],"reproducibility_information_table":[{"__meta":{"schema_version":3,"schema_name":"TwoDimTableV3","schema_type":"TwoDimTable"},"name":"Node Information","description":"","columns":[{"__meta":{"schema_version":-1,"schema_name":"ColumnSpecsBase","schema_type":"Iced"},"name":"","type":"string","format":"%s","description":""},{"__meta":{"schema_version":-1,"schema_name":"ColumnSpecsBase","schema_type":"Iced"},"name":"node","type":"int","format":"%d","description":"node"},{"__meta":{"schema_version":-1,"schema_name":"ColumnSpecsBase","schema_type":"Iced"},"name":"h2o","type":"string","format":"%s","description":"h2o"},{"__meta":{"schema_version":-1,"schema_name":"ColumnSpecsBase","schema_type":"Iced"},"name":"healthy","type":"string","format":"%s","description":"healthy"},{"__meta":{"schema_version":-1,"schema_name":"ColumnSpecsBase","schema_type":"Iced"},"name":"last_ping","type":"string","format":"%s","description":"last_ping"},{"__meta":{"schema_version":-1,"schema_name":"ColumnSpecsBase","schema_type":"Iced"},"name":"num_cpus","type":"int","format":"%d","description":"num_cpus"},{"__meta":{"schema_version":-1,"schema_name":"ColumnSpecsBase","schema_type":"Iced"},"name":"sys_load","type":"double","format":"%.5f","description":"sys_load"},{"__meta":{"schema_version":-1,"schema_name":"ColumnSpecsBase","schema_type":"Iced"},"name":"mem_value_size","type":"long","format":"%d","description":"mem_value_size"},{"__meta":{"schema_version":-1,"schema_name":"ColumnSpecsBase","schema_type":"Iced"},"name":"free_mem","type":"long","format":"%d","description":"free_mem"},{"__meta":{"schema_version":-1,"schema_name":"ColumnSpecsBase","schema_type":"Iced"},"name":"pojo_mem","type":"long","format":"%d","description":"pojo_mem"},{"__meta":{"schema_version":-1,"schema_name":"ColumnSpecsBase","schema_type":"Iced"},"name":"swap_mem","type":"long","format":"%d","description":"swap_mem"},{"__meta":{"schema_version":-1,"schema_name":"ColumnSpecsBase","schema_type":"Iced"},"name":"free_disc","type":"long","format":"%d","description":"free_disc"},{"__meta":{"schema_version":-1,"schema_name":"ColumnSpecsBase","schema_type":"Iced"},"name":"max_disc","type":"long","format":"%d","description":"max_disc"},{"__meta":{"schema_version":-1,"schema_name":"ColumnSpecsBase","schema_type":"Iced"},"name":"pid","type":"int","format":"%d","description":"pid"},{"__meta":{"schema_version":-1,"schema_name":"ColumnSpecsBase","schema_type":"Iced"},"name":"num_keys","type":"int","format":"%d","description":"num_keys"},{"__meta":{"schema_version":-1,"schema_name":"ColumnSpecsBase","schema_type":"Iced"},"name":"tcps_active","type":"string","format":"%s","description":"tcps_active"},{"__meta":{"schema_version":-1,"schema_name":"ColumnSpecsBase","schema_type":"Iced"},"name":"open_fds","type":"int","format":"%d","description":"open_fds"},{"__meta":{"schema_version":-1,"schema_name":"ColumnSpecsBase","schema_type":"Iced"},"name":"rpcs_active","type":"string","format":"%s","description":"rpcs_active"},{"__meta":{"schema_version":-1,"schema_name":"ColumnSpecsBase","schema_type":"Iced"},"name":"nthreads","type":"int","format":"%d","description":"nthreads"},{"__meta":{"schema_version":-1,"schema_name":"ColumnSpecsBase","schema_type":"Iced"},"name":"is_leader","type":"string","format":"%s","description":"is_leader"},{"__meta":{"schema_version":-1,"schema_name":"ColumnSpecsBase","schema_type":"Iced"},"name":"total_mem","type":"long","format":"%d","description":"total_mem"},{"__meta":{"schema_version":-1,"schema_name":"ColumnSpecsBase","schema_type":"Iced"},"name":"max_mem","type":"long","format":"%d","description":"max_mem"},{"__meta":{"schema_version":-1,"schema_name":"ColumnSpecsBase","schema_type":"Iced"},"name":"java_version","type":"string","format":"%s","description":"java_version"},{"__meta":{"schema_version":-1,"schema_name":"ColumnSpecsBase","schema_type":"Iced"},"name":"jvm_launch_parameters","type":"string","format":"%s","description":"jvm_launch_parameters"},{"__meta":{"schema_version":-1,"schema_name":"ColumnSpecsBase","schema_type":"Iced"},"name":"os_version","type":"string","format":"%s","description":"os_version"},{"__meta":{"schema_version":-1,"schema_name":"ColumnSpecsBase","schema_type":"Iced"},"name":"machine_physical_mem","type":"long","format":"%d","description":"machine_physical_mem"},{"__meta":{"schema_version":-1,"schema_name":"ColumnSpecsBase","schema_type":"Iced"},"name":"machine_locale","type":"string","format":"%s","description":"machine_locale"}],"rowcount":1,"data":[[""],[0],["127.0.0.1:54321"],["true"],["1633026191144"],[8],[0.52829343],[336591],[4263173425],[0],[0],[48483008512],[106766008320],[16644],[1655],["\u0000"],[-1],["\u0000"],[8],["true"],[268435456],[4263510016],["Java 11.0.7 (from Oracle Corporation)"],["[]"],["Windows 10 10.0 (amd64)"],[17052135424],["en_US"]]},{"__meta":{"schema_version":3,"schema_name":"TwoDimTableV3","schema_type":"TwoDimTable"},"name":"Cluster Configuration","description":"","columns":[{"__meta":{"schema_version":-1,"schema_name":"ColumnSpecsBase","schema_type":"Iced"},"name":"","type":"string","format":"%s","description":""},{"__meta":{"schema_version":-1,"schema_name":"ColumnSpecsBase","schema_type":"Iced"},"name":"h2o_cluster_uptime","type":"long","format":"%d","description":"H2O cluster uptime"},{"__meta":{"schema_version":-1,"schema_name":"ColumnSpecsBase","schema_type":"Iced"},"name":"h2o_cluster_timezone","type":"string","format":"%s","description":"H2O cluster timezone"},{"__meta":{"schema_version":-1,"schema_name":"ColumnSpecsBase","schema_type":"Iced"},"name":"h2o_data_parsing_timezone","type":"string","format":"%s","description":"H2O data parsing timezone"},{"__meta":{"schema_version":-1,"schema_name":"ColumnSpecsBase","schema_type":"Iced"},"name":"h2o_cluster_version","type":"string","format":"%s","description":"H2O cluster version"},{"__meta":{"schema_version":-1,"schema_name":"ColumnSpecsBase","schema_type":"Iced"},"name":"h2o_cluster_version_age","type":"string","format":"%s","description":"H2O cluster version age"},{"__meta":{"schema_version":-1,"schema_name":"ColumnSpecsBase","schema_type":"Iced"},"name":"h2o_cluster_name","type":"string","format":"%s","description":"H2O cluster name"},{"__meta":{"schema_version":-1,"schema_name":"ColumnSpecsBase","schema_type":"Iced"},"name":"h2o_cluster_total_nodes","type":"int","format":"%d","description":"H2O cluster total nodes"},{"__meta":{"schema_version":-1,"schema_name":"ColumnSpecsBase","schema_type":"Iced"},"name":"h2o_cluster_free_memory","type":"long","format":"%d","description":"H2O cluster free memory"},{"__meta":{"schema_version":-1,"schema_name":"ColumnSpecsBase","schema_type":"Iced"},"name":"h2o_cluster_total_cores","type":"int","format":"%d","description":"H2O cluster total cores"},{"__meta":{"schema_version":-1,"schema_name":"ColumnSpecsBase","schema_type":"Iced"},"name":"h2o_cluster_allowed_cores","type":"int","format":"%d","description":"H2O cluster allowed cores"},{"__meta":{"schema_version":-1,"schema_name":"ColumnSpecsBase","schema_type":"Iced"},"name":"h2o_cluster_status","type":"string","format":"%s","description":"H2O cluster status"},{"__meta":{"schema_version":-1,"schema_name":"ColumnSpecsBase","schema_type":"Iced"},"name":"h2o_internal_security","type":"string","format":"%s","description":"H2O internal security"},{"__meta":{"schema_version":-1,"schema_name":"ColumnSpecsBase","schema_type":"Iced"},"name":"h2o_api_extensions","type":"string","format":"%s","description":"H2O API Extensions"}],"rowcount":1,"data":[[""],[18764],["Europe/Berlin"],["UTC"],["3.32.1.5"],["1 month and 26 days"],["H2O_from_python_alina_54531v"],[1],[4263173425],[8],[8],["locked, healthly"],["false"],["Amazon S3, Algos, AutoML, Core V3, TargetEncoder, Core V4"]]},{"__meta":{"schema_version":3,"schema_name":"TwoDimTableV3","schema_type":"TwoDimTable"},"name":"Input Frames Information","description":"","columns":[{"__meta":{"schema_version":-1,"schema_name":"ColumnSpecsBase","schema_type":"Iced"},"name":"","type":"string","format":"%s","description":""},{"__meta":{"schema_version":-1,"schema_name":"ColumnSpecsBase","schema_type":"Iced"},"name":"input_frame","type":"string","format":"%s","description":"Input Frame"},{"__meta":{"schema_version":-1,"schema_name":"ColumnSpecsBase","schema_type":"Iced"},"name":"checksum","type":"long","format":"%d","description":"Checksum"},{"__meta":{"schema_version":-1,"schema_name":"ColumnSpecsBase","schema_type":"Iced"},"name":"espc","type":"string","format":"%d","description":"ESPC"}],"rowcount":3,"data":[["","",""],["training_frame","validation_frame","calibration_frame"],[5180263637559664985,6830553473148329346,-1],["[0, 135]","[0, 45]","-1"]]}],"training_metrics":{"__meta":{"schema_version":3,"schema_name":"ModelMetricsRegressionV3","schema_type":"ModelMetricsRegression"},"model":{"__meta":{"schema_version":3,"schema_name":"ModelKeyV3","schema_type":"Key<Model>"},"name":"beer_2std_drf_model","type":"Key<Model>","URL":"/3/Models/beer_2std_drf_model"},"model_checksum":7948976239023777016,"frame":{"__meta":{"schema_version":3,"schema_name":"FrameKeyV3","schema_type":"Key<Frame>"},"name":"py_9_sid_ad02","type":"Key<Frame>","URL":"/3/Frames/py_9_sid_ad02"},"frame_checksum":5805067725615137936,"description":"Metrics reported on Out-Of-Bag training samples","model_category":"Regression","scoring_time":1633026192165,"predictions":null,"MSE":2.0855081612841664,"RMSE":1.4441288589610577,"nobs":135,"custom_metric_name":null,"custom_metric_value":0.0,"r2":-0.1337664431274277,"mean_residual_deviance":2.0855081612841664,"mae":1.107307741630985,"rmsle":0.18655672505754373},"validation_metrics":{"__meta":{"schema_version":3,"schema_name":"ModelMetricsRegressionV3","schema_type":"ModelMetricsRegression"},"model":{"__meta":{"schema_version":3,"schema_name":"ModelKeyV3","schema_type":"Key<Model>"},"name":"beer_2std_drf_model","type":"Key<Model>","URL":"/3/Models/beer_2std_drf_model"},"model_checksum":7948976239023777016,"frame":{"__meta":{"schema_version":3,"schema_name":"FrameKeyV3","schema_type":"Key<Frame>"},"name":"py_10_sid_ad02","type":"Key<Frame>","URL":"/3/Frames/py_10_sid_ad02"},"frame_checksum":-8537544564036231696,"description":null,"model_category":"Regression","scoring_time":1633026192166,"predictions":null,"MSE":3.0037735909512837,"RMSE":1.733139807099036,"nobs":45,"custom_metric_name":null,"custom_metric_value":0.0,"r2":-0.3263500919486151,"mean_residual_deviance":3.0037735909512837,"mae":1.3091185150146483,"rmsle":0.23110002307298255},"cross_validation_metrics":{"__meta":{"schema_version":3,"schema_name":"ModelMetricsRegressionV3","schema_type":"ModelMetricsRegression"},"model":{"__meta":{"schema_version":3,"schema_name":"ModelKeyV3","schema_type":"Key<Model>"},"name":"beer_2std_drf_model","type":"Key<Model>","URL":"/3/Models/beer_2std_drf_model"},"model_checksum":7948976239023777016,"frame":{"__meta":{"schema_version":3,"schema_name":"FrameKeyV3","schema_type":"Key<Frame>"},"name":"py_9_sid_ad02","type":"Key<Frame>","URL":"/3/Frames/py_9_sid_ad02"},"frame_checksum":5805067725615137936,"description":"4-fold cross-validation on training data (Metrics computed for combined holdout predictions)","model_category":"Regression","scoring_time":1633026192170,"predictions":null,"MSE":2.1236564279747814,"RMSE":1.4572770594416085,"nobs":135,"custom_metric_name":null,"custom_metric_value":0.0,"r2":-0.1545053812146624,"mean_residual_deviance":2.1236564279747814,"mae":1.1608638442710597,"rmsle":0.18669042716827414},"cross_validation_metrics_summary":{"__meta":{"schema_version":3,"schema_name":"TwoDimTableV3","schema_type":"TwoDimTable"},"name":"Cross-Validation Metrics Summary","description":"","columns":[{"__meta":{"schema_version":-1,"schema_name":"ColumnSpecsBase","schema_type":"Iced"},"name":"","type":"string","format":"%s","description":""},{"__meta":{"schema_version":-1,"schema_name":"ColumnSpecsBase","schema_type":"Iced"},"name":"mean","type":"string","format":"%s","description":"mean"},{"__meta":{"schema_version":-1,"schema_name":"ColumnSpecsBase","schema_type":"Iced"},"name":"sd","type":"string","format":"%s","description":"sd"},{"__meta":{"schema_version":-1,"schema_name":"ColumnSpecsBase","schema_type":"Iced"},"name":"cv_1_valid","type":"string","format":"%s","description":"cv_1_valid"},{"__meta":{"schema_version":-1,"schema_name":"ColumnSpecsBase","schema_type":"Iced"},"name":"cv_2_valid","type":"string","format":"%s","description":"cv_2_valid"},{"__meta":{"schema_version":-1,"schema_name":"ColumnSpecsBase","schema_type":"Iced"},"name":"cv_3_valid","type":"string","format":"%s","description":"cv_3_valid"},{"__meta":{"schema_version":-1,"schema_name":"ColumnSpecsBase","schema_type":"Iced"},"name":"cv_4_valid","type":"string","format":"%s","description":"cv_4_valid"}],"rowcount":7,"data":[["mae","mean_residual_deviance","mse","r2","residual_deviance","rmse","rmsle"],["1.1552479","2.1153378","2.1153378","-0.20545389","2.1153378","1.4540025","0.18559273"],["0.102947034","0.11642629","0.11642629","0.17804466","0.11642629","0.040241074","0.009152705"],["1.2685686","2.1603634","2.1603634","-0.089132175","2.1603634","1.4698175","0.18549635"],["1.1276","1.9623498","1.9623498","-0.47058585","1.9623498","1.400839","0.17321745"],["1.0272107","2.2378926","2.2378926","-0.121005066","2.2378926","1.4959588","0.19502138"],["1.1976124","2.1007457","2.1007457","-0.14109245","2.1007457","1.449395","0.18863574"]]},"status":null,"start_time":1633026191909,"end_time":1633026192169,"run_time":260,"default_threshold":0.5,"help":{"domains":"Domains for categorical columns", "__meta":"Metadata on this schema instance, to make it self-describing.", "help":"Help information for output fields", "training_metrics":"Training data model metrics", "cross_validation_models":"Cross-validation models (model ids)", "cross_validation_predictions":"Cross-validation predictions, one per cv model (deprecated, use cross_validation_holdout_predictions_frame_id instead)", "cross_validation_metrics_summary":"Cross-validation model metrics summary", "status":"Job status", "reproducibility_information_table":"Model reproducibility information", "variable_importances":"Variable Importances", "model_summary":"Model summary", "end_time":"End time in milliseconds", "names":"Column names", "cross_validation_fold_assignment_frame_id":"Cross-validation fold assignment (each row is assigned to one holdout fold)", "run_time":"Runtime in milliseconds", "default_threshold":"Default threshold used for predictions", "scoring_history":"Scoring history", "cross_validation_holdout_predictions_frame_id":"Cross-validation holdout predictions (full out-of-sample predictions on training data)", "init_f":"The Intercept term, the initial model function value to which trees make adjustments", "model_category":"Category of the model (e.g., Binomial)", "column_types":"Column types", "original_names":"Original column names", "start_time":"Start time in milliseconds", "cv_scoring_history":"Cross-Validation scoring history", "cross_validation_metrics":"Cross-validation model metrics", "validation_metrics":"Validation data model metrics"},"variable_importances":{"__meta":{"schema_version":3,"schema_name":"TwoDimTableV3","schema_type":"TwoDimTable"},"name":"Variable Importances","description":"","columns":[{"__meta":{"schema_version":-1,"schema_name":"ColumnSpecsBase","schema_type":"Iced"},"name":"variable","type":"string","format":"%s","description":"Variable"},{"__meta":{"schema_version":-1,"schema_name":"ColumnSpecsBase","schema_type":"Iced"},"name":"relative_importance","type":"double","format":"%5f","description":"Relative Importance"},{"__meta":{"schema_version":-1,"schema_name":"ColumnSpecsBase","schema_type":"Iced"},"name":"scaled_importance","type":"double","format":"%5f","description":"Scaled Importance"},{"__meta":{"schema_version":-1,"schema_name":"ColumnSpecsBase","schema_type":"Iced"},"name":"percentage","type":"double","format":"%5f","description":"Percentage"}],"rowcount":4,"data":[["style","abv","flavor","perception"],[2476.13232421875,2077.918212890625,1368.17578125,355.7099914550781],[1.0,0.8391789859397896,0.5525455032705799,0.1436554856038677],[0.3944181976404812,0.3309874631321385,0.21793400151433473,0.05666033771304559]]},"init_f":0.0},"compatible_frames":null}
