{"__meta":{"schema_version":3,"schema_name":"DRFModelV3","schema_type":"DRFModel"},"model_id":{"__meta":{"schema_version":3,"schema_name":"ModelKeyV3","schema_type":"Key<Model>"},"name":"alc_free_2std_drf_model","type":"Key<Model>","URL":"/3/Models/alc_free_2std_drf_model"},"algo":"drf","algo_full_name":"Distributed Random Forest","response_column_name":"rating","data_frame":{"__meta":{"schema_version":3,"schema_name":"FrameKeyV3","schema_type":"Key<Frame>"},"name":"py_132_sid_81a4","type":"Key<Frame>","URL":"/3/Frames/py_132_sid_81a4"},"timestamp":1632950188940,"have_pojo":true,"have_mojo":true,"algo":"drf","algo_full_name":"Distributed Random Forest","model_id":{"__meta":{"schema_version":3,"schema_name":"ModelKeyV3","schema_type":"Key<Model>"},"name":"alc_free_2std_drf_model","type":"Key<Model>","URL":"/3/Models/alc_free_2std_drf_model"},"parameters":[{"__meta":{"schema_version":3,"schema_name":"ModelParameterSchemaV3","schema_type":"Iced"},"name":"model_id","label":"model_id","help":"Destination id for this model; auto-generated if not specified.","required":false,"type":"Key<Model>","default_value":null,"actual_value":{"__meta":{"schema_version":3,"schema_name":"ModelKeyV3","schema_type":"Key<Model>"},"name":"alc_free_2std_drf_model","type":"Key<Model>","URL":"/3/Models/alc_free_2std_drf_model"},"input_value":null,"level":"critical","values":[],"is_member_of_frames":[],"is_mutually_exclusive_with":[],"gridable":false},{"__meta":{"schema_version":3,"schema_name":"ModelParameterSchemaV3","schema_type":"Iced"},"name":"training_frame","label":"training_frame","help":"Id of the training data frame.","required":false,"type":"Key<Frame>","default_value":null,"actual_value":{"__meta":{"schema_version":3,"schema_name":"FrameKeyV3","schema_type":"Key<Frame>"},"name":"py_132_sid_81a4","type":"Key<Frame>","URL":"/3/Frames/py_132_sid_81a4"},"input_value":{"__meta":{"schema_version":3,"schema_name":"FrameKeyV3","schema_type":"Key<Frame>"},"name":"py_132_sid_81a4","type":"Key<Frame>","URL":"/3/Frames/py_132_sid_81a4"},"level":"critical","values":[],"is_member_of_frames":[],"is_mutually_exclusive_with":[],"gridable":false},{"__meta":{"schema_version":3,"schema_name":"ModelParameterSchemaV3","schema_type":"Iced"},"name":"validation_frame","label":"validation_frame","help":"Id of the validation data frame.","required":false,"type":"Key<Frame>","default_value":null,"actual_value":{"__meta":{"schema_version":3,"schema_name":"FrameKeyV3","schema_type":"Key<Frame>"},"name":"py_133_sid_81a4","type":"Key<Frame>","URL":"/3/Frames/py_133_sid_81a4"},"input_value":{"__meta":{"schema_version":3,"schema_name":"FrameKeyV3","schema_type":"Key<Frame>"},"name":"py_133_sid_81a4","type":"Key<Frame>","URL":"/3/Frames/py_133_sid_81a4"},"level":"critical","values":[],"is_member_of_frames":[],"is_mutually_exclusive_with":[],"gridable":true},{"__meta":{"schema_version":3,"schema_name":"ModelParameterSchemaV3","schema_type":"Iced"},"name":"nfolds","label":"nfolds","help":"Number of folds for K-fold cross-validation (0 to disable or >= 2).","required":false,"type":"int","default_value":0,"actual_value":4,"input_value":4,"level":"critical","values":[],"is_member_of_frames":[],"is_mutually_exclusive_with":[],"gridable":false},{"__meta":{"schema_version":3,"schema_name":"ModelParameterSchemaV3","schema_type":"Iced"},"name":"keep_cross_validation_models","label":"keep_cross_validation_models","help":"Whether to keep the cross-validation models.","required":false,"type":"boolean","default_value":true,"actual_value":true,"input_value":true,"level":"expert","values":[],"is_member_of_frames":[],"is_mutually_exclusive_with":[],"gridable":false},{"__meta":{"schema_version":3,"schema_name":"ModelParameterSchemaV3","schema_type":"Iced"},"name":"keep_cross_validation_predictions","label":"keep_cross_validation_predictions","help":"Whether to keep the predictions of the cross-validation models.","required":false,"type":"boolean","default_value":false,"actual_value":false,"input_value":false,"level":"expert","values":[],"is_member_of_frames":[],"is_mutually_exclusive_with":[],"gridable":false},{"__meta":{"schema_version":3,"schema_name":"ModelParameterSchemaV3","schema_type":"Iced"},"name":"keep_cross_validation_fold_assignment","label":"keep_cross_validation_fold_assignment","help":"Whether to keep the cross-validation fold assignment.","required":false,"type":"boolean","default_value":false,"actual_value":false,"input_value":false,"level":"expert","values":[],"is_member_of_frames":[],"is_mutually_exclusive_with":[],"gridable":false},{"__meta":{"schema_version":3,"schema_name":"ModelParameterSchemaV3","schema_type":"Iced"},"name":"score_each_iteration","label":"score_each_iteration","help":"Whether to score during each iteration of model training.","required":false,"type":"boolean","default_value":false,"actual_value":false,"input_value":false,"level":"secondary","values":[],"is_member_of_frames":[],"is_mutually_exclusive_with":[],"gridable":false},{"__meta":{"schema_version":3,"schema_name":"ModelParameterSchemaV3","schema_type":"Iced"},"name":"score_tree_interval","label":"score_tree_interval","help":"Score the model after every so many trees. Disabled if set to 0.","required":false,"type":"int","default_value":0,"actual_value":0,"input_value":0,"level":"secondary","values":[],"is_member_of_frames":[],"is_mutually_exclusive_with":[],"gridable":false},{"__meta":{"schema_version":3,"schema_name":"ModelParameterSchemaV3","schema_type":"Iced"},"name":"fold_assignment","label":"fold_assignment","help":"Cross-validation fold assignment scheme, if fold_column is not specified. The 'Stratified' option will stratify the folds based on the response variable, for classification problems.","required":false,"type":"enum","default_value":"AUTO","actual_value":"Random","input_value":"Random","level":"secondary","values":["AUTO","Random","Modulo","Stratified"],"is_member_of_frames":[],"is_mutually_exclusive_with":[],"gridable":true},{"__meta":{"schema_version":3,"schema_name":"ModelParameterSchemaV3","schema_type":"Iced"},"name":"fold_column","label":"fold_column","help":"Column with cross-validation fold index assignment per observation.","required":false,"type":"VecSpecifier","default_value":null,"actual_value":null,"input_value":null,"level":"secondary","values":[],"is_member_of_frames":["training_frame"],"is_mutually_exclusive_with":["response_column","weights_column","ignored_columns","offset_column"],"gridable":true},{"__meta":{"schema_version":3,"schema_name":"ModelParameterSchemaV3","schema_type":"Iced"},"name":"response_column","label":"response_column","help":"Response variable column.","required":false,"type":"VecSpecifier","default_value":null,"actual_value":{"__meta":{"schema_version":3,"schema_name":"ColSpecifierV3","schema_type":"VecSpecifier"},"column_name":"rating","is_member_of_frames":null},"input_value":{"__meta":{"schema_version":3,"schema_name":"ColSpecifierV3","schema_type":"VecSpecifier"},"column_name":"rating","is_member_of_frames":null},"level":"critical","values":[],"is_member_of_frames":["training_frame","validation_frame"],"is_mutually_exclusive_with":["weights_column","ignored_columns","offset_column","fold_column"],"gridable":true},{"__meta":{"schema_version":3,"schema_name":"ModelParameterSchemaV3","schema_type":"Iced"},"name":"ignored_columns","label":"ignored_columns","help":"Names of columns to ignore for training.","required":false,"type":"string[]","default_value":null,"actual_value":["filtration","perception","fermentation","name","method","occurrence","split","pasteurization","abv"],"input_value":["filtration","perception","fermentation","name","method","occurrence","split","pasteurization","abv"],"level":"critical","values":[],"is_member_of_frames":["training_frame","validation_frame"],"is_mutually_exclusive_with":["response_column","weights_column","offset_column","fold_column"],"gridable":false},{"__meta":{"schema_version":3,"schema_name":"ModelParameterSchemaV3","schema_type":"Iced"},"name":"ignore_const_cols","label":"ignore_const_cols","help":"Ignore constant columns.","required":false,"type":"boolean","default_value":true,"actual_value":true,"input_value":true,"level":"critical","values":[],"is_member_of_frames":[],"is_mutually_exclusive_with":[],"gridable":false},{"__meta":{"schema_version":3,"schema_name":"ModelParameterSchemaV3","schema_type":"Iced"},"name":"offset_column","label":"offset_column","help":"Offset column. This will be added to the combination of columns before applying the link function.","required":false,"type":"VecSpecifier","default_value":null,"actual_value":null,"input_value":null,"level":"secondary","values":[],"is_member_of_frames":["training_frame","validation_frame"],"is_mutually_exclusive_with":["response_column","weights_column","ignored_columns","fold_column"],"gridable":true},{"__meta":{"schema_version":3,"schema_name":"ModelParameterSchemaV3","schema_type":"Iced"},"name":"weights_column","label":"weights_column","help":"Column with observation weights. Giving some observation a weight of zero is equivalent to excluding it from the dataset; giving an observation a relative weight of 2 is equivalent to repeating that row twice. Negative weights are not allowed. Note: Weights are per-row observation weights and do not increase the size of the data frame. This is typically the number of times a row is repeated, but non-integer values are supported as well. During training, rows with higher weights matter more, due to the larger loss function pre-factor.","required":false,"type":"VecSpecifier","default_value":null,"actual_value":null,"input_value":null,"level":"secondary","values":[],"is_member_of_frames":["training_frame","validation_frame"],"is_mutually_exclusive_with":["response_column","ignored_columns","offset_column","fold_column"],"gridable":true},{"__meta":{"schema_version":3,"schema_name":"ModelParameterSchemaV3","schema_type":"Iced"},"name":"balance_classes","label":"balance_classes","help":"Balance training data class counts via over/under-sampling (for imbalanced data).","required":false,"type":"boolean","default_value":false,"actual_value":false,"input_value":false,"level":"secondary","values":[],"is_member_of_frames":[],"is_mutually_exclusive_with":[],"gridable":true},{"__meta":{"schema_version":3,"schema_name":"ModelParameterSchemaV3","schema_type":"Iced"},"name":"class_sampling_factors","label":"class_sampling_factors","help":"Desired over/under-sampling ratios per class (in lexicographic order). If not specified, sampling factors will be automatically computed to obtain class balance during training. Requires balance_classes.","required":false,"type":"float[]","default_value":null,"actual_value":null,"input_value":null,"level":"expert","values":[],"is_member_of_frames":[],"is_mutually_exclusive_with":[],"gridable":true},{"__meta":{"schema_version":3,"schema_name":"ModelParameterSchemaV3","schema_type":"Iced"},"name":"max_after_balance_size","label":"max_after_balance_size","help":"Maximum relative size of the training data after balancing class counts (can be less than 1.0). Requires balance_classes.","required":false,"type":"float","default_value":5.0,"actual_value":5.0,"input_value":5.0,"level":"expert","values":[],"is_member_of_frames":[],"is_mutually_exclusive_with":[],"gridable":true},{"__meta":{"schema_version":3,"schema_name":"ModelParameterSchemaV3","schema_type":"Iced"},"name":"max_confusion_matrix_size","label":"max_confusion_matrix_size","help":"[Deprecated] Maximum size (# classes) for confusion matrices to be printed in the Logs","required":false,"type":"int","default_value":20,"actual_value":20,"input_value":20,"level":"secondary","values":[],"is_member_of_frames":[],"is_mutually_exclusive_with":[],"gridable":false},{"__meta":{"schema_version":3,"schema_name":"ModelParameterSchemaV3","schema_type":"Iced"},"name":"ntrees","label":"ntrees","help":"Number of trees.","required":false,"type":"int","default_value":50,"actual_value":50,"input_value":50,"level":"critical","values":[],"is_member_of_frames":[],"is_mutually_exclusive_with":[],"gridable":true},{"__meta":{"schema_version":3,"schema_name":"ModelParameterSchemaV3","schema_type":"Iced"},"name":"max_depth","label":"max_depth","help":"Maximum tree depth (0 for unlimited).","required":false,"type":"int","default_value":20,"actual_value":20,"input_value":20,"level":"critical","values":[],"is_member_of_frames":[],"is_mutually_exclusive_with":[],"gridable":true},{"__meta":{"schema_version":3,"schema_name":"ModelParameterSchemaV3","schema_type":"Iced"},"name":"min_rows","label":"min_rows","help":"Fewest allowed (weighted) observations in a leaf.","required":false,"type":"double","default_value":1.0,"actual_value":1.0,"input_value":1.0,"level":"critical","values":[],"is_member_of_frames":[],"is_mutually_exclusive_with":[],"gridable":true},{"__meta":{"schema_version":3,"schema_name":"ModelParameterSchemaV3","schema_type":"Iced"},"name":"nbins","label":"nbins","help":"For numerical columns (real/int), build a histogram of (at least) this many bins, then split at the best point","required":false,"type":"int","default_value":20,"actual_value":13,"input_value":13,"level":"critical","values":[],"is_member_of_frames":[],"is_mutually_exclusive_with":[],"gridable":true},{"__meta":{"schema_version":3,"schema_name":"ModelParameterSchemaV3","schema_type":"Iced"},"name":"nbins_top_level","label":"nbins_top_level","help":"For numerical columns (real/int), build a histogram of (at most) this many bins at the root level, then decrease by factor of two per level","required":false,"type":"int","default_value":1024,"actual_value":16,"input_value":16,"level":"secondary","values":[],"is_member_of_frames":[],"is_mutually_exclusive_with":[],"gridable":true},{"__meta":{"schema_version":3,"schema_name":"ModelParameterSchemaV3","schema_type":"Iced"},"name":"nbins_cats","label":"nbins_cats","help":"For categorical columns (factors), build a histogram of this many bins, then split at the best point. Higher values can lead to more overfitting.","required":false,"type":"int","default_value":1024,"actual_value":1024,"input_value":1024,"level":"secondary","values":[],"is_member_of_frames":[],"is_mutually_exclusive_with":[],"gridable":true},{"__meta":{"schema_version":3,"schema_name":"ModelParameterSchemaV3","schema_type":"Iced"},"name":"r2_stopping","label":"r2_stopping","help":"r2_stopping is no longer supported and will be ignored if set - please use stopping_rounds, stopping_metric and stopping_tolerance instead. Previous version of H2O would stop making trees when the R^2 metric equals or exceeds this","required":false,"type":"double","default_value":1.7976931348623157E308,"actual_value":1.7976931348623157E308,"input_value":1.7976931348623157E308,"level":"secondary","values":[],"is_member_of_frames":[],"is_mutually_exclusive_with":[],"gridable":true},{"__meta":{"schema_version":3,"schema_name":"ModelParameterSchemaV3","schema_type":"Iced"},"name":"stopping_rounds","label":"stopping_rounds","help":"Early stopping based on convergence of stopping_metric. Stop if simple moving average of length k of the stopping_metric does not improve for k:=stopping_rounds scoring events (0 to disable)","required":false,"type":"int","default_value":0,"actual_value":0,"input_value":0,"level":"secondary","values":[],"is_member_of_frames":[],"is_mutually_exclusive_with":[],"gridable":true},{"__meta":{"schema_version":3,"schema_name":"ModelParameterSchemaV3","schema_type":"Iced"},"name":"stopping_metric","label":"stopping_metric","help":"Metric to use for early stopping (AUTO: logloss for classification, deviance for regression and anonomaly_score for Isolation Forest). Note that custom and custom_increasing can only be used in GBM and DRF with the Python client.","required":false,"type":"enum","default_value":"AUTO","actual_value":null,"input_value":"AUTO","level":"secondary","values":["AUTO","deviance","logloss","MSE","RMSE","MAE","RMSLE","AUC","AUCPR","lift_top_group","misclassification","mean_per_class_error","anomaly_score","custom","custom_increasing"],"is_member_of_frames":[],"is_mutually_exclusive_with":[],"gridable":true},{"__meta":{"schema_version":3,"schema_name":"ModelParameterSchemaV3","schema_type":"Iced"},"name":"stopping_tolerance","label":"stopping_tolerance","help":"Relative tolerance for metric-based stopping criterion (stop if relative improvement is not at least this much)","required":false,"type":"double","default_value":0.001,"actual_value":0.001,"input_value":0.001,"level":"secondary","values":[],"is_member_of_frames":[],"is_mutually_exclusive_with":[],"gridable":true},{"__meta":{"schema_version":3,"schema_name":"ModelParameterSchemaV3","schema_type":"Iced"},"name":"max_runtime_secs","label":"max_runtime_secs","help":"Maximum allowed runtime in seconds for model training. Use 0 to disable.","required":false,"type":"double","default_value":0.0,"actual_value":0.0,"input_value":0.0,"level":"secondary","values":[],"is_member_of_frames":[],"is_mutually_exclusive_with":[],"gridable":true},{"__meta":{"schema_version":3,"schema_name":"ModelParameterSchemaV3","schema_type":"Iced"},"name":"seed","label":"seed","help":"Seed for pseudo random number generator (if applicable)","required":false,"type":"long","default_value":-1,"actual_value":12,"input_value":12,"level":"critical","values":[],"is_member_of_frames":[],"is_mutually_exclusive_with":[],"gridable":true},{"__meta":{"schema_version":3,"schema_name":"ModelParameterSchemaV3","schema_type":"Iced"},"name":"build_tree_one_node","label":"build_tree_one_node","help":"Run on one node only; no network overhead but fewer cpus used. Suitable for small datasets.","required":false,"type":"boolean","default_value":false,"actual_value":true,"input_value":true,"level":"expert","values":[],"is_member_of_frames":[],"is_mutually_exclusive_with":[],"gridable":false},{"__meta":{"schema_version":3,"schema_name":"ModelParameterSchemaV3","schema_type":"Iced"},"name":"mtries","label":"mtries","help":"Number of variables randomly sampled as candidates at each split. If set to -1, defaults to sqrt{p} for classification and p/3 for regression (where p is the # of predictors","required":false,"type":"int","default_value":-1,"actual_value":2,"input_value":2,"level":"critical","values":[],"is_member_of_frames":[],"is_mutually_exclusive_with":[],"gridable":true},{"__meta":{"schema_version":3,"schema_name":"ModelParameterSchemaV3","schema_type":"Iced"},"name":"sample_rate","label":"sample_rate","help":"Row sample rate per tree (from 0.0 to 1.0)","required":false,"type":"double","default_value":0.632,"actual_value":0.632,"input_value":0.632,"level":"critical","values":[],"is_member_of_frames":[],"is_mutually_exclusive_with":[],"gridable":true},{"__meta":{"schema_version":3,"schema_name":"ModelParameterSchemaV3","schema_type":"Iced"},"name":"sample_rate_per_class","label":"sample_rate_per_class","help":"A list of row sample rates per class (relative fraction for each class, from 0.0 to 1.0), for each tree","required":false,"type":"double[]","default_value":null,"actual_value":null,"input_value":null,"level":"expert","values":[],"is_member_of_frames":[],"is_mutually_exclusive_with":[],"gridable":true},{"__meta":{"schema_version":3,"schema_name":"ModelParameterSchemaV3","schema_type":"Iced"},"name":"binomial_double_trees","label":"binomial_double_trees","help":"For binary classification: Build 2x as many trees (one per class) - can lead to higher accuracy.","required":false,"type":"boolean","default_value":false,"actual_value":false,"input_value":false,"level":"expert","values":[],"is_member_of_frames":[],"is_mutually_exclusive_with":[],"gridable":false},{"__meta":{"schema_version":3,"schema_name":"ModelParameterSchemaV3","schema_type":"Iced"},"name":"checkpoint","label":"checkpoint","help":"Model checkpoint to resume training with.","required":false,"type":"Key<Model>","default_value":null,"actual_value":null,"input_value":null,"level":"secondary","values":[],"is_member_of_frames":[],"is_mutually_exclusive_with":[],"gridable":false},{"__meta":{"schema_version":3,"schema_name":"ModelParameterSchemaV3","schema_type":"Iced"},"name":"col_sample_rate_change_per_level","label":"col_sample_rate_change_per_level","help":"Relative change of the column sampling rate for every level (must be > 0.0 and <= 2.0)","required":false,"type":"double","default_value":1.0,"actual_value":1.0,"input_value":1.0,"level":"expert","values":[],"is_member_of_frames":[],"is_mutually_exclusive_with":[],"gridable":true},{"__meta":{"schema_version":3,"schema_name":"ModelParameterSchemaV3","schema_type":"Iced"},"name":"col_sample_rate_per_tree","label":"col_sample_rate_per_tree","help":"Column sample rate per tree (from 0.0 to 1.0)","required":false,"type":"double","default_value":1.0,"actual_value":1.0,"input_value":1.0,"level":"secondary","values":[],"is_member_of_frames":[],"is_mutually_exclusive_with":[],"gridable":true},{"__meta":{"schema_version":3,"schema_name":"ModelParameterSchemaV3","schema_type":"Iced"},"name":"min_split_improvement","label":"min_split_improvement","help":"Minimum relative improvement in squared error reduction for a split to happen","required":false,"type":"double","default_value":1.0E-5,"actual_value":1.0E-5,"input_value":1.0E-5,"level":"secondary","values":[],"is_member_of_frames":[],"is_mutually_exclusive_with":[],"gridable":true},{"__meta":{"schema_version":3,"schema_name":"ModelParameterSchemaV3","schema_type":"Iced"},"name":"histogram_type","label":"histogram_type","help":"What type of histogram to use for finding optimal split points","required":false,"type":"enum","default_value":"AUTO","actual_value":"UniformAdaptive","input_value":"AUTO","level":"secondary","values":["AUTO","UniformAdaptive","Random","QuantilesGlobal","RoundRobin"],"is_member_of_frames":[],"is_mutually_exclusive_with":[],"gridable":true},{"__meta":{"schema_version":3,"schema_name":"ModelParameterSchemaV3","schema_type":"Iced"},"name":"categorical_encoding","label":"categorical_encoding","help":"Encoding scheme for categorical features","required":false,"type":"enum","default_value":"AUTO","actual_value":"Enum","input_value":"Enum","level":"secondary","values":["AUTO","Enum","OneHotInternal","OneHotExplicit","Binary","Eigen","LabelEncoder","SortByResponse","EnumLimited"],"is_member_of_frames":[],"is_mutually_exclusive_with":[],"gridable":true},{"__meta":{"schema_version":3,"schema_name":"ModelParameterSchemaV3","schema_type":"Iced"},"name":"calibrate_model","label":"calibrate_model","help":"Use Platt Scaling to calculate calibrated class probabilities. Calibration can provide more accurate estimates of class probabilities.","required":false,"type":"boolean","default_value":false,"actual_value":false,"input_value":false,"level":"expert","values":[],"is_member_of_frames":[],"is_mutually_exclusive_with":[],"gridable":false},{"__meta":{"schema_version":3,"schema_name":"ModelParameterSchemaV3","schema_type":"Iced"},"name":"calibration_frame","label":"calibration_frame","help":"Calibration frame for Platt Scaling","required":false,"type":"Key<Frame>","default_value":null,"actual_value":null,"input_value":null,"level":"expert","values":[],"is_member_of_frames":[],"is_mutually_exclusive_with":[],"gridable":false},{"__meta":{"schema_version":3,"schema_name":"ModelParameterSchemaV3","schema_type":"Iced"},"name":"distribution","label":"distribution","help":"Distribution function","required":false,"type":"enum","default_value":"AUTO","actual_value":"gaussian","input_value":"gaussian","level":"secondary","values":["AUTO","bernoulli","quasibinomial","ordinal","multinomial","gaussian","poisson","gamma","tweedie","laplace","quantile","huber","custom"],"is_member_of_frames":[],"is_mutually_exclusive_with":[],"gridable":true},{"__meta":{"schema_version":3,"schema_name":"ModelParameterSchemaV3","schema_type":"Iced"},"name":"custom_metric_func","label":"custom_metric_func","help":"Reference to custom evaluation function, format: `language:keyName=funcName`","required":false,"type":"string","default_value":null,"actual_value":null,"input_value":null,"level":"secondary","values":[],"is_member_of_frames":[],"is_mutually_exclusive_with":[],"gridable":false},{"__meta":{"schema_version":3,"schema_name":"ModelParameterSchemaV3","schema_type":"Iced"},"name":"export_checkpoints_dir","label":"export_checkpoints_dir","help":"Automatically export generated models to this directory.","required":false,"type":"string","default_value":null,"actual_value":null,"input_value":null,"level":"secondary","values":[],"is_member_of_frames":[],"is_mutually_exclusive_with":[],"gridable":false},{"__meta":{"schema_version":3,"schema_name":"ModelParameterSchemaV3","schema_type":"Iced"},"name":"check_constant_response","label":"check_constant_response","help":"Check if response column is constant. If enabled, then an exception is thrown if the response column is a constant value.If disabled, then model will train regardless of the response column being a constant value or not.","required":false,"type":"boolean","default_value":true,"actual_value":true,"input_value":true,"level":"expert","values":[],"is_member_of_frames":[],"is_mutually_exclusive_with":[],"gridable":false},{"__meta":{"schema_version":3,"schema_name":"ModelParameterSchemaV3","schema_type":"Iced"},"name":"gainslift_bins","label":"gainslift_bins","help":"Gains/Lift table number of bins. 0 means disabled.. Default value -1 means automatic binning.","required":false,"type":"int","default_value":-1,"actual_value":-1,"input_value":-1,"level":"secondary","values":[],"is_member_of_frames":[],"is_mutually_exclusive_with":[],"gridable":false},{"__meta":{"schema_version":3,"schema_name":"ModelParameterSchemaV3","schema_type":"Iced"},"name":"auc_type","label":"auc_type","help":"Set default multinomial AUC type.","required":false,"type":"enum","default_value":"AUTO","actual_value":"AUTO","input_value":"AUTO","level":"secondary","values":["AUTO","NONE","MACRO_OVR","WEIGHTED_OVR","MACRO_OVO","WEIGHTED_OVO"],"is_member_of_frames":[],"is_mutually_exclusive_with":[],"gridable":true}],"output":{"__meta":{"schema_version":3,"schema_name":"DRFModelOutputV3","schema_type":"DRFOutput"},"names":["style","flavor","rating"],"original_names":null,"column_types":["Enum","Enum","Numeric"],"domains":[["blonde","keller","lager","pils","soda","wheat"],["fruit","herb","lemon","standard"],null],"cross_validation_models":[{"__meta":{"schema_version":3,"schema_name":"ModelKeyV3","schema_type":"Key<Model>"},"name":"alc_free_2std_drf_model_cv_1","type":"Key<Model>","URL":"/3/Models/alc_free_2std_drf_model_cv_1"},{"__meta":{"schema_version":3,"schema_name":"ModelKeyV3","schema_type":"Key<Model>"},"name":"alc_free_2std_drf_model_cv_2","type":"Key<Model>","URL":"/3/Models/alc_free_2std_drf_model_cv_2"},{"__meta":{"schema_version":3,"schema_name":"ModelKeyV3","schema_type":"Key<Model>"},"name":"alc_free_2std_drf_model_cv_3","type":"Key<Model>","URL":"/3/Models/alc_free_2std_drf_model_cv_3"},{"__meta":{"schema_version":3,"schema_name":"ModelKeyV3","schema_type":"Key<Model>"},"name":"alc_free_2std_drf_model_cv_4","type":"Key<Model>","URL":"/3/Models/alc_free_2std_drf_model_cv_4"}],"cross_validation_predictions":null,"cross_validation_holdout_predictions_frame_id":null,"cross_validation_fold_assignment_frame_id":null,"model_category":"Regression","model_summary":{"__meta":{"schema_version":3,"schema_name":"TwoDimTableV3","schema_type":"TwoDimTable"},"name":"Model Summary","description":"","columns":[{"__meta":{"schema_version":-1,"schema_name":"ColumnSpecsBase","schema_type":"Iced"},"name":"","type":"string","format":"%s","description":""},{"__meta":{"schema_version":-1,"schema_name":"ColumnSpecsBase","schema_type":"Iced"},"name":"number_of_trees","type":"long","format":"%d","description":"Number of Trees"},{"__meta":{"schema_version":-1,"schema_name":"ColumnSpecsBase","schema_type":"Iced"},"name":"number_of_internal_trees","type":"long","format":"%d","description":"Number of Internal Trees"},{"__meta":{"schema_version":-1,"schema_name":"ColumnSpecsBase","schema_type":"Iced"},"name":"model_size_in_bytes","type":"long","format":"%d","description":"Model Size in Bytes"},{"__meta":{"schema_version":-1,"schema_name":"ColumnSpecsBase","schema_type":"Iced"},"name":"min_depth","type":"long","format":"%d","description":"Min. Depth"},{"__meta":{"schema_version":-1,"schema_name":"ColumnSpecsBase","schema_type":"Iced"},"name":"max_depth","type":"long","format":"%d","description":"Max. Depth"},{"__meta":{"schema_version":-1,"schema_name":"ColumnSpecsBase","schema_type":"Iced"},"name":"mean_depth","type":"double","format":"%.5f","description":"Mean Depth"},{"__meta":{"schema_version":-1,"schema_name":"ColumnSpecsBase","schema_type":"Iced"},"name":"min_leaves","type":"long","format":"%d","description":"Min. Leaves"},{"__meta":{"schema_version":-1,"schema_name":"ColumnSpecsBase","schema_type":"Iced"},"name":"max_leaves","type":"long","format":"%d","description":"Max. Leaves"},{"__meta":{"schema_version":-1,"schema_name":"ColumnSpecsBase","schema_type":"Iced"},"name":"mean_leaves","type":"double","format":"%.5f","description":"Mean Leaves"}],"rowcount":1,"data":[[""],[50],[50],[6673],[2],[5],[3.4],[3],[9],[5.98]]},"scoring_history":{"__meta":{"schema_version":3,"schema_name":"TwoDimTableV3","schema_type":"TwoDimTable"},"name":"Scoring History","description":"","columns":[{"__meta":{"schema_version":-1,"schema_name":"ColumnSpecsBase","schema_type":"Iced"},"name":"","type":"string","format":"%s","description":""},{"__meta":{"schema_version":-1,"schema_name":"ColumnSpecsBase","schema_type":"Iced"},"name":"timestamp","type":"string","format":"%s","description":"Timestamp"},{"__meta":{"schema_version":-1,"schema_name":"ColumnSpecsBase","schema_type":"Iced"},"name":"duration","type":"string","format":"%s","description":"Duration"},{"__meta":{"schema_version":-1,"schema_name":"ColumnSpecsBase","schema_type":"Iced"},"name":"number_of_trees","type":"long","format":"%d","description":"Number of Trees"},{"__meta":{"schema_version":-1,"schema_name":"ColumnSpecsBase","schema_type":"Iced"},"name":"training_rmse","type":"double","format":"%.5f","description":"Training RMSE"},{"__meta":{"schema_version":-1,"schema_name":"ColumnSpecsBase","schema_type":"Iced"},"name":"training_mae","type":"double","format":"%.5f","description":"Training MAE"},{"__meta":{"schema_version":-1,"schema_name":"ColumnSpecsBase","schema_type":"Iced"},"name":"training_deviance","type":"double","format":"%.5f","description":"Training Deviance"},{"__meta":{"schema_version":-1,"schema_name":"ColumnSpecsBase","schema_type":"Iced"},"name":"validation_rmse","type":"double","format":"%.5f","description":"Validation RMSE"},{"__meta":{"schema_version":-1,"schema_name":"ColumnSpecsBase","schema_type":"Iced"},"name":"validation_mae","type":"double","format":"%.5f","description":"Validation MAE"},{"__meta":{"schema_version":-1,"schema_name":"ColumnSpecsBase","schema_type":"Iced"},"name":"validation_deviance","type":"double","format":"%.5f","description":"Validation Deviance"}],"rowcount":51,"data":[["","","","","","","","","","","","","","","","","","","","","","","","","","","","","","","","","","","","","","","","","","","","","","","","","","",""],["2021-09-29 23:16:28","2021-09-29 23:16:28","2021-09-29 23:16:28","2021-09-29 23:16:28","2021-09-29 23:16:28","2021-09-29 23:16:28","2021-09-29 23:16:28","2021-09-29 23:16:28","2021-09-29 23:16:28","2021-09-29 23:16:28","2021-09-29 23:16:28","2021-09-29 23:16:28","2021-09-29 23:16:28","2021-09-29 23:16:28","2021-09-29 23:16:28","2021-09-29 23:16:28","2021-09-29 23:16:28","2021-09-29 23:16:28","2021-09-29 23:16:28","2021-09-29 23:16:28","2021-09-29 23:16:28","2021-09-29 23:16:28","2021-09-29 23:16:28","2021-09-29 23:16:28","2021-09-29 23:16:28","2021-09-29 23:16:28","2021-09-29 23:16:28","2021-09-29 23:16:28","2021-09-29 23:16:28","2021-09-29 23:16:28","2021-09-29 23:16:28","2021-09-29 23:16:28","2021-09-29 23:16:28","2021-09-29 23:16:28","2021-09-29 23:16:28","2021-09-29 23:16:28","2021-09-29 23:16:28","2021-09-29 23:16:28","2021-09-29 23:16:28","2021-09-29 23:16:28","2021-09-29 23:16:28","2021-09-29 23:16:28","2021-09-29 23:16:28","2021-09-29 23:16:28","2021-09-29 23:16:28","2021-09-29 23:16:28","2021-09-29 23:16:28","2021-09-29 23:16:28","2021-09-29 23:16:28","2021-09-29 23:16:28","2021-09-29 23:16:28"],[" 0.120 sec"," 0.120 sec"," 0.120 sec"," 0.130 sec"," 0.130 sec"," 0.130 sec"," 0.130 sec"," 0.130 sec"," 0.130 sec"," 0.130 sec"," 0.130 sec"," 0.130 sec"," 0.140 sec"," 0.140 sec"," 0.140 sec"," 0.140 sec"," 0.140 sec"," 0.140 sec"," 0.140 sec"," 0.140 sec"," 0.140 sec"," 0.140 sec"," 0.150 sec"," 0.150 sec"," 0.150 sec"," 0.150 sec"," 0.150 sec"," 0.150 sec"," 0.150 sec"," 0.150 sec"," 0.150 sec"," 0.160 sec"," 0.160 sec"," 0.160 sec"," 0.160 sec"," 0.160 sec"," 0.160 sec"," 0.160 sec"," 0.170 sec"," 0.170 sec"," 0.170 sec"," 0.170 sec"," 0.170 sec"," 0.170 sec"," 0.170 sec"," 0.170 sec"," 0.180 sec"," 0.180 sec"," 0.180 sec"," 0.180 sec"," 0.180 sec"],[0,1,2,3,4,5,6,7,8,9,10,11,12,13,14,15,16,17,18,19,20,21,22,23,24,25,26,27,28,29,30,31,32,33,34,35,36,37,38,39,40,41,42,43,44,45,46,47,48,49,50],["NaN",1.3333333333333333,1.2599603168354152,1.2010684264799303,1.1997368006294942,1.2156193659115682,1.2025398630785669,1.2489139018527442,1.2387850598097152,1.2202709730829677,1.2216764324601044,1.2183745478003998,1.2073911410730165,1.2061514564858933,1.2086738192291948,1.202929811060025,1.205682453042006,1.2066123363630412,1.2134195464371063,1.2268530153829798,1.232480210361058,1.2307820573974833,1.2311599185140913,1.2537901005852958,1.25586006232754,1.2506130010577043,1.251419765114291,1.249007682016851,1.24919254265427,1.2237848258428854,1.2166606680697516,1.2205147952181787,1.2239968587681656,1.2324398987668068,1.2352519275880591,1.2319239534423767,1.2264798534435917,1.2227591652179801,1.2250045584241398,1.2311973253834303,1.2294970867500672,1.2296705478408425,1.2326074489744112,1.215077265307611,1.2112679485621993,1.21214070242668,1.213687535344987,1.2159362524471458,1.2116422797851907,1.208847576148332,1.2071002451672384],["NaN",0.8888888888888888,0.8833333333333333,0.7950980336058374,0.7924603129190112,0.8488636378085975,0.8402174189470817,0.9191111602783202,0.9103095777602421,0.902554031190418,0.9086762108575729,0.907665126618885,0.8896849904741561,0.8876881717500233,0.8812847300938196,0.8766841964721678,0.8784396082560222,0.8791389472598122,0.8872331419445219,0.8999051065596323,0.9040251974681067,0.9001132366660168,0.8981766183200854,0.9123608905247279,0.9120178986751672,0.9079937279606279,0.9085724185276252,0.9054367184520387,0.9147303374688867,0.8968728084563204,0.8914659852418457,0.8954582828352777,0.8988370235488422,0.9103724455243277,0.9125392400182859,0.9147608394540232,0.9121498973375611,0.9098492626009488,0.9105323272775019,0.9165045683197741,0.9172862997157736,0.9169164704847268,0.9184408448294582,0.9035499433821681,0.9010863229893635,0.9049652266125366,0.9056418137263197,0.9073137166425501,0.9035932442654275,0.9005480930772116,0.8992523954171743],["NaN",1.7777777777777777,1.5875,1.4425653650869759,1.4393683907846948,1.477730442779243,1.4461021222930184,1.559785934241046,1.5345884244077599,1.4890612477488532,1.4924933056284482,1.4844365387278284,1.4577933675416008,1.4548013359830418,1.4608924012900883,1.4470401303369078,1.4536701775733891,1.4559133302634768,1.4723869956756326,1.5051683213543101,1.5190074689316375,1.5148244728115816,1.515754744955624,1.5719896163256863,1.5771844961493329,1.5640328784145578,1.5660514285187075,1.560020189737107,1.5604820086230404,1.4976492999633013,1.4802631812279343,1.4896563653464727,1.4981683102743366,1.518908104072337,1.5258473246100155,1.5176366270650952,1.5042528309030139,1.4951399761245718,1.5006361681599218,1.5158468540313126,1.5116630863269023,1.5120896562271975,1.5193211232672055,1.4764127606674222,1.4671700432140786,1.4692850824794448,1.4730374334517888,1.4785009700152087,1.4680770141630544,1.4613124623596974,1.4570910018828067],["NaN",1.299230506279495,1.3546678352028652,1.3457958862637909,1.3761472197291238,1.317142492272065,1.3222507836336272,1.2786352345041245,1.2811107312200745,1.3030527352257435,1.270463802076702,1.3071191791789412,1.3032255901825969,1.297844882274304,1.2985431246770662,1.302086539309566,1.3046116192306592,1.3177060708598705,1.3051502481702764,1.2868877795238043,1.2934972971026282,1.2898040883709365,1.2844756211880817,1.2403534030996237,1.2431856646734905,1.2492135777834112,1.2497065344972604,1.2501709629115083,1.2321677549864085,1.2252357538113936,1.2241844284591246,1.2321578000808011,1.2254319516156305,1.2210452140874386,1.217481863217796,1.2211099478374143,1.2248888664238797,1.225633801276251,1.229159219503115,1.225512803992811,1.2374360153068211,1.2379988937388484,1.2328055899020705,1.234739126611,1.2268692658962232,1.226686964657815,1.2283698823354805,1.232318312724401,1.2339094399444086,1.2335900317289246,1.2334889361862562],["NaN",1.2399999618530273,1.2949999809265136,1.2766666412353516,1.3074999809265138,1.2593333053588869,1.2672221978505451,1.224285684313093,1.2274999737739563,1.2422222031487358,1.2129999828338622,1.2372727134011006,1.2341666539510092,1.2284615296583912,1.2299999918256488,1.2335555521647132,1.237708330154419,1.2452941221349383,1.2353703710767958,1.2159649096037213,1.222666664123535,1.2184126944768996,1.2115151492032137,1.1762318818465523,1.1799999992052714,1.1861333312988283,1.1866666647104116,1.1871604919433594,1.1719047614506315,1.1648275835760706,1.162666664123535,1.1724731168439313,1.1654166638851167,1.1583838347232702,1.1556862690869498,1.1593333298819408,1.1621296273337474,1.1623423395930108,1.1654385918065122,1.1594871741074784,1.1684999942779541,1.1692682871004432,1.1639682474590485,1.1655813904695733,1.1572727225043558,1.1567407353719077,1.1587681106899095,1.1630496410613365,1.1645138839880624,1.1638775455708403,1.1635999946594238],["NaN",1.687999908447273,1.835124943733217,1.8111665674845425,1.8937811703681973,1.7348643449486665,1.7483471348197412,1.6349080629154176,1.641244705647234,1.6979464307792917,1.6140782723871894,1.7085605485774287,1.6983969389067781,1.6844013384456022,1.6862142466460786,1.695429355851162,1.7020114770316426,1.7363492891809578,1.703417170298934,1.6560801570877075,1.6731352576118048,1.6635945863783828,1.6498776214265085,1.5384765645808174,1.5455105968496685,1.5605345629184306,1.5617664223651526,1.562927436507088,1.518237376428246,1.5012026524177737,1.4986275148817936,1.5182128442999592,1.5016834680404931,1.490951414845839,1.4822620872642758,1.491109504707493,1.5003527350891772,1.5021782148308729,1.5108323868895066,1.501881632750322,1.5312478919784231,1.5326412608986124,1.5198096224937918,1.5245807107840947,1.5052081956007377,1.5047609092614032,1.5088925678288825,1.5186084238759148,1.5225325059839239,1.5217443663809689,1.521494955693902]]},"cv_scoring_history":[{"__meta":{"schema_version":3,"schema_name":"TwoDimTableV3","schema_type":"TwoDimTable"},"name":"Scoring History","description":"","columns":[{"__meta":{"schema_version":-1,"schema_name":"ColumnSpecsBase","schema_type":"Iced"},"name":"","type":"string","format":"%s","description":""},{"__meta":{"schema_version":-1,"schema_name":"ColumnSpecsBase","schema_type":"Iced"},"name":"timestamp","type":"string","format":"%s","description":"Timestamp"},{"__meta":{"schema_version":-1,"schema_name":"ColumnSpecsBase","schema_type":"Iced"},"name":"duration","type":"string","format":"%s","description":"Duration"},{"__meta":{"schema_version":-1,"schema_name":"ColumnSpecsBase","schema_type":"Iced"},"name":"number_of_trees","type":"long","format":"%d","description":"Number of Trees"},{"__meta":{"schema_version":-1,"schema_name":"ColumnSpecsBase","schema_type":"Iced"},"name":"training_rmse","type":"double","format":"%.5f","description":"Training RMSE"},{"__meta":{"schema_version":-1,"schema_name":"ColumnSpecsBase","schema_type":"Iced"},"name":"training_mae","type":"double","format":"%.5f","description":"Training MAE"},{"__meta":{"schema_version":-1,"schema_name":"ColumnSpecsBase","schema_type":"Iced"},"name":"training_deviance","type":"double","format":"%.5f","description":"Training Deviance"},{"__meta":{"schema_version":-1,"schema_name":"ColumnSpecsBase","schema_type":"Iced"},"name":"validation_rmse","type":"double","format":"%.5f","description":"Validation RMSE"},{"__meta":{"schema_version":-1,"schema_name":"ColumnSpecsBase","schema_type":"Iced"},"name":"validation_mae","type":"double","format":"%.5f","description":"Validation MAE"},{"__meta":{"schema_version":-1,"schema_name":"ColumnSpecsBase","schema_type":"Iced"},"name":"validation_deviance","type":"double","format":"%.5f","description":"Validation Deviance"}],"rowcount":51,"data":[["","","","","","","","","","","","","","","","","","","","","","","","","","","","","","","","","","","","","","","","","","","","","","","","","","",""],["2021-09-29 23:16:28","2021-09-29 23:16:28","2021-09-29 23:16:28","2021-09-29 23:16:28","2021-09-29 23:16:28","2021-09-29 23:16:28","2021-09-29 23:16:28","2021-09-29 23:16:28","2021-09-29 23:16:28","2021-09-29 23:16:28","2021-09-29 23:16:28","2021-09-29 23:16:28","2021-09-29 23:16:28","2021-09-29 23:16:28","2021-09-29 23:16:28","2021-09-29 23:16:28","2021-09-29 23:16:28","2021-09-29 23:16:28","2021-09-29 23:16:28","2021-09-29 23:16:28","2021-09-29 23:16:28","2021-09-29 23:16:28","2021-09-29 23:16:28","2021-09-29 23:16:28","2021-09-29 23:16:28","2021-09-29 23:16:28","2021-09-29 23:16:28","2021-09-29 23:16:28","2021-09-29 23:16:28","2021-09-29 23:16:28","2021-09-29 23:16:28","2021-09-29 23:16:28","2021-09-29 23:16:28","2021-09-29 23:16:28","2021-09-29 23:16:28","2021-09-29 23:16:28","2021-09-29 23:16:28","2021-09-29 23:16:28","2021-09-29 23:16:28","2021-09-29 23:16:28","2021-09-29 23:16:28","2021-09-29 23:16:28","2021-09-29 23:16:28","2021-09-29 23:16:28","2021-09-29 23:16:28","2021-09-29 23:16:28","2021-09-29 23:16:28","2021-09-29 23:16:28","2021-09-29 23:16:28","2021-09-29 23:16:28","2021-09-29 23:16:28"],[" 0.021 sec"," 0.025 sec"," 0.030 sec"," 0.030 sec"," 0.035 sec"," 0.035 sec"," 0.040 sec"," 0.040 sec"," 0.040 sec"," 0.040 sec"," 0.040 sec"," 0.050 sec"," 0.050 sec"," 0.050 sec"," 0.050 sec"," 0.060 sec"," 0.060 sec"," 0.060 sec"," 0.060 sec"," 0.060 sec"," 0.060 sec"," 0.060 sec"," 0.070 sec"," 0.070 sec"," 0.070 sec"," 0.070 sec"," 0.070 sec"," 0.070 sec"," 0.070 sec"," 0.080 sec"," 0.080 sec"," 0.080 sec"," 0.080 sec"," 0.080 sec"," 0.080 sec"," 0.090 sec"," 0.090 sec"," 0.090 sec"," 0.090 sec"," 0.090 sec"," 0.090 sec"," 0.101 sec"," 0.101 sec"," 0.101 sec"," 0.101 sec"," 0.101 sec"," 0.110 sec"," 0.110 sec"," 0.110 sec"," 0.110 sec"," 0.118 sec"],[0,1,2,3,4,5,6,7,8,9,10,11,12,13,14,15,16,17,18,19,20,21,22,23,24,25,26,27,28,29,30,31,32,33,34,35,36,37,38,39,40,41,42,43,44,45,46,47,48,49,50],["NaN",0.924441356786708,0.8385888659107219,0.8202569748363958,0.8360681527922053,0.809282569816636,0.7849463728121722,0.775180561111888,0.7880226015192631,0.7940312760638752,0.8101479470350641,0.8292370813748082,0.8100128167264026,0.8087308608528587,0.8284554825160504,0.8311821143459187,0.8341345545299189,0.8238531362766235,0.8424153752079536,0.8479748766353556,0.8653850178297883,0.8690569667802347,0.8835136330393408,0.8933616069095461,0.8902449880715313,0.8883340804941894,0.8910210765356934,0.8943930713143339,0.8811438744726746,0.8814202636460046,0.8943127490148143,0.8932267122592298,0.8920695317498846,0.8932272104556226,0.8944287814308196,0.8901682889396648,0.8782201888964083,0.8855510869278623,0.8925256868434555,0.8907867077427957,0.8991567660976164,0.9000312814208831,0.9044451430337985,0.9041542339330729,0.9037590946250507,0.9072322883291978,0.9049266242321982,0.9051371904742539,0.9081866657369804,0.9062226170351196,0.9063451572779582],["NaN",0.6607142686843872,0.5952380895614624,0.5918367249625069,0.6416666209697723,0.6080356637636819,0.5772408074023677,0.5714144912420532,0.5838294120061964,0.5900059192454448,0.579095589613714,0.5955522067072679,0.5762204846080278,0.5724179692629006,0.5719638742541288,0.5713621141307272,0.5760931009024335,0.5752747631874406,0.5813753301802024,0.5831415888865453,0.5886188732445438,0.5747586115174381,0.5736083871854221,0.5800715985195755,0.5768086148384988,0.5728870419368771,0.5749001817782244,0.5955497744935029,0.5979008891484549,0.5993232944916285,0.5991449888218192,0.6017637629624576,0.6026000811150105,0.6027883025467874,0.6033591813217875,0.600008897511808,0.5986468446051226,0.6013806345770318,0.6015593636278728,0.5974673954188277,0.6054841288690135,0.6144644813294716,0.6121996289973445,0.6126128559219681,0.6115171211647534,0.6129667885090824,0.6106992320898598,0.6095169170037318,0.6106432207217478,0.6102013214499284,0.6102871000355347],["NaN",0.8545918221376496,0.7032312860294306,0.6728215047677557,0.6990099561133702,0.6549382778090185,0.6161408081909855,0.6009049023257417,0.6209796205051873,0.630485667367626,0.656339696085129,0.6876341371270104,0.6561207632610406,0.6540456052958059,0.6863384865109019,0.6908637072085518,0.6957804550608263,0.6787339901528288,0.7096636643867573,0.7190613914047466,0.748891229084263,0.7552600115092619,0.7805963397663751,0.7980949607000064,0.7925361387864809,0.7891374385674569,0.7939185588308261,0.7999389660150871,0.7764145275207165,0.7769016811657923,0.7997952930504343,0.797853959493433,0.7957880494764583,0.7978548494983332,0.8000028450518208,0.7923995826337706,0.771270700185243,0.7842007275591184,0.7966021016753819,0.7935009586912488,0.8084828900191237,0.8100563075361169,0.8180210167574282,0.8174948787391019,0.8167805011174913,0.8230704249870326,0.818892195244282,0.8192733335796257,0.8248030198224536,0.8212394316259811,0.8214615441212068],["NaN",1.6130843101001286,1.6101163237983254,1.6096541585859396,1.5197389081020487,1.52292184518191,1.5276238424595017,1.5184371518939985,1.5120246665836086,1.5167645959160918,1.5069664120844386,1.5221169323575297,1.5249458249271346,1.527644237397612,1.5227241822087658,1.5242911635832093,1.517010614017715,1.519967453697539,1.513770790228792,1.5221609536215028,1.5164285723520208,1.5185164297158023,1.52740541601428,1.5127006109762098,1.514876495055557,1.51693212289238,1.5179115961162284,1.5140114859226603,1.5049407633854572,1.497776744495968,1.5103276313460772,1.5020944463557362,1.4949512410352865,1.500266849755214,1.4991819959130348,1.49939239468408,1.5009238459508947,1.5054829647551728,1.5030211415407062,1.507332431510011,1.5139956338923934,1.515279547212848,1.516519386946595,1.5177170270604474,1.5188742808317774,1.5218791684900324,1.5228784671914082,1.5238476768899842,1.5265828321136214,1.527421628752331,1.5261592516521079],["NaN",1.3928571939468384,1.3839285969734192,1.3869047959645588,1.3245536088943481,1.3096428871154786,1.2997024059295654,1.2926020622253418,1.287276804447174,1.283134937286377,1.279821443557739,1.299837675961581,1.2956845362981162,1.292170341198261,1.2832057901791165,1.2893254001935324,1.2790550626814365,1.2857493056970486,1.276818788713879,1.288565168255254,1.2803869098424914,1.2789399141357056,1.283306281674992,1.2733436900636423,1.2723710363109906,1.271476194858551,1.2754578773791976,1.26988536340219,1.2698129287787845,1.2652504156375755,1.2730754017829895,1.264266517854506,1.2599144391715527,1.2621392553502861,1.2593312368673435,1.260255105154855,1.2639384965101879,1.2658140337145007,1.2621084012483292,1.2639346825770845,1.2729613170027732,1.2724012848807544,1.2718679209550223,1.2713593646537427,1.2708739245479759,1.2759656151135763,1.2754011452198029,1.2748606953215091,1.2795510975023112,1.278948013879815,1.2767023861408233],["NaN",2.602040991491208,2.592474576161834,2.5909865102530096,2.309606348799207,2.3192909465322735,2.3336346040507325,2.305651384251958,2.2862185923572724,2.300574839424505,2.2709477671506457,2.3168399557694963,2.325459768962699,2.3336969160541314,2.3186889350833546,2.3234635513778543,2.301321203042405,2.31030106029978,2.291502005349902,2.316973968729923,2.2995556150455876,2.305892147316827,2.3329673048697557,2.2882631384477983,2.2948507952718096,2.301083065462783,2.304055613624116,2.292230779505742,2.264846701299203,2.2433351763529403,2.281089554007452,2.2562877257727454,2.234879213072943,2.250800620474434,2.2475466568697904,2.24817755323646,2.252772391344025,2.266478957168025,2.2590725519183277,2.272051059081882,2.2921827794452305,2.296072106201574,2.299831050984876,2.303464974229203,2.3069790809722495,2.316116203483912,2.319158825835253,2.3221117423630018,2.3304551433040452,2.333016831980424,2.3291620614033217]]},{"__meta":{"schema_version":3,"schema_name":"TwoDimTableV3","schema_type":"TwoDimTable"},"name":"Scoring History","description":"","columns":[{"__meta":{"schema_version":-1,"schema_name":"ColumnSpecsBase","schema_type":"Iced"},"name":"","type":"string","format":"%s","description":""},{"__meta":{"schema_version":-1,"schema_name":"ColumnSpecsBase","schema_type":"Iced"},"name":"timestamp","type":"string","format":"%s","description":"Timestamp"},{"__meta":{"schema_version":-1,"schema_name":"ColumnSpecsBase","schema_type":"Iced"},"name":"duration","type":"string","format":"%s","description":"Duration"},{"__meta":{"schema_version":-1,"schema_name":"ColumnSpecsBase","schema_type":"Iced"},"name":"number_of_trees","type":"long","format":"%d","description":"Number of Trees"},{"__meta":{"schema_version":-1,"schema_name":"ColumnSpecsBase","schema_type":"Iced"},"name":"training_rmse","type":"double","format":"%.5f","description":"Training RMSE"},{"__meta":{"schema_version":-1,"schema_name":"ColumnSpecsBase","schema_type":"Iced"},"name":"training_mae","type":"double","format":"%.5f","description":"Training MAE"},{"__meta":{"schema_version":-1,"schema_name":"ColumnSpecsBase","schema_type":"Iced"},"name":"training_deviance","type":"double","format":"%.5f","description":"Training Deviance"},{"__meta":{"schema_version":-1,"schema_name":"ColumnSpecsBase","schema_type":"Iced"},"name":"validation_rmse","type":"double","format":"%.5f","description":"Validation RMSE"},{"__meta":{"schema_version":-1,"schema_name":"ColumnSpecsBase","schema_type":"Iced"},"name":"validation_mae","type":"double","format":"%.5f","description":"Validation MAE"},{"__meta":{"schema_version":-1,"schema_name":"ColumnSpecsBase","schema_type":"Iced"},"name":"validation_deviance","type":"double","format":"%.5f","description":"Validation Deviance"}],"rowcount":51,"data":[["","","","","","","","","","","","","","","","","","","","","","","","","","","","","","","","","","","","","","","","","","","","","","","","","","",""],["2021-09-29 23:16:28","2021-09-29 23:16:28","2021-09-29 23:16:28","2021-09-29 23:16:28","2021-09-29 23:16:28","2021-09-29 23:16:28","2021-09-29 23:16:28","2021-09-29 23:16:28","2021-09-29 23:16:28","2021-09-29 23:16:28","2021-09-29 23:16:28","2021-09-29 23:16:28","2021-09-29 23:16:28","2021-09-29 23:16:28","2021-09-29 23:16:28","2021-09-29 23:16:28","2021-09-29 23:16:28","2021-09-29 23:16:28","2021-09-29 23:16:28","2021-09-29 23:16:28","2021-09-29 23:16:28","2021-09-29 23:16:28","2021-09-29 23:16:28","2021-09-29 23:16:28","2021-09-29 23:16:28","2021-09-29 23:16:28","2021-09-29 23:16:28","2021-09-29 23:16:28","2021-09-29 23:16:28","2021-09-29 23:16:28","2021-09-29 23:16:28","2021-09-29 23:16:28","2021-09-29 23:16:28","2021-09-29 23:16:28","2021-09-29 23:16:28","2021-09-29 23:16:28","2021-09-29 23:16:28","2021-09-29 23:16:28","2021-09-29 23:16:28","2021-09-29 23:16:28","2021-09-29 23:16:28","2021-09-29 23:16:28","2021-09-29 23:16:28","2021-09-29 23:16:28","2021-09-29 23:16:28","2021-09-29 23:16:28","2021-09-29 23:16:28","2021-09-29 23:16:28","2021-09-29 23:16:28","2021-09-29 23:16:28","2021-09-29 23:16:28"],[" 0.021 sec"," 0.025 sec"," 0.030 sec"," 0.030 sec"," 0.035 sec"," 0.035 sec"," 0.040 sec"," 0.040 sec"," 0.040 sec"," 0.040 sec"," 0.050 sec"," 0.050 sec"," 0.050 sec"," 0.050 sec"," 0.060 sec"," 0.060 sec"," 0.060 sec"," 0.060 sec"," 0.060 sec"," 0.060 sec"," 0.060 sec"," 0.060 sec"," 0.070 sec"," 0.070 sec"," 0.070 sec"," 0.070 sec"," 0.070 sec"," 0.070 sec"," 0.070 sec"," 0.080 sec"," 0.080 sec"," 0.080 sec"," 0.080 sec"," 0.080 sec"," 0.080 sec"," 0.090 sec"," 0.090 sec"," 0.090 sec"," 0.090 sec"," 0.090 sec"," 0.090 sec"," 0.101 sec"," 0.101 sec"," 0.101 sec"," 0.101 sec"," 0.101 sec"," 0.110 sec"," 0.110 sec"," 0.110 sec"," 0.110 sec"," 0.118 sec"],[0,1,2,3,4,5,6,7,8,9,10,11,12,13,14,15,16,17,18,19,20,21,22,23,24,25,26,27,28,29,30,31,32,33,34,35,36,37,38,39,40,41,42,43,44,45,46,47,48,49,50],["NaN",0.9354143466934853,1.1472747912581034,1.0621083742002226,1.1263949759251417,1.211760181609275,1.1945304512113972,1.260952263609069,1.2484394864443846,1.2028155960889755,1.1850111108263048,1.1657244967987492,1.1478039626884402,1.1456093338964513,1.1420822506393584,1.1447304525493196,1.1485584219022653,1.139364417493261,1.147644126731575,1.1650602159347352,1.167282222571138,1.1636647920597907,1.1610446184114773,1.180403828770991,1.1817727356549967,1.1804002664679236,1.1801811282484642,1.1768337834016593,1.1817488583201785,1.149846772291867,1.1474478948556275,1.1560521473907426,1.157531295492261,1.1674396292693063,1.167936768012462,1.162335417785878,1.1617489703322417,1.161471279947912,1.1618015411217406,1.170544261988456,1.1688040285123174,1.169958973120028,1.1740487478752735,1.1583678006544824,1.15143115535897,1.1523776411848197,1.1538699541073882,1.1593804108733454,1.1512104563532597,1.1491867515104097,1.146916982956785],["NaN",0.625,0.8205128449660081,0.7044444719950358,0.7629630035824246,0.8824561604282313,0.8541667159398397,0.9718434955134536,0.9600108953781458,0.9294805726963721,0.9062482615053912,0.8892028185196253,0.8625312435678588,0.8581031718811432,0.8485878014117264,0.8485221334350057,0.851259927212934,0.838692424686096,0.845583308069909,0.8626160245953184,0.8614858082612794,0.8584466499589832,0.8557657606752151,0.8752737798044001,0.873423929307055,0.8638630931058079,0.8624107359161965,0.8665420583837128,0.8803560724602238,0.8599757078116066,0.8561516892502202,0.8640743023882549,0.8642144026451368,0.8776731981692372,0.877961810123384,0.8786550718515419,0.8751529210012947,0.8741003185053671,0.8721185099021892,0.8813517154291562,0.8713442253487309,0.8776644399797443,0.8802507049253641,0.8684813189655644,0.8648312206572283,0.8700718720742628,0.8697705031763762,0.8691252753325067,0.8635875866218796,0.8622961535464758,0.8607181110216938],["NaN",0.875,1.3162394466563245,1.1280741985462404,1.2687656417894004,1.468362737733743,1.426902998871304,1.5900006111008353,1.558601151313519,1.4467653581948772,1.4042513327817927,1.358913602436697,1.317453936763286,1.3124207459106705,1.3043518672254621,1.3104078089937703,1.319186448522622,1.2981512758497575,1.3170870416214793,1.3573653067538918,1.3625477871306158,1.3541157482795558,1.348024605942253,1.3933531989772152,1.3965867987374947,1.393344789077545,1.392827495473818,1.384937753755464,1.3965303641410456,1.3221475997500247,1.316636671408611,1.3364565674867472,1.3398787000439922,1.3629152879884552,1.3640762940753952,1.3510236234394715,1.3496606700680238,1.3490155341438415,1.3497828209528513,1.3701738692740995,1.3661028570666218,1.36880399878407,1.3783904623874976,1.3418159615931025,1.3257937055312927,1.327974227902689,1.331415870991786,1.344162937116847,1.3252855148170803,1.3206301898470483,1.3154185657946942],["NaN",1.9148542155126762,1.5214515254099559,1.6492921372847513,1.6485122267324808,1.5990737945144735,1.5886039673802845,1.5869840970486304,1.5722496803709036,1.608172790548082,1.6484350088005937,1.671371920798433,1.6825510093212617,1.6560270695568549,1.6672927498601342,1.672839846463244,1.6623844443851392,1.6703292393710085,1.6948803951953535,1.7171780556575258,1.7264425524701434,1.7301619173838858,1.7412561670391107,1.7623109979821006,1.7519247188035723,1.727854207749836,1.7344261058113513,1.7446897979553413,1.7399069375616398,1.726038800575846,1.714621553215006,1.7155931790386583,1.707671137722598,1.7158258826924908,1.7084426293231212,1.6960210789914114,1.687524930507648,1.6765450557343466,1.682464373970948,1.6853301082969656,1.6851205187300093,1.6773384352158285,1.6880865319609815,1.6895591467115842,1.6969626972797085,1.6926388726635937,1.686067309243684,1.674990957081746,1.669090305695633,1.6739015413582687,1.6697701386202848],["NaN",1.6666666666666667,1.2222221692403157,1.3703703350490997,1.2777777512868245,1.2888888676961265,1.314814805984497,1.3650793575105211,1.34375,1.3796296296296298,1.4249999999999998,1.446969696969697,1.441773494084676,1.4163379302391637,1.4140720253898984,1.416096846262614,1.4161324600378673,1.4210658447415219,1.453228853366993,1.4820062821371511,1.491239301363627,1.4861619661724756,1.4994172327446218,1.52118170088616,1.5087250603569877,1.4883760579427083,1.495233389047476,1.5077556092062114,1.5134310041155132,1.4995579061837032,1.4940170870886906,1.49241796616585,1.490918795267741,1.4996114933129512,1.4979889346104043,1.488522584097726,1.4842117715764929,1.472510965020807,1.4776203255904345,1.4752355803791275,1.4716880242029824,1.4642484788972185,1.477004467494904,1.4762472551922468,1.4843628478772712,1.484710340146665,1.4814195356507234,1.4711765668070906,1.4683048327763872,1.4723530334680257,1.4717948627471926],["NaN",3.6666666666666665,2.3148147441722813,2.720164554109303,2.7175925616864824,2.5570370003029166,2.52366256517638,2.518518524285257,2.4719690574264086,2.5862197242592053,2.717337978239413,2.7934840976334434,2.8309778989679963,2.742425655105064,2.779865113736168,2.7983931519151697,2.763522040933688,2.7899997678977315,2.8726195540175574,2.9487004748317607,2.9806038869796243,2.993460260365484,3.0319730392517354,3.1057400536086672,3.0692402203549753,2.9854801632388135,3.0082339165199286,3.0439424910894495,3.027276151375124,2.979209941093305,2.9399270707494396,2.94325995596397,2.9161407146107923,2.9440584597174655,2.9187762176885,2.8764875003831913,2.8477403910848422,2.810803323907283,2.830686369681454,2.840337573932262,2.8396311626448956,2.813464226252284,2.8496361393880534,2.8546101102367767,2.879682395958824,2.8650263532518814,2.8428229713002366,2.8055947063056235,2.785862448567142,2.801946370161588,2.788132315828005]]},{"__meta":{"schema_version":3,"schema_name":"TwoDimTableV3","schema_type":"TwoDimTable"},"name":"Scoring History","description":"","columns":[{"__meta":{"schema_version":-1,"schema_name":"ColumnSpecsBase","schema_type":"Iced"},"name":"","type":"string","format":"%s","description":""},{"__meta":{"schema_version":-1,"schema_name":"ColumnSpecsBase","schema_type":"Iced"},"name":"timestamp","type":"string","format":"%s","description":"Timestamp"},{"__meta":{"schema_version":-1,"schema_name":"ColumnSpecsBase","schema_type":"Iced"},"name":"duration","type":"string","format":"%s","description":"Duration"},{"__meta":{"schema_version":-1,"schema_name":"ColumnSpecsBase","schema_type":"Iced"},"name":"number_of_trees","type":"long","format":"%d","description":"Number of Trees"},{"__meta":{"schema_version":-1,"schema_name":"ColumnSpecsBase","schema_type":"Iced"},"name":"training_rmse","type":"double","format":"%.5f","description":"Training RMSE"},{"__meta":{"schema_version":-1,"schema_name":"ColumnSpecsBase","schema_type":"Iced"},"name":"training_mae","type":"double","format":"%.5f","description":"Training MAE"},{"__meta":{"schema_version":-1,"schema_name":"ColumnSpecsBase","schema_type":"Iced"},"name":"training_deviance","type":"double","format":"%.5f","description":"Training Deviance"},{"__meta":{"schema_version":-1,"schema_name":"ColumnSpecsBase","schema_type":"Iced"},"name":"validation_rmse","type":"double","format":"%.5f","description":"Validation RMSE"},{"__meta":{"schema_version":-1,"schema_name":"ColumnSpecsBase","schema_type":"Iced"},"name":"validation_mae","type":"double","format":"%.5f","description":"Validation MAE"},{"__meta":{"schema_version":-1,"schema_name":"ColumnSpecsBase","schema_type":"Iced"},"name":"validation_deviance","type":"double","format":"%.5f","description":"Validation Deviance"}],"rowcount":51,"data":[["","","","","","","","","","","","","","","","","","","","","","","","","","","","","","","","","","","","","","","","","","","","","","","","","","",""],["2021-09-29 23:16:28","2021-09-29 23:16:28","2021-09-29 23:16:28","2021-09-29 23:16:28","2021-09-29 23:16:28","2021-09-29 23:16:28","2021-09-29 23:16:28","2021-09-29 23:16:28","2021-09-29 23:16:28","2021-09-29 23:16:28","2021-09-29 23:16:28","2021-09-29 23:16:28","2021-09-29 23:16:28","2021-09-29 23:16:28","2021-09-29 23:16:28","2021-09-29 23:16:28","2021-09-29 23:16:28","2021-09-29 23:16:28","2021-09-29 23:16:28","2021-09-29 23:16:28","2021-09-29 23:16:28","2021-09-29 23:16:28","2021-09-29 23:16:28","2021-09-29 23:16:28","2021-09-29 23:16:28","2021-09-29 23:16:28","2021-09-29 23:16:28","2021-09-29 23:16:28","2021-09-29 23:16:28","2021-09-29 23:16:28","2021-09-29 23:16:28","2021-09-29 23:16:28","2021-09-29 23:16:28","2021-09-29 23:16:28","2021-09-29 23:16:28","2021-09-29 23:16:28","2021-09-29 23:16:28","2021-09-29 23:16:28","2021-09-29 23:16:28","2021-09-29 23:16:28","2021-09-29 23:16:28","2021-09-29 23:16:28","2021-09-29 23:16:28","2021-09-29 23:16:28","2021-09-29 23:16:28","2021-09-29 23:16:28","2021-09-29 23:16:28","2021-09-29 23:16:28","2021-09-29 23:16:28","2021-09-29 23:16:28","2021-09-29 23:16:28"],[" 0.025 sec"," 0.025 sec"," 0.030 sec"," 0.030 sec"," 0.035 sec"," 0.035 sec"," 0.035 sec"," 0.040 sec"," 0.040 sec"," 0.040 sec"," 0.040 sec"," 0.040 sec"," 0.050 sec"," 0.050 sec"," 0.050 sec"," 0.050 sec"," 0.060 sec"," 0.060 sec"," 0.060 sec"," 0.060 sec"," 0.060 sec"," 0.060 sec"," 0.060 sec"," 0.070 sec"," 0.070 sec"," 0.070 sec"," 0.070 sec"," 0.070 sec"," 0.070 sec"," 0.070 sec"," 0.080 sec"," 0.080 sec"," 0.080 sec"," 0.080 sec"," 0.080 sec"," 0.080 sec"," 0.090 sec"," 0.090 sec"," 0.090 sec"," 0.090 sec"," 0.090 sec"," 0.090 sec"," 0.101 sec"," 0.101 sec"," 0.101 sec"," 0.101 sec"," 0.101 sec"," 0.110 sec"," 0.110 sec"," 0.110 sec"," 0.110 sec"],[0,1,2,3,4,5,6,7,8,9,10,11,12,13,14,15,16,17,18,19,20,21,22,23,24,25,26,27,28,29,30,31,32,33,34,35,36,37,38,39,40,41,42,43,44,45,46,47,48,49,50],["NaN",0.5773502691896257,1.1626917168614597,1.1261865312603547,1.1885403029243193,1.17320386500492,1.1481372966165917,1.2485098178134084,1.2422388703576976,1.2095633560134647,1.2028589214652978,1.2007943267287693,1.1688083459340413,1.1705314603926307,1.1620240437872489,1.1458673088052693,1.1463742610145542,1.1444613754394275,1.1401960253651542,1.151615344488824,1.1494192094146347,1.1533785851144738,1.1482354836845707,1.174575897009108,1.1772546796544558,1.162218845968945,1.1596888016992382,1.1552046466120145,1.1641908481304315,1.1285036245169164,1.1310559900466512,1.1292850726636146,1.132542268902956,1.140551795552249,1.146394012685967,1.1487390463145817,1.1537055826839524,1.153376539721316,1.1548847482395022,1.159661921432337,1.148839009573686,1.153135170106159,1.1533171019177315,1.129706741995422,1.1323388670960088,1.1324957095152108,1.1345153246416568,1.136290122880481,1.1315578438382836,1.1313826273177054,1.130742149137329],["NaN",0.3333333333333333,0.833333412806193,0.7788462272057166,0.8446181217829386,0.8316994180866315,0.8186275444778741,0.9796053568522136,0.9449562089485034,0.92397663886087,0.9306287029333283,0.9364035556190892,0.9103697363296547,0.9166666967826976,0.8977026199238839,0.8854428226786448,0.8833751535057126,0.8896878111033812,0.885448033230048,0.8978697069306719,0.8907871354619435,0.8862653772063397,0.8732122307695777,0.8704591336804025,0.8780861705566508,0.8693759438297495,0.8641456765231144,0.8575219288413081,0.8632111002091813,0.8367466527763218,0.8433703644842521,0.842696349718083,0.843585181051712,0.8457042160233414,0.852630262012008,0.8596604545684813,0.8688362343025076,0.8689422900974177,0.870505598555005,0.8692677262459604,0.8609233819964581,0.8695915775514702,0.8684330668234814,0.8514258372495117,0.8612250340039919,0.8647131727824764,0.8650688122849787,0.8580172705981496,0.8534311297452224,0.8519086286873476,0.8513804709092149],["NaN",0.3333333333333333,1.351852028458249,1.2682961031922297,1.4126280516754326,1.3764073088624824,1.3182192518820557,1.5587767651764701,1.543157411027569,1.4630435122105554,1.4468695849486597,1.4419070151039985,1.3661129495250697,1.3701438997689046,1.3502998783396702,1.3130118893886304,1.314173946316665,1.309791839872706,1.3000469762584954,1.3262179016621125,1.3211645189713639,1.3302821606006656,1.31844472599234,1.3796285378347508,1.3859285807683153,1.3507526459253867,1.344878116786615,1.334497775553989,1.3553403308706533,1.2735204305478174,1.2792876526204107,1.2752847753408652,1.2826519908518554,1.300858398337459,1.3142192323222333,1.3196013965277344,1.331036571516118,1.3302774423795163,1.3337587817162184,1.3448157720201395,1.3198310699182476,1.3297207205357602,1.330140337575915,1.2762373229099113,1.2821913099362727,1.2825465320703606,1.287125021846764,1.2911552433557385,1.2804231539519455,1.280026649396314,1.2785778078357057],["NaN",1.241638702145945,1.3981634779635477,1.3429916349092146,1.4144437239739898,1.3492281767827476,1.3500233464151172,1.3000832156663678,1.292814233789827,1.2930791235349228,1.3006097286466451,1.3084220198891783,1.29695750999206,1.2911456350818333,1.2820922916288946,1.2922609199625656,1.291934411061044,1.297191652196489,1.3156690135978548,1.3243641252455078,1.3254410593592474,1.3474155642317254,1.3423243489736645,1.344142682430159,1.3395489638991211,1.3338998904382016,1.3467337079942596,1.3573511342713498,1.350329805117648,1.361725904092517,1.3665617538093584,1.3642047242562978,1.371956803117309,1.3724726268468614,1.3844879419031013,1.3768497558313166,1.3809032972341906,1.3731577116021347,1.368305372171565,1.3699889332271737,1.3768540282336275,1.3756366795666775,1.3707479341773727,1.3649621692541463,1.373596662430297,1.3714618675696253,1.367496463096681,1.36391683738739,1.3681769151418373,1.3729839875711036,1.378107269385779],["NaN",0.9166666666666666,1.1805555820465088,1.1064814991421168,1.2048611243565877,1.1416666825612387,1.1273148324754503,1.0694444520132882,1.0520833432674408,1.0416666754969846,1.043055566151937,1.0505050601381243,1.0277777844005163,1.016025647138938,1.0029761961528234,1.0277777830759682,1.0234375049670537,1.0318627497729131,1.0516975367510764,1.0635964995936344,1.0625000079472857,1.0820105908408997,1.077020211653276,1.0736715067987856,1.0682870480749342,1.0622222328186033,1.074786335994036,1.0843621507103058,1.0917658834230333,1.1020115052146473,1.1041666772630478,1.0990143463175783,1.1067708432674408,1.1085858682189327,1.1200980485654344,1.105952385493687,1.1076388933040475,1.1002252295210555,1.0953947410248872,1.0986467284015102,1.1045138935248058,1.1067073209498957,1.1025132319283866,1.096253234286641,1.106691924008456,1.1043209923638238,1.100241550500842,1.0883569785043703,1.0917245414521959,1.0966553331232398,1.1016666714350383],["NaN",1.5416666666666667,1.9548611111111238,1.8036265314361248,2.000651048289408,1.820416673024497,1.8225630358658715,1.6902163676574034,1.6713686430895773,1.6720536197218443,1.6915856662503,1.711968182130877,1.6820987827248046,1.6670570509908706,1.6437606442542305,1.6699382852624964,1.6690945224836469,1.6827061825282568,1.730984953341552,1.7539403362372994,1.7567940018353638,1.8155287027338989,1.8018346578475721,1.8067195507305431,1.7943914266832088,1.7792889177110462,1.813691680247968,1.8424021017077201,1.8233905825890655,1.8542974378765829,1.8674910269745097,1.8610545296832015,1.8822654696198668,1.8836811114439245,1.9168068612750855,1.8957152501327563,1.9068939163122594,1.8855621009324117,1.872259591513565,1.8768696771649294,1.8957270150631669,1.8923762741692336,1.8789498990515352,1.8631217234949844,1.8867677910396514,1.8809076541975642,1.870046576581932,1.8602691393088202,1.8719080711270344,1.8850850301266482,1.899179645933928]]},{"__meta":{"schema_version":3,"schema_name":"TwoDimTableV3","schema_type":"TwoDimTable"},"name":"Scoring History","description":"","columns":[{"__meta":{"schema_version":-1,"schema_name":"ColumnSpecsBase","schema_type":"Iced"},"name":"","type":"string","format":"%s","description":""},{"__meta":{"schema_version":-1,"schema_name":"ColumnSpecsBase","schema_type":"Iced"},"name":"timestamp","type":"string","format":"%s","description":"Timestamp"},{"__meta":{"schema_version":-1,"schema_name":"ColumnSpecsBase","schema_type":"Iced"},"name":"duration","type":"string","format":"%s","description":"Duration"},{"__meta":{"schema_version":-1,"schema_name":"ColumnSpecsBase","schema_type":"Iced"},"name":"number_of_trees","type":"long","format":"%d","description":"Number of Trees"},{"__meta":{"schema_version":-1,"schema_name":"ColumnSpecsBase","schema_type":"Iced"},"name":"training_rmse","type":"double","format":"%.5f","description":"Training RMSE"},{"__meta":{"schema_version":-1,"schema_name":"ColumnSpecsBase","schema_type":"Iced"},"name":"training_mae","type":"double","format":"%.5f","description":"Training MAE"},{"__meta":{"schema_version":-1,"schema_name":"ColumnSpecsBase","schema_type":"Iced"},"name":"training_deviance","type":"double","format":"%.5f","description":"Training Deviance"},{"__meta":{"schema_version":-1,"schema_name":"ColumnSpecsBase","schema_type":"Iced"},"name":"validation_rmse","type":"double","format":"%.5f","description":"Validation RMSE"},{"__meta":{"schema_version":-1,"schema_name":"ColumnSpecsBase","schema_type":"Iced"},"name":"validation_mae","type":"double","format":"%.5f","description":"Validation MAE"},{"__meta":{"schema_version":-1,"schema_name":"ColumnSpecsBase","schema_type":"Iced"},"name":"validation_deviance","type":"double","format":"%.5f","description":"Validation Deviance"}],"rowcount":51,"data":[["","","","","","","","","","","","","","","","","","","","","","","","","","","","","","","","","","","","","","","","","","","","","","","","","","",""],["2021-09-29 23:16:28","2021-09-29 23:16:28","2021-09-29 23:16:28","2021-09-29 23:16:28","2021-09-29 23:16:28","2021-09-29 23:16:28","2021-09-29 23:16:28","2021-09-29 23:16:28","2021-09-29 23:16:28","2021-09-29 23:16:28","2021-09-29 23:16:28","2021-09-29 23:16:28","2021-09-29 23:16:28","2021-09-29 23:16:28","2021-09-29 23:16:28","2021-09-29 23:16:28","2021-09-29 23:16:28","2021-09-29 23:16:28","2021-09-29 23:16:28","2021-09-29 23:16:28","2021-09-29 23:16:28","2021-09-29 23:16:28","2021-09-29 23:16:28","2021-09-29 23:16:28","2021-09-29 23:16:28","2021-09-29 23:16:28","2021-09-29 23:16:28","2021-09-29 23:16:28","2021-09-29 23:16:28","2021-09-29 23:16:28","2021-09-29 23:16:28","2021-09-29 23:16:28","2021-09-29 23:16:28","2021-09-29 23:16:28","2021-09-29 23:16:28","2021-09-29 23:16:28","2021-09-29 23:16:28","2021-09-29 23:16:28","2021-09-29 23:16:28","2021-09-29 23:16:28","2021-09-29 23:16:28","2021-09-29 23:16:28","2021-09-29 23:16:28","2021-09-29 23:16:28","2021-09-29 23:16:28","2021-09-29 23:16:28","2021-09-29 23:16:28","2021-09-29 23:16:28","2021-09-29 23:16:28","2021-09-29 23:16:28","2021-09-29 23:16:28"],[" 0.025 sec"," 0.025 sec"," 0.030 sec"," 0.030 sec"," 0.035 sec"," 0.035 sec"," 0.040 sec"," 0.040 sec"," 0.040 sec"," 0.040 sec"," 0.040 sec"," 0.050 sec"," 0.050 sec"," 0.050 sec"," 0.050 sec"," 0.060 sec"," 0.060 sec"," 0.060 sec"," 0.060 sec"," 0.060 sec"," 0.060 sec"," 0.060 sec"," 0.070 sec"," 0.070 sec"," 0.070 sec"," 0.070 sec"," 0.070 sec"," 0.070 sec"," 0.070 sec"," 0.070 sec"," 0.080 sec"," 0.080 sec"," 0.080 sec"," 0.080 sec"," 0.080 sec"," 0.080 sec"," 0.090 sec"," 0.090 sec"," 0.090 sec"," 0.090 sec"," 0.090 sec"," 0.090 sec"," 0.101 sec"," 0.101 sec"," 0.101 sec"," 0.101 sec"," 0.101 sec"," 0.110 sec"," 0.110 sec"," 0.110 sec"," 0.110 sec"],[0,1,2,3,4,5,6,7,8,9,10,11,12,13,14,15,16,17,18,19,20,21,22,23,24,25,26,27,28,29,30,31,32,33,34,35,36,37,38,39,40,41,42,43,44,45,46,47,48,49,50],["NaN",1.2736649365400543,1.6059244648153606,1.5547562785713325,1.484172845832529,1.4970301196039146,1.4536107536903196,1.4607279639791986,1.4694603624603453,1.446855953858586,1.4524311874187543,1.450315476854227,1.4396637557287666,1.4406890497537512,1.4145466937367903,1.399168951886007,1.4019226709664774,1.3814960895072237,1.3721802892468749,1.4059094009800097,1.3925555411915127,1.403315767944718,1.399904749316635,1.4219667863528582,1.4246195527879217,1.4183697114658909,1.4218670230588006,1.411376900122907,1.4168905033817127,1.3880365599611626,1.3881786089751502,1.3908723507431593,1.395925423462465,1.4130172721159104,1.418485893116832,1.4073067150790362,1.4038980772225629,1.4028057625287955,1.4004460826102794,1.4220611220185635,1.4197835091098858,1.4194334666476771,1.4183576760469092,1.4007846339999712,1.4105007343509135,1.4092928778980265,1.4132976055010653,1.41613295673139,1.4106391105155738,1.4056768218523297,1.4014497863923359],["NaN",1.0,1.1145833730697632,1.040123533319544,0.9903846520643967,1.0694445087796167,1.0020370949639215,1.080882418389414,1.0813174327882398,1.0637891980446355,1.0789852689962094,1.0809683711588884,1.0554346629551479,1.0570346981871364,1.0455518719862824,1.0209975003083103,1.0205741484696833,1.0125774848360976,1.0140776001235554,1.0631389805045652,1.0516870865523538,1.064539893005871,1.0649913607970452,1.088321304321289,1.0898422202597693,1.0843005030762913,1.0890103986645798,1.0723004635188997,1.0851795377008235,1.066109332031526,1.0679750130460213,1.0676997666843,1.0727812022336778,1.0927568545891986,1.0973927586099488,1.0822380612493727,1.0799540959937894,1.081236103583684,1.0800740222819196,1.107776770505535,1.1066444415454209,1.1062795081945032,1.105455897887193,1.0901600836528795,1.1018237621931628,1.1006151247314193,1.103596424569437,1.106145979599317,1.1009974247670462,1.0969738895818595,1.0916719774909505],["NaN",1.6222223705715806,2.5789933866925026,2.4172670857569787,2.2027690363066275,2.241099179001311,2.112984223244139,2.133726184750815,2.1593137568420895,2.0933921512160385,2.1095563541866524,2.103414982402904,2.0726317295590575,2.0755849380803664,2.0009423487616846,1.9576737559217876,1.9653871753697822,1.9085314453237512,1.882878746197637,1.9765812437639696,1.9392109353031866,1.9692951445622735,1.9597333071592704,2.0219895414906754,2.029540870185658,2.011772638403835,2.021705831262096,1.9919847542005462,2.0075786985732833,1.9266454917888183,1.9270398504161828,1.9345258960618017,1.948607787868862,1.996617811297889,2.0121022289714565,1.9805121903065475,1.9709298112292093,1.9678640073839957,1.9612492302984772,2.022257834756696,2.0157852127403815,2.0147913662394425,2.011738497201189,1.9621975908504334,1.9895123216044666,1.9861064156941017,1.9974101217150448,2.0054325511407893,1.9899027001161693,1.975927327492866,1.964061503779124],["NaN",0.6908127285530955,0.8480420914549291,0.7616406441421577,0.8542187588399455,0.8955763296210381,0.9307840800149878,0.883442834277527,0.9122342545119396,0.8771896033963659,0.8463908874810848,0.8031547185866686,0.8284752574184328,0.8101595341414844,0.7919484992998763,0.8131045887006065,0.8309309903842259,0.8157740899118623,0.8007263469067805,0.7386705806715713,0.7312376153521956,0.7147966951388465,0.7100810415159412,0.7029124086583015,0.7179305294764223,0.7139224661536614,0.727640495150305,0.7399008739888543,0.7337976024137864,0.7209566207789384,0.7119953523244875,0.7232515101944986,0.7120347884345953,0.6822480244860908,0.6926186164614305,0.7030071375389714,0.7001042145843779,0.6974858079058388,0.6950967490868184,0.6768697897276411,0.6752897680046778,0.6737816163913488,0.6723170786290542,0.668974120228541,0.6550376204840834,0.6562104983355517,0.6634204106531137,0.6643996938135186,0.6630093277212282,0.6701010622231125,0.6770602329783216],["NaN",0.5249999761581421,0.6635416746139526,0.5756944417953492,0.6505208313465118,0.662083327770233,0.6809027691682178,0.6491071326392039,0.6674005538225174,0.6418560478422376,0.6089204430580138,0.5819731300527397,0.5997632443904877,0.5824737640527575,0.5758387361254008,0.5930050452550251,0.6047703549265862,0.6010583779391124,0.5908143950833213,0.537789074998153,0.5353787899017336,0.5209776333400178,0.5201962806961754,0.5066370238428529,0.518671085437139,0.5179242420196535,0.5285984827921938,0.5367985389850761,0.5295319259166716,0.5163009392804112,0.5110227247079214,0.5214198423970129,0.5096827633678913,0.48425160393570443,0.49084224245127495,0.5006277033260889,0.5003209163745245,0.5000307125014226,0.49959130820475106,0.4879467747150319,0.4882481053471567,0.4865946028290725,0.48492965244111563,0.4843111343162003,0.47188360853628697,0.4735185172822738,0.48020833212396374,0.4832890059085603,0.482335068285465,0.4887252608124092,0.4948598456382751],["NaN",0.47722222593097285,0.7191753888792505,0.5800964708092808,0.7296896879540569,0.8020569621774901,0.8663590036093471,0.78047124143631,0.8321713351049542,0.7694616003066737,0.7163775344110184,0.6450575019880309,0.6863712521545384,0.6563584707603471,0.6271824255433263,0.6611390721659826,0.6904463107809105,0.6654873657715272,0.6411626826306778,0.5456342267496764,0.5347084501059655,0.510934315381417,0.5042150855203638,0.4940858542458151,0.5154242451542961,0.5096852876789258,0.5294606901825811,0.5474533033294704,0.5384589213082214,0.519778449044986,0.5069373817316711,0.523092746998623,0.5069935399410989,0.46546236691517356,0.4797205478689462,0.4942190354307382,0.4901459112788087,0.4864864522300607,0.48315949059106345,0.45815271224594106,0.4560162707718115,0.4539816665869387,0.45201025421630586,0.4475263735355504,0.42907428424945004,0.4306122181257931,0.44012664127114604,0.4414269531394973,0.439581368645355,0.4490354335925437,0.45841055908065914]]}],"reproducibility_information_table":[{"__meta":{"schema_version":3,"schema_name":"TwoDimTableV3","schema_type":"TwoDimTable"},"name":"Node Information","description":"","columns":[{"__meta":{"schema_version":-1,"schema_name":"ColumnSpecsBase","schema_type":"Iced"},"name":"","type":"string","format":"%s","description":""},{"__meta":{"schema_version":-1,"schema_name":"ColumnSpecsBase","schema_type":"Iced"},"name":"node","type":"int","format":"%d","description":"node"},{"__meta":{"schema_version":-1,"schema_name":"ColumnSpecsBase","schema_type":"Iced"},"name":"h2o","type":"string","format":"%s","description":"h2o"},{"__meta":{"schema_version":-1,"schema_name":"ColumnSpecsBase","schema_type":"Iced"},"name":"healthy","type":"string","format":"%s","description":"healthy"},{"__meta":{"schema_version":-1,"schema_name":"ColumnSpecsBase","schema_type":"Iced"},"name":"last_ping","type":"string","format":"%s","description":"last_ping"},{"__meta":{"schema_version":-1,"schema_name":"ColumnSpecsBase","schema_type":"Iced"},"name":"num_cpus","type":"int","format":"%d","description":"num_cpus"},{"__meta":{"schema_version":-1,"schema_name":"ColumnSpecsBase","schema_type":"Iced"},"name":"sys_load","type":"double","format":"%.5f","description":"sys_load"},{"__meta":{"schema_version":-1,"schema_name":"ColumnSpecsBase","schema_type":"Iced"},"name":"mem_value_size","type":"long","format":"%d","description":"mem_value_size"},{"__meta":{"schema_version":-1,"schema_name":"ColumnSpecsBase","schema_type":"Iced"},"name":"free_mem","type":"long","format":"%d","description":"free_mem"},{"__meta":{"schema_version":-1,"schema_name":"ColumnSpecsBase","schema_type":"Iced"},"name":"pojo_mem","type":"long","format":"%d","description":"pojo_mem"},{"__meta":{"schema_version":-1,"schema_name":"ColumnSpecsBase","schema_type":"Iced"},"name":"swap_mem","type":"long","format":"%d","description":"swap_mem"},{"__meta":{"schema_version":-1,"schema_name":"ColumnSpecsBase","schema_type":"Iced"},"name":"free_disc","type":"long","format":"%d","description":"free_disc"},{"__meta":{"schema_version":-1,"schema_name":"ColumnSpecsBase","schema_type":"Iced"},"name":"max_disc","type":"long","format":"%d","description":"max_disc"},{"__meta":{"schema_version":-1,"schema_name":"ColumnSpecsBase","schema_type":"Iced"},"name":"pid","type":"int","format":"%d","description":"pid"},{"__meta":{"schema_version":-1,"schema_name":"ColumnSpecsBase","schema_type":"Iced"},"name":"num_keys","type":"int","format":"%d","description":"num_keys"},{"__meta":{"schema_version":-1,"schema_name":"ColumnSpecsBase","schema_type":"Iced"},"name":"tcps_active","type":"string","format":"%s","description":"tcps_active"},{"__meta":{"schema_version":-1,"schema_name":"ColumnSpecsBase","schema_type":"Iced"},"name":"open_fds","type":"int","format":"%d","description":"open_fds"},{"__meta":{"schema_version":-1,"schema_name":"ColumnSpecsBase","schema_type":"Iced"},"name":"rpcs_active","type":"string","format":"%s","description":"rpcs_active"},{"__meta":{"schema_version":-1,"schema_name":"ColumnSpecsBase","schema_type":"Iced"},"name":"nthreads","type":"int","format":"%d","description":"nthreads"},{"__meta":{"schema_version":-1,"schema_name":"ColumnSpecsBase","schema_type":"Iced"},"name":"is_leader","type":"string","format":"%s","description":"is_leader"},{"__meta":{"schema_version":-1,"schema_name":"ColumnSpecsBase","schema_type":"Iced"},"name":"total_mem","type":"long","format":"%d","description":"total_mem"},{"__meta":{"schema_version":-1,"schema_name":"ColumnSpecsBase","schema_type":"Iced"},"name":"max_mem","type":"long","format":"%d","description":"max_mem"},{"__meta":{"schema_version":-1,"schema_name":"ColumnSpecsBase","schema_type":"Iced"},"name":"java_version","type":"string","format":"%s","description":"java_version"},{"__meta":{"schema_version":-1,"schema_name":"ColumnSpecsBase","schema_type":"Iced"},"name":"jvm_launch_parameters","type":"string","format":"%s","description":"jvm_launch_parameters"},{"__meta":{"schema_version":-1,"schema_name":"ColumnSpecsBase","schema_type":"Iced"},"name":"os_version","type":"string","format":"%s","description":"os_version"},{"__meta":{"schema_version":-1,"schema_name":"ColumnSpecsBase","schema_type":"Iced"},"name":"machine_physical_mem","type":"long","format":"%d","description":"machine_physical_mem"},{"__meta":{"schema_version":-1,"schema_name":"ColumnSpecsBase","schema_type":"Iced"},"name":"machine_locale","type":"string","format":"%s","description":"machine_locale"}],"rowcount":1,"data":[[""],[0],["127.0.0.1:54321"],["true"],["1632950188790"],[8],[0.12698913],[19803982],[4056222534],[187483500],[180561],[48641343488],[106766008320],[15096],[10616],["\u0000"],[-1],["\u0000"],[8],["true"],[2593128448],[4263510016],["Java 11.0.7 (from Oracle Corporation)"],["[]"],["Windows 10 10.0 (amd64)"],[17052135424],["en_US"]]},{"__meta":{"schema_version":3,"schema_name":"TwoDimTableV3","schema_type":"TwoDimTable"},"name":"Cluster Configuration","description":"","columns":[{"__meta":{"schema_version":-1,"schema_name":"ColumnSpecsBase","schema_type":"Iced"},"name":"","type":"string","format":"%s","description":""},{"__meta":{"schema_version":-1,"schema_name":"ColumnSpecsBase","schema_type":"Iced"},"name":"h2o_cluster_uptime","type":"long","format":"%d","description":"H2O cluster uptime"},{"__meta":{"schema_version":-1,"schema_name":"ColumnSpecsBase","schema_type":"Iced"},"name":"h2o_cluster_timezone","type":"string","format":"%s","description":"H2O cluster timezone"},{"__meta":{"schema_version":-1,"schema_name":"ColumnSpecsBase","schema_type":"Iced"},"name":"h2o_data_parsing_timezone","type":"string","format":"%s","description":"H2O data parsing timezone"},{"__meta":{"schema_version":-1,"schema_name":"ColumnSpecsBase","schema_type":"Iced"},"name":"h2o_cluster_version","type":"string","format":"%s","description":"H2O cluster version"},{"__meta":{"schema_version":-1,"schema_name":"ColumnSpecsBase","schema_type":"Iced"},"name":"h2o_cluster_version_age","type":"string","format":"%s","description":"H2O cluster version age"},{"__meta":{"schema_version":-1,"schema_name":"ColumnSpecsBase","schema_type":"Iced"},"name":"h2o_cluster_name","type":"string","format":"%s","description":"H2O cluster name"},{"__meta":{"schema_version":-1,"schema_name":"ColumnSpecsBase","schema_type":"Iced"},"name":"h2o_cluster_total_nodes","type":"int","format":"%d","description":"H2O cluster total nodes"},{"__meta":{"schema_version":-1,"schema_name":"ColumnSpecsBase","schema_type":"Iced"},"name":"h2o_cluster_free_memory","type":"long","format":"%d","description":"H2O cluster free memory"},{"__meta":{"schema_version":-1,"schema_name":"ColumnSpecsBase","schema_type":"Iced"},"name":"h2o_cluster_total_cores","type":"int","format":"%d","description":"H2O cluster total cores"},{"__meta":{"schema_version":-1,"schema_name":"ColumnSpecsBase","schema_type":"Iced"},"name":"h2o_cluster_allowed_cores","type":"int","format":"%d","description":"H2O cluster allowed cores"},{"__meta":{"schema_version":-1,"schema_name":"ColumnSpecsBase","schema_type":"Iced"},"name":"h2o_cluster_status","type":"string","format":"%s","description":"H2O cluster status"},{"__meta":{"schema_version":-1,"schema_name":"ColumnSpecsBase","schema_type":"Iced"},"name":"h2o_internal_security","type":"string","format":"%s","description":"H2O internal security"},{"__meta":{"schema_version":-1,"schema_name":"ColumnSpecsBase","schema_type":"Iced"},"name":"h2o_api_extensions","type":"string","format":"%s","description":"H2O API Extensions"}],"rowcount":1,"data":[[""],[6992275],["Europe/Berlin"],["UTC"],["3.32.1.5"],["1 month and 25 days"],["H2O_from_python_alina_6vfftn"],[1],[4056222534],[8],[8],["locked, healthly"],["false"],["Amazon S3, Algos, AutoML, Core V3, TargetEncoder, Core V4"]]},{"__meta":{"schema_version":3,"schema_name":"TwoDimTableV3","schema_type":"TwoDimTable"},"name":"Input Frames Information","description":"","columns":[{"__meta":{"schema_version":-1,"schema_name":"ColumnSpecsBase","schema_type":"Iced"},"name":"","type":"string","format":"%s","description":""},{"__meta":{"schema_version":-1,"schema_name":"ColumnSpecsBase","schema_type":"Iced"},"name":"input_frame","type":"string","format":"%s","description":"Input Frame"},{"__meta":{"schema_version":-1,"schema_name":"ColumnSpecsBase","schema_type":"Iced"},"name":"checksum","type":"long","format":"%d","description":"Checksum"},{"__meta":{"schema_version":-1,"schema_name":"ColumnSpecsBase","schema_type":"Iced"},"name":"espc","type":"string","format":"%d","description":"ESPC"}],"rowcount":3,"data":[["","",""],["training_frame","validation_frame","calibration_frame"],[1509629435539664613,1509629256983806079,-1],["[0, 25]","[0, 5]","-1"]]}],"training_metrics":{"__meta":{"schema_version":3,"schema_name":"ModelMetricsRegressionV3","schema_type":"ModelMetricsRegression"},"model":{"__meta":{"schema_version":3,"schema_name":"ModelKeyV3","schema_type":"Key<Model>"},"name":"alc_free_2std_drf_model","type":"Key<Model>","URL":"/3/Models/alc_free_2std_drf_model"},"model_checksum":8823486661759148448,"frame":{"__meta":{"schema_version":3,"schema_name":"FrameKeyV3","schema_type":"Key<Frame>"},"name":"py_132_sid_81a4","type":"Key<Frame>","URL":"/3/Frames/py_132_sid_81a4"},"frame_checksum":1396491167482635744,"description":"Metrics reported on Out-Of-Bag training samples","model_category":"Regression","scoring_time":1632950188930,"predictions":null,"MSE":1.4570910018828067,"RMSE":1.2071002451672384,"nobs":25,"custom_metric_name":null,"custom_metric_value":0.0,"r2":0.15364137901788766,"mean_residual_deviance":1.4570910018828067,"mae":0.8992523954171743,"rmsle":0.1518218770066704},"validation_metrics":{"__meta":{"schema_version":3,"schema_name":"ModelMetricsRegressionV3","schema_type":"ModelMetricsRegression"},"model":{"__meta":{"schema_version":3,"schema_name":"ModelKeyV3","schema_type":"Key<Model>"},"name":"alc_free_2std_drf_model","type":"Key<Model>","URL":"/3/Models/alc_free_2std_drf_model"},"model_checksum":8823486661759148448,"frame":{"__meta":{"schema_version":3,"schema_name":"FrameKeyV3","schema_type":"Key<Frame>"},"name":"py_133_sid_81a4","type":"Key<Frame>","URL":"/3/Frames/py_133_sid_81a4"},"frame_checksum":-791700000182415792,"description":null,"model_category":"Regression","scoring_time":1632950188930,"predictions":null,"MSE":1.521494955693902,"RMSE":1.2334889361862562,"nobs":5,"custom_metric_name":null,"custom_metric_value":0.0,"r2":-0.5848905788478247,"mean_residual_deviance":1.521494955693902,"mae":1.1635999946594238,"rmsle":0.1497361783028742},"cross_validation_metrics":{"__meta":{"schema_version":3,"schema_name":"ModelMetricsRegressionV3","schema_type":"ModelMetricsRegression"},"model":{"__meta":{"schema_version":3,"schema_name":"ModelKeyV3","schema_type":"Key<Model>"},"name":"alc_free_2std_drf_model","type":"Key<Model>","URL":"/3/Models/alc_free_2std_drf_model"},"model_checksum":8823486661759148448,"frame":{"__meta":{"schema_version":3,"schema_name":"FrameKeyV3","schema_type":"Key<Frame>"},"name":"py_132_sid_81a4","type":"Key<Frame>","URL":"/3/Frames/py_132_sid_81a4"},"frame_checksum":1396491167482635744,"description":"4-fold cross-validation on training data (Metrics computed for combined holdout predictions)","model_category":"Regression","scoring_time":1632950188940,"predictions":null,"MSE":1.6824022314783773,"RMSE":1.2970744895642567,"nobs":25,"custom_metric_name":null,"custom_metric_value":0.0,"r2":0.022768220563211594,"mean_residual_deviance":1.6824022314783773,"mae":1.007915298843384,"rmsle":0.16512559894255754},"cross_validation_metrics_summary":{"__meta":{"schema_version":3,"schema_name":"TwoDimTableV3","schema_type":"TwoDimTable"},"name":"Cross-Validation Metrics Summary","description":"","columns":[{"__meta":{"schema_version":-1,"schema_name":"ColumnSpecsBase","schema_type":"Iced"},"name":"","type":"string","format":"%s","description":""},{"__meta":{"schema_version":-1,"schema_name":"ColumnSpecsBase","schema_type":"Iced"},"name":"mean","type":"string","format":"%s","description":"mean"},{"__meta":{"schema_version":-1,"schema_name":"ColumnSpecsBase","schema_type":"Iced"},"name":"sd","type":"string","format":"%s","description":"sd"},{"__meta":{"schema_version":-1,"schema_name":"ColumnSpecsBase","schema_type":"Iced"},"name":"cv_1_valid","type":"string","format":"%s","description":"cv_1_valid"},{"__meta":{"schema_version":-1,"schema_name":"ColumnSpecsBase","schema_type":"Iced"},"name":"cv_2_valid","type":"string","format":"%s","description":"cv_2_valid"},{"__meta":{"schema_version":-1,"schema_name":"ColumnSpecsBase","schema_type":"Iced"},"name":"cv_3_valid","type":"string","format":"%s","description":"cv_3_valid"},{"__meta":{"schema_version":-1,"schema_name":"ColumnSpecsBase","schema_type":"Iced"},"name":"cv_4_valid","type":"string","format":"%s","description":"cv_4_valid"}],"rowcount":7,"data":[["mae","mean_residual_deviance","mse","r2","residual_deviance","rmse","rmsle"],["1.0862559","1.8687211","1.8687211","-3.0573182","1.8687211","1.3127742","0.16682437"],["0.42225465","1.0078403","1.0078403","5.7180786","1.0078403","0.4402196","0.05457493"],["1.2767024","2.3291621","2.3291621","0.13333505","2.3291621","1.5261593","0.19738956"],["1.4717948","2.7881324","2.7881324","-11.546596","2.7881324","1.6697701","0.21111059"],["1.1016667","1.8991797","1.8991797","-1.3576024","1.8991797","1.3781073","0.169638"],["0.49485984","0.45841056","0.45841056","0.54158944","0.45841056","0.67706025","0.08915937"]]},"status":null,"start_time":1632950188870,"end_time":1632950188930,"run_time":60,"default_threshold":0.5,"help":{"domains":"Domains for categorical columns", "__meta":"Metadata on this schema instance, to make it self-describing.", "help":"Help information for output fields", "training_metrics":"Training data model metrics", "cross_validation_models":"Cross-validation models (model ids)", "cross_validation_predictions":"Cross-validation predictions, one per cv model (deprecated, use cross_validation_holdout_predictions_frame_id instead)", "cross_validation_metrics_summary":"Cross-validation model metrics summary", "status":"Job status", "reproducibility_information_table":"Model reproducibility information", "variable_importances":"Variable Importances", "model_summary":"Model summary", "end_time":"End time in milliseconds", "names":"Column names", "cross_validation_fold_assignment_frame_id":"Cross-validation fold assignment (each row is assigned to one holdout fold)", "run_time":"Runtime in milliseconds", "default_threshold":"Default threshold used for predictions", "scoring_history":"Scoring history", "cross_validation_holdout_predictions_frame_id":"Cross-validation holdout predictions (full out-of-sample predictions on training data)", "init_f":"The Intercept term, the initial model function value to which trees make adjustments", "model_category":"Category of the model (e.g., Binomial)", "column_types":"Column types", "original_names":"Original column names", "start_time":"Start time in milliseconds", "cv_scoring_history":"Cross-Validation scoring history", "cross_validation_metrics":"Cross-validation model metrics", "validation_metrics":"Validation data model metrics"},"variable_importances":{"__meta":{"schema_version":3,"schema_name":"TwoDimTableV3","schema_type":"TwoDimTable"},"name":"Variable Importances","description":"","columns":[{"__meta":{"schema_version":-1,"schema_name":"ColumnSpecsBase","schema_type":"Iced"},"name":"variable","type":"string","format":"%s","description":"Variable"},{"__meta":{"schema_version":-1,"schema_name":"ColumnSpecsBase","schema_type":"Iced"},"name":"relative_importance","type":"double","format":"%5f","description":"Relative Importance"},{"__meta":{"schema_version":-1,"schema_name":"ColumnSpecsBase","schema_type":"Iced"},"name":"scaled_importance","type":"double","format":"%5f","description":"Scaled Importance"},{"__meta":{"schema_version":-1,"schema_name":"ColumnSpecsBase","schema_type":"Iced"},"name":"percentage","type":"double","format":"%5f","description":"Percentage"}],"rowcount":2,"data":[["flavor","style"],[978.4666748046875,242.60986328125],[1.0,0.24794903038437927],[0.8013147778094681,0.19868522219053192]]},"init_f":0.0},"compatible_frames":null}
