{"__meta":{"schema_version":3,"schema_name":"GBMModelV3","schema_type":"GBMModel"},"model_id":{"__meta":{"schema_version":3,"schema_name":"ModelKeyV3","schema_type":"Key<Model>"},"name":"alc_free_2std_gbm_model","type":"Key<Model>","URL":"/3/Models/alc_free_2std_gbm_model"},"algo":"gbm","algo_full_name":"Gradient Boosting Machine","response_column_name":"rating","data_frame":{"__meta":{"schema_version":3,"schema_name":"FrameKeyV3","schema_type":"Key<Frame>"},"name":"py_33_sid_ad02","type":"Key<Frame>","URL":"/3/Frames/py_33_sid_ad02"},"timestamp":1633026200176,"have_pojo":true,"have_mojo":true,"algo":"gbm","algo_full_name":"Gradient Boosting Machine","model_id":{"__meta":{"schema_version":3,"schema_name":"ModelKeyV3","schema_type":"Key<Model>"},"name":"alc_free_2std_gbm_model","type":"Key<Model>","URL":"/3/Models/alc_free_2std_gbm_model"},"parameters":[{"__meta":{"schema_version":3,"schema_name":"ModelParameterSchemaV3","schema_type":"Iced"},"name":"model_id","label":"model_id","help":"Destination id for this model; auto-generated if not specified.","required":false,"type":"Key<Model>","default_value":null,"actual_value":{"__meta":{"schema_version":3,"schema_name":"ModelKeyV3","schema_type":"Key<Model>"},"name":"alc_free_2std_gbm_model","type":"Key<Model>","URL":"/3/Models/alc_free_2std_gbm_model"},"input_value":null,"level":"critical","values":[],"is_member_of_frames":[],"is_mutually_exclusive_with":[],"gridable":false},{"__meta":{"schema_version":3,"schema_name":"ModelParameterSchemaV3","schema_type":"Iced"},"name":"training_frame","label":"training_frame","help":"Id of the training data frame.","required":false,"type":"Key<Frame>","default_value":null,"actual_value":{"__meta":{"schema_version":3,"schema_name":"FrameKeyV3","schema_type":"Key<Frame>"},"name":"py_33_sid_ad02","type":"Key<Frame>","URL":"/3/Frames/py_33_sid_ad02"},"input_value":{"__meta":{"schema_version":3,"schema_name":"FrameKeyV3","schema_type":"Key<Frame>"},"name":"py_33_sid_ad02","type":"Key<Frame>","URL":"/3/Frames/py_33_sid_ad02"},"level":"critical","values":[],"is_member_of_frames":[],"is_mutually_exclusive_with":[],"gridable":false},{"__meta":{"schema_version":3,"schema_name":"ModelParameterSchemaV3","schema_type":"Iced"},"name":"validation_frame","label":"validation_frame","help":"Id of the validation data frame.","required":false,"type":"Key<Frame>","default_value":null,"actual_value":{"__meta":{"schema_version":3,"schema_name":"FrameKeyV3","schema_type":"Key<Frame>"},"name":"py_34_sid_ad02","type":"Key<Frame>","URL":"/3/Frames/py_34_sid_ad02"},"input_value":{"__meta":{"schema_version":3,"schema_name":"FrameKeyV3","schema_type":"Key<Frame>"},"name":"py_34_sid_ad02","type":"Key<Frame>","URL":"/3/Frames/py_34_sid_ad02"},"level":"critical","values":[],"is_member_of_frames":[],"is_mutually_exclusive_with":[],"gridable":true},{"__meta":{"schema_version":3,"schema_name":"ModelParameterSchemaV3","schema_type":"Iced"},"name":"nfolds","label":"nfolds","help":"Number of folds for K-fold cross-validation (0 to disable or >= 2).","required":false,"type":"int","default_value":0,"actual_value":4,"input_value":4,"level":"critical","values":[],"is_member_of_frames":[],"is_mutually_exclusive_with":[],"gridable":false},{"__meta":{"schema_version":3,"schema_name":"ModelParameterSchemaV3","schema_type":"Iced"},"name":"keep_cross_validation_models","label":"keep_cross_validation_models","help":"Whether to keep the cross-validation models.","required":false,"type":"boolean","default_value":true,"actual_value":true,"input_value":true,"level":"expert","values":[],"is_member_of_frames":[],"is_mutually_exclusive_with":[],"gridable":false},{"__meta":{"schema_version":3,"schema_name":"ModelParameterSchemaV3","schema_type":"Iced"},"name":"keep_cross_validation_predictions","label":"keep_cross_validation_predictions","help":"Whether to keep the predictions of the cross-validation models.","required":false,"type":"boolean","default_value":false,"actual_value":false,"input_value":false,"level":"expert","values":[],"is_member_of_frames":[],"is_mutually_exclusive_with":[],"gridable":false},{"__meta":{"schema_version":3,"schema_name":"ModelParameterSchemaV3","schema_type":"Iced"},"name":"keep_cross_validation_fold_assignment","label":"keep_cross_validation_fold_assignment","help":"Whether to keep the cross-validation fold assignment.","required":false,"type":"boolean","default_value":false,"actual_value":false,"input_value":false,"level":"expert","values":[],"is_member_of_frames":[],"is_mutually_exclusive_with":[],"gridable":false},{"__meta":{"schema_version":3,"schema_name":"ModelParameterSchemaV3","schema_type":"Iced"},"name":"score_each_iteration","label":"score_each_iteration","help":"Whether to score during each iteration of model training.","required":false,"type":"boolean","default_value":false,"actual_value":false,"input_value":false,"level":"secondary","values":[],"is_member_of_frames":[],"is_mutually_exclusive_with":[],"gridable":false},{"__meta":{"schema_version":3,"schema_name":"ModelParameterSchemaV3","schema_type":"Iced"},"name":"score_tree_interval","label":"score_tree_interval","help":"Score the model after every so many trees. Disabled if set to 0.","required":false,"type":"int","default_value":0,"actual_value":0,"input_value":0,"level":"secondary","values":[],"is_member_of_frames":[],"is_mutually_exclusive_with":[],"gridable":false},{"__meta":{"schema_version":3,"schema_name":"ModelParameterSchemaV3","schema_type":"Iced"},"name":"fold_assignment","label":"fold_assignment","help":"Cross-validation fold assignment scheme, if fold_column is not specified. The 'Stratified' option will stratify the folds based on the response variable, for classification problems.","required":false,"type":"enum","default_value":"AUTO","actual_value":"Random","input_value":"Random","level":"secondary","values":["AUTO","Random","Modulo","Stratified"],"is_member_of_frames":[],"is_mutually_exclusive_with":[],"gridable":true},{"__meta":{"schema_version":3,"schema_name":"ModelParameterSchemaV3","schema_type":"Iced"},"name":"fold_column","label":"fold_column","help":"Column with cross-validation fold index assignment per observation.","required":false,"type":"VecSpecifier","default_value":null,"actual_value":null,"input_value":null,"level":"secondary","values":[],"is_member_of_frames":["training_frame"],"is_mutually_exclusive_with":["response_column","weights_column","ignored_columns","offset_column"],"gridable":true},{"__meta":{"schema_version":3,"schema_name":"ModelParameterSchemaV3","schema_type":"Iced"},"name":"response_column","label":"response_column","help":"Response variable column.","required":false,"type":"VecSpecifier","default_value":null,"actual_value":{"__meta":{"schema_version":3,"schema_name":"ColSpecifierV3","schema_type":"VecSpecifier"},"column_name":"rating","is_member_of_frames":null},"input_value":{"__meta":{"schema_version":3,"schema_name":"ColSpecifierV3","schema_type":"VecSpecifier"},"column_name":"rating","is_member_of_frames":null},"level":"critical","values":[],"is_member_of_frames":["training_frame","validation_frame"],"is_mutually_exclusive_with":["weights_column","ignored_columns","offset_column","fold_column"],"gridable":true},{"__meta":{"schema_version":3,"schema_name":"ModelParameterSchemaV3","schema_type":"Iced"},"name":"ignored_columns","label":"ignored_columns","help":"Names of columns to ignore for training.","required":false,"type":"string[]","default_value":null,"actual_value":["filtration","occurrence","name","pasteurization","method","abv","perception","split","fermentation"],"input_value":["filtration","occurrence","name","pasteurization","method","abv","perception","split","fermentation"],"level":"critical","values":[],"is_member_of_frames":["training_frame","validation_frame"],"is_mutually_exclusive_with":["response_column","weights_column","offset_column","fold_column"],"gridable":false},{"__meta":{"schema_version":3,"schema_name":"ModelParameterSchemaV3","schema_type":"Iced"},"name":"ignore_const_cols","label":"ignore_const_cols","help":"Ignore constant columns.","required":false,"type":"boolean","default_value":true,"actual_value":true,"input_value":true,"level":"critical","values":[],"is_member_of_frames":[],"is_mutually_exclusive_with":[],"gridable":false},{"__meta":{"schema_version":3,"schema_name":"ModelParameterSchemaV3","schema_type":"Iced"},"name":"offset_column","label":"offset_column","help":"Offset column. This will be added to the combination of columns before applying the link function.","required":false,"type":"VecSpecifier","default_value":null,"actual_value":null,"input_value":null,"level":"secondary","values":[],"is_member_of_frames":["training_frame","validation_frame"],"is_mutually_exclusive_with":["response_column","weights_column","ignored_columns","fold_column"],"gridable":true},{"__meta":{"schema_version":3,"schema_name":"ModelParameterSchemaV3","schema_type":"Iced"},"name":"weights_column","label":"weights_column","help":"Column with observation weights. Giving some observation a weight of zero is equivalent to excluding it from the dataset; giving an observation a relative weight of 2 is equivalent to repeating that row twice. Negative weights are not allowed. Note: Weights are per-row observation weights and do not increase the size of the data frame. This is typically the number of times a row is repeated, but non-integer values are supported as well. During training, rows with higher weights matter more, due to the larger loss function pre-factor.","required":false,"type":"VecSpecifier","default_value":null,"actual_value":null,"input_value":null,"level":"secondary","values":[],"is_member_of_frames":["training_frame","validation_frame"],"is_mutually_exclusive_with":["response_column","ignored_columns","offset_column","fold_column"],"gridable":true},{"__meta":{"schema_version":3,"schema_name":"ModelParameterSchemaV3","schema_type":"Iced"},"name":"balance_classes","label":"balance_classes","help":"Balance training data class counts via over/under-sampling (for imbalanced data).","required":false,"type":"boolean","default_value":false,"actual_value":false,"input_value":false,"level":"secondary","values":[],"is_member_of_frames":[],"is_mutually_exclusive_with":[],"gridable":true},{"__meta":{"schema_version":3,"schema_name":"ModelParameterSchemaV3","schema_type":"Iced"},"name":"class_sampling_factors","label":"class_sampling_factors","help":"Desired over/under-sampling ratios per class (in lexicographic order). If not specified, sampling factors will be automatically computed to obtain class balance during training. Requires balance_classes.","required":false,"type":"float[]","default_value":null,"actual_value":null,"input_value":null,"level":"expert","values":[],"is_member_of_frames":[],"is_mutually_exclusive_with":[],"gridable":true},{"__meta":{"schema_version":3,"schema_name":"ModelParameterSchemaV3","schema_type":"Iced"},"name":"max_after_balance_size","label":"max_after_balance_size","help":"Maximum relative size of the training data after balancing class counts (can be less than 1.0). Requires balance_classes.","required":false,"type":"float","default_value":5.0,"actual_value":5.0,"input_value":5.0,"level":"expert","values":[],"is_member_of_frames":[],"is_mutually_exclusive_with":[],"gridable":true},{"__meta":{"schema_version":3,"schema_name":"ModelParameterSchemaV3","schema_type":"Iced"},"name":"max_confusion_matrix_size","label":"max_confusion_matrix_size","help":"[Deprecated] Maximum size (# classes) for confusion matrices to be printed in the Logs","required":false,"type":"int","default_value":20,"actual_value":20,"input_value":20,"level":"secondary","values":[],"is_member_of_frames":[],"is_mutually_exclusive_with":[],"gridable":false},{"__meta":{"schema_version":3,"schema_name":"ModelParameterSchemaV3","schema_type":"Iced"},"name":"ntrees","label":"ntrees","help":"Number of trees.","required":false,"type":"int","default_value":50,"actual_value":50,"input_value":50,"level":"critical","values":[],"is_member_of_frames":[],"is_mutually_exclusive_with":[],"gridable":true},{"__meta":{"schema_version":3,"schema_name":"ModelParameterSchemaV3","schema_type":"Iced"},"name":"max_depth","label":"max_depth","help":"Maximum tree depth (0 for unlimited).","required":false,"type":"int","default_value":5,"actual_value":5,"input_value":5,"level":"critical","values":[],"is_member_of_frames":[],"is_mutually_exclusive_with":[],"gridable":true},{"__meta":{"schema_version":3,"schema_name":"ModelParameterSchemaV3","schema_type":"Iced"},"name":"min_rows","label":"min_rows","help":"Fewest allowed (weighted) observations in a leaf.","required":false,"type":"double","default_value":10.0,"actual_value":1.0,"input_value":1.0,"level":"critical","values":[],"is_member_of_frames":[],"is_mutually_exclusive_with":[],"gridable":true},{"__meta":{"schema_version":3,"schema_name":"ModelParameterSchemaV3","schema_type":"Iced"},"name":"nbins","label":"nbins","help":"For numerical columns (real/int), build a histogram of (at least) this many bins, then split at the best point","required":false,"type":"int","default_value":20,"actual_value":13,"input_value":13,"level":"critical","values":[],"is_member_of_frames":[],"is_mutually_exclusive_with":[],"gridable":true},{"__meta":{"schema_version":3,"schema_name":"ModelParameterSchemaV3","schema_type":"Iced"},"name":"nbins_top_level","label":"nbins_top_level","help":"For numerical columns (real/int), build a histogram of (at most) this many bins at the root level, then decrease by factor of two per level","required":false,"type":"int","default_value":1024,"actual_value":16,"input_value":16,"level":"secondary","values":[],"is_member_of_frames":[],"is_mutually_exclusive_with":[],"gridable":true},{"__meta":{"schema_version":3,"schema_name":"ModelParameterSchemaV3","schema_type":"Iced"},"name":"nbins_cats","label":"nbins_cats","help":"For categorical columns (factors), build a histogram of this many bins, then split at the best point. Higher values can lead to more overfitting.","required":false,"type":"int","default_value":1024,"actual_value":1024,"input_value":1024,"level":"secondary","values":[],"is_member_of_frames":[],"is_mutually_exclusive_with":[],"gridable":true},{"__meta":{"schema_version":3,"schema_name":"ModelParameterSchemaV3","schema_type":"Iced"},"name":"r2_stopping","label":"r2_stopping","help":"r2_stopping is no longer supported and will be ignored if set - please use stopping_rounds, stopping_metric and stopping_tolerance instead. Previous version of H2O would stop making trees when the R^2 metric equals or exceeds this","required":false,"type":"double","default_value":1.7976931348623157E308,"actual_value":1.7976931348623157E308,"input_value":1.7976931348623157E308,"level":"secondary","values":[],"is_member_of_frames":[],"is_mutually_exclusive_with":[],"gridable":true},{"__meta":{"schema_version":3,"schema_name":"ModelParameterSchemaV3","schema_type":"Iced"},"name":"stopping_rounds","label":"stopping_rounds","help":"Early stopping based on convergence of stopping_metric. Stop if simple moving average of length k of the stopping_metric does not improve for k:=stopping_rounds scoring events (0 to disable)","required":false,"type":"int","default_value":0,"actual_value":0,"input_value":0,"level":"secondary","values":[],"is_member_of_frames":[],"is_mutually_exclusive_with":[],"gridable":true},{"__meta":{"schema_version":3,"schema_name":"ModelParameterSchemaV3","schema_type":"Iced"},"name":"stopping_metric","label":"stopping_metric","help":"Metric to use for early stopping (AUTO: logloss for classification, deviance for regression and anonomaly_score for Isolation Forest). Note that custom and custom_increasing can only be used in GBM and DRF with the Python client.","required":false,"type":"enum","default_value":"AUTO","actual_value":null,"input_value":"AUTO","level":"secondary","values":["AUTO","deviance","logloss","MSE","RMSE","MAE","RMSLE","AUC","AUCPR","lift_top_group","misclassification","mean_per_class_error","anomaly_score","custom","custom_increasing"],"is_member_of_frames":[],"is_mutually_exclusive_with":[],"gridable":true},{"__meta":{"schema_version":3,"schema_name":"ModelParameterSchemaV3","schema_type":"Iced"},"name":"stopping_tolerance","label":"stopping_tolerance","help":"Relative tolerance for metric-based stopping criterion (stop if relative improvement is not at least this much)","required":false,"type":"double","default_value":0.001,"actual_value":0.001,"input_value":0.001,"level":"secondary","values":[],"is_member_of_frames":[],"is_mutually_exclusive_with":[],"gridable":true},{"__meta":{"schema_version":3,"schema_name":"ModelParameterSchemaV3","schema_type":"Iced"},"name":"max_runtime_secs","label":"max_runtime_secs","help":"Maximum allowed runtime in seconds for model training. Use 0 to disable.","required":false,"type":"double","default_value":0.0,"actual_value":0.0,"input_value":0.0,"level":"secondary","values":[],"is_member_of_frames":[],"is_mutually_exclusive_with":[],"gridable":true},{"__meta":{"schema_version":3,"schema_name":"ModelParameterSchemaV3","schema_type":"Iced"},"name":"seed","label":"seed","help":"Seed for pseudo random number generator (if applicable)","required":false,"type":"long","default_value":-1,"actual_value":12,"input_value":12,"level":"critical","values":[],"is_member_of_frames":[],"is_mutually_exclusive_with":[],"gridable":true},{"__meta":{"schema_version":3,"schema_name":"ModelParameterSchemaV3","schema_type":"Iced"},"name":"build_tree_one_node","label":"build_tree_one_node","help":"Run on one node only; no network overhead but fewer cpus used. Suitable for small datasets.","required":false,"type":"boolean","default_value":false,"actual_value":true,"input_value":true,"level":"expert","values":[],"is_member_of_frames":[],"is_mutually_exclusive_with":[],"gridable":false},{"__meta":{"schema_version":3,"schema_name":"ModelParameterSchemaV3","schema_type":"Iced"},"name":"learn_rate","label":"learn_rate","help":"Learning rate (from 0.0 to 1.0)","required":false,"type":"double","default_value":0.1,"actual_value":0.1,"input_value":0.1,"level":"critical","values":[],"is_member_of_frames":[],"is_mutually_exclusive_with":[],"gridable":true},{"__meta":{"schema_version":3,"schema_name":"ModelParameterSchemaV3","schema_type":"Iced"},"name":"learn_rate_annealing","label":"learn_rate_annealing","help":"Scale the learning rate by this factor after each tree (e.g., 0.99 or 0.999) ","required":false,"type":"double","default_value":1.0,"actual_value":1.0,"input_value":1.0,"level":"secondary","values":[],"is_member_of_frames":[],"is_mutually_exclusive_with":[],"gridable":true},{"__meta":{"schema_version":3,"schema_name":"ModelParameterSchemaV3","schema_type":"Iced"},"name":"distribution","label":"distribution","help":"Distribution function","required":false,"type":"enum","default_value":"AUTO","actual_value":"gaussian","input_value":"gaussian","level":"secondary","values":["AUTO","bernoulli","quasibinomial","ordinal","multinomial","gaussian","poisson","gamma","tweedie","laplace","quantile","huber","custom"],"is_member_of_frames":[],"is_mutually_exclusive_with":[],"gridable":true},{"__meta":{"schema_version":3,"schema_name":"ModelParameterSchemaV3","schema_type":"Iced"},"name":"quantile_alpha","label":"quantile_alpha","help":"Desired quantile for Quantile regression, must be between 0 and 1.","required":false,"type":"double","default_value":0.5,"actual_value":0.5,"input_value":0.5,"level":"secondary","values":[],"is_member_of_frames":[],"is_mutually_exclusive_with":[],"gridable":true},{"__meta":{"schema_version":3,"schema_name":"ModelParameterSchemaV3","schema_type":"Iced"},"name":"tweedie_power","label":"tweedie_power","help":"Tweedie power for Tweedie regression, must be between 1 and 2.","required":false,"type":"double","default_value":1.5,"actual_value":1.5,"input_value":1.5,"level":"secondary","values":[],"is_member_of_frames":[],"is_mutually_exclusive_with":[],"gridable":true},{"__meta":{"schema_version":3,"schema_name":"ModelParameterSchemaV3","schema_type":"Iced"},"name":"huber_alpha","label":"huber_alpha","help":"Desired quantile for Huber/M-regression (threshold between quadratic and linear loss, must be between 0 and 1).","required":false,"type":"double","default_value":0.9,"actual_value":0.9,"input_value":0.9,"level":"secondary","values":[],"is_member_of_frames":[],"is_mutually_exclusive_with":[],"gridable":true},{"__meta":{"schema_version":3,"schema_name":"ModelParameterSchemaV3","schema_type":"Iced"},"name":"checkpoint","label":"checkpoint","help":"Model checkpoint to resume training with.","required":false,"type":"Key<Model>","default_value":null,"actual_value":null,"input_value":null,"level":"secondary","values":[],"is_member_of_frames":[],"is_mutually_exclusive_with":[],"gridable":false},{"__meta":{"schema_version":3,"schema_name":"ModelParameterSchemaV3","schema_type":"Iced"},"name":"sample_rate","label":"sample_rate","help":"Row sample rate per tree (from 0.0 to 1.0)","required":false,"type":"double","default_value":1.0,"actual_value":1.0,"input_value":1.0,"level":"critical","values":[],"is_member_of_frames":[],"is_mutually_exclusive_with":[],"gridable":true},{"__meta":{"schema_version":3,"schema_name":"ModelParameterSchemaV3","schema_type":"Iced"},"name":"sample_rate_per_class","label":"sample_rate_per_class","help":"A list of row sample rates per class (relative fraction for each class, from 0.0 to 1.0), for each tree","required":false,"type":"double[]","default_value":null,"actual_value":null,"input_value":null,"level":"expert","values":[],"is_member_of_frames":[],"is_mutually_exclusive_with":[],"gridable":true},{"__meta":{"schema_version":3,"schema_name":"ModelParameterSchemaV3","schema_type":"Iced"},"name":"col_sample_rate","label":"col_sample_rate","help":"Column sample rate (from 0.0 to 1.0)","required":false,"type":"double","default_value":1.0,"actual_value":1.0,"input_value":1.0,"level":"critical","values":[],"is_member_of_frames":[],"is_mutually_exclusive_with":[],"gridable":true},{"__meta":{"schema_version":3,"schema_name":"ModelParameterSchemaV3","schema_type":"Iced"},"name":"col_sample_rate_change_per_level","label":"col_sample_rate_change_per_level","help":"Relative change of the column sampling rate for every level (must be > 0.0 and <= 2.0)","required":false,"type":"double","default_value":1.0,"actual_value":1.0,"input_value":1.0,"level":"expert","values":[],"is_member_of_frames":[],"is_mutually_exclusive_with":[],"gridable":true},{"__meta":{"schema_version":3,"schema_name":"ModelParameterSchemaV3","schema_type":"Iced"},"name":"col_sample_rate_per_tree","label":"col_sample_rate_per_tree","help":"Column sample rate per tree (from 0.0 to 1.0)","required":false,"type":"double","default_value":1.0,"actual_value":1.0,"input_value":1.0,"level":"secondary","values":[],"is_member_of_frames":[],"is_mutually_exclusive_with":[],"gridable":true},{"__meta":{"schema_version":3,"schema_name":"ModelParameterSchemaV3","schema_type":"Iced"},"name":"min_split_improvement","label":"min_split_improvement","help":"Minimum relative improvement in squared error reduction for a split to happen","required":false,"type":"double","default_value":1.0E-5,"actual_value":1.0E-5,"input_value":1.0E-5,"level":"secondary","values":[],"is_member_of_frames":[],"is_mutually_exclusive_with":[],"gridable":true},{"__meta":{"schema_version":3,"schema_name":"ModelParameterSchemaV3","schema_type":"Iced"},"name":"histogram_type","label":"histogram_type","help":"What type of histogram to use for finding optimal split points","required":false,"type":"enum","default_value":"AUTO","actual_value":"UniformAdaptive","input_value":"AUTO","level":"secondary","values":["AUTO","UniformAdaptive","Random","QuantilesGlobal","RoundRobin"],"is_member_of_frames":[],"is_mutually_exclusive_with":[],"gridable":true},{"__meta":{"schema_version":3,"schema_name":"ModelParameterSchemaV3","schema_type":"Iced"},"name":"max_abs_leafnode_pred","label":"max_abs_leafnode_pred","help":"Maximum absolute value of a leaf node prediction","required":false,"type":"double","default_value":1.7976931348623157E308,"actual_value":1.7976931348623157E308,"input_value":1.7976931348623157E308,"level":"expert","values":[],"is_member_of_frames":[],"is_mutually_exclusive_with":[],"gridable":true},{"__meta":{"schema_version":3,"schema_name":"ModelParameterSchemaV3","schema_type":"Iced"},"name":"pred_noise_bandwidth","label":"pred_noise_bandwidth","help":"Bandwidth (sigma) of Gaussian multiplicative noise ~N(1,sigma) for tree node predictions","required":false,"type":"double","default_value":0.0,"actual_value":0.0,"input_value":0.0,"level":"expert","values":[],"is_member_of_frames":[],"is_mutually_exclusive_with":[],"gridable":true},{"__meta":{"schema_version":3,"schema_name":"ModelParameterSchemaV3","schema_type":"Iced"},"name":"categorical_encoding","label":"categorical_encoding","help":"Encoding scheme for categorical features","required":false,"type":"enum","default_value":"AUTO","actual_value":"Enum","input_value":"Enum","level":"secondary","values":["AUTO","Enum","OneHotInternal","OneHotExplicit","Binary","Eigen","LabelEncoder","SortByResponse","EnumLimited"],"is_member_of_frames":[],"is_mutually_exclusive_with":[],"gridable":true},{"__meta":{"schema_version":3,"schema_name":"ModelParameterSchemaV3","schema_type":"Iced"},"name":"calibrate_model","label":"calibrate_model","help":"Use Platt Scaling to calculate calibrated class probabilities. Calibration can provide more accurate estimates of class probabilities.","required":false,"type":"boolean","default_value":false,"actual_value":false,"input_value":false,"level":"expert","values":[],"is_member_of_frames":[],"is_mutually_exclusive_with":[],"gridable":false},{"__meta":{"schema_version":3,"schema_name":"ModelParameterSchemaV3","schema_type":"Iced"},"name":"calibration_frame","label":"calibration_frame","help":"Calibration frame for Platt Scaling","required":false,"type":"Key<Frame>","default_value":null,"actual_value":null,"input_value":null,"level":"expert","values":[],"is_member_of_frames":[],"is_mutually_exclusive_with":[],"gridable":false},{"__meta":{"schema_version":3,"schema_name":"ModelParameterSchemaV3","schema_type":"Iced"},"name":"custom_metric_func","label":"custom_metric_func","help":"Reference to custom evaluation function, format: `language:keyName=funcName`","required":false,"type":"string","default_value":null,"actual_value":null,"input_value":null,"level":"secondary","values":[],"is_member_of_frames":[],"is_mutually_exclusive_with":[],"gridable":false},{"__meta":{"schema_version":3,"schema_name":"ModelParameterSchemaV3","schema_type":"Iced"},"name":"custom_distribution_func","label":"custom_distribution_func","help":"Reference to custom distribution, format: `language:keyName=funcName`","required":false,"type":"string","default_value":null,"actual_value":null,"input_value":null,"level":"secondary","values":[],"is_member_of_frames":[],"is_mutually_exclusive_with":[],"gridable":false},{"__meta":{"schema_version":3,"schema_name":"ModelParameterSchemaV3","schema_type":"Iced"},"name":"export_checkpoints_dir","label":"export_checkpoints_dir","help":"Automatically export generated models to this directory.","required":false,"type":"string","default_value":null,"actual_value":null,"input_value":null,"level":"secondary","values":[],"is_member_of_frames":[],"is_mutually_exclusive_with":[],"gridable":false},{"__meta":{"schema_version":3,"schema_name":"ModelParameterSchemaV3","schema_type":"Iced"},"name":"monotone_constraints","label":"monotone_constraints","help":"A mapping representing monotonic constraints. Use +1 to enforce an increasing constraint and -1 to specify a decreasing constraint.","required":false,"type":"KeyValue[]","default_value":null,"actual_value":null,"input_value":null,"level":"secondary","values":[],"is_member_of_frames":[],"is_mutually_exclusive_with":[],"gridable":false},{"__meta":{"schema_version":3,"schema_name":"ModelParameterSchemaV3","schema_type":"Iced"},"name":"check_constant_response","label":"check_constant_response","help":"Check if response column is constant. If enabled, then an exception is thrown if the response column is a constant value.If disabled, then model will train regardless of the response column being a constant value or not.","required":false,"type":"boolean","default_value":true,"actual_value":true,"input_value":true,"level":"expert","values":[],"is_member_of_frames":[],"is_mutually_exclusive_with":[],"gridable":false},{"__meta":{"schema_version":3,"schema_name":"ModelParameterSchemaV3","schema_type":"Iced"},"name":"gainslift_bins","label":"gainslift_bins","help":"Gains/Lift table number of bins. 0 means disabled.. Default value -1 means automatic binning.","required":false,"type":"int","default_value":-1,"actual_value":-1,"input_value":-1,"level":"secondary","values":[],"is_member_of_frames":[],"is_mutually_exclusive_with":[],"gridable":false},{"__meta":{"schema_version":3,"schema_name":"ModelParameterSchemaV3","schema_type":"Iced"},"name":"auc_type","label":"auc_type","help":"Set default multinomial AUC type.","required":false,"type":"enum","default_value":"AUTO","actual_value":"AUTO","input_value":"AUTO","level":"secondary","values":["AUTO","NONE","MACRO_OVR","WEIGHTED_OVR","MACRO_OVO","WEIGHTED_OVO"],"is_member_of_frames":[],"is_mutually_exclusive_with":[],"gridable":true}],"output":{"__meta":{"schema_version":3,"schema_name":"GBMModelOutputV3","schema_type":"GBMOutput"},"names":["style","flavor","rating"],"original_names":null,"column_types":["Enum","Enum","Numeric"],"domains":[["blonde","keller","lager","pils","soda","wheat"],["fruit","herb","lemon","standard"],null],"cross_validation_models":[{"__meta":{"schema_version":3,"schema_name":"ModelKeyV3","schema_type":"Key<Model>"},"name":"alc_free_2std_gbm_model_cv_1","type":"Key<Model>","URL":"/3/Models/alc_free_2std_gbm_model_cv_1"},{"__meta":{"schema_version":3,"schema_name":"ModelKeyV3","schema_type":"Key<Model>"},"name":"alc_free_2std_gbm_model_cv_2","type":"Key<Model>","URL":"/3/Models/alc_free_2std_gbm_model_cv_2"},{"__meta":{"schema_version":3,"schema_name":"ModelKeyV3","schema_type":"Key<Model>"},"name":"alc_free_2std_gbm_model_cv_3","type":"Key<Model>","URL":"/3/Models/alc_free_2std_gbm_model_cv_3"},{"__meta":{"schema_version":3,"schema_name":"ModelKeyV3","schema_type":"Key<Model>"},"name":"alc_free_2std_gbm_model_cv_4","type":"Key<Model>","URL":"/3/Models/alc_free_2std_gbm_model_cv_4"}],"cross_validation_predictions":null,"cross_validation_holdout_predictions_frame_id":null,"cross_validation_fold_assignment_frame_id":null,"model_category":"Regression","model_summary":{"__meta":{"schema_version":3,"schema_name":"TwoDimTableV3","schema_type":"TwoDimTable"},"name":"Model Summary","description":"","columns":[{"__meta":{"schema_version":-1,"schema_name":"ColumnSpecsBase","schema_type":"Iced"},"name":"","type":"string","format":"%s","description":""},{"__meta":{"schema_version":-1,"schema_name":"ColumnSpecsBase","schema_type":"Iced"},"name":"number_of_trees","type":"long","format":"%d","description":"Number of Trees"},{"__meta":{"schema_version":-1,"schema_name":"ColumnSpecsBase","schema_type":"Iced"},"name":"number_of_internal_trees","type":"long","format":"%d","description":"Number of Internal Trees"},{"__meta":{"schema_version":-1,"schema_name":"ColumnSpecsBase","schema_type":"Iced"},"name":"model_size_in_bytes","type":"long","format":"%d","description":"Model Size in Bytes"},{"__meta":{"schema_version":-1,"schema_name":"ColumnSpecsBase","schema_type":"Iced"},"name":"min_depth","type":"long","format":"%d","description":"Min. Depth"},{"__meta":{"schema_version":-1,"schema_name":"ColumnSpecsBase","schema_type":"Iced"},"name":"max_depth","type":"long","format":"%d","description":"Max. Depth"},{"__meta":{"schema_version":-1,"schema_name":"ColumnSpecsBase","schema_type":"Iced"},"name":"mean_depth","type":"double","format":"%.5f","description":"Mean Depth"},{"__meta":{"schema_version":-1,"schema_name":"ColumnSpecsBase","schema_type":"Iced"},"name":"min_leaves","type":"long","format":"%d","description":"Min. Leaves"},{"__meta":{"schema_version":-1,"schema_name":"ColumnSpecsBase","schema_type":"Iced"},"name":"max_leaves","type":"long","format":"%d","description":"Max. Leaves"},{"__meta":{"schema_version":-1,"schema_name":"ColumnSpecsBase","schema_type":"Iced"},"name":"mean_leaves","type":"double","format":"%.5f","description":"Mean Leaves"}],"rowcount":1,"data":[[""],[50],[50],[7370],[3],[4],[3.7],[5],[8],[7.14]]},"scoring_history":{"__meta":{"schema_version":3,"schema_name":"TwoDimTableV3","schema_type":"TwoDimTable"},"name":"Scoring History","description":"","columns":[{"__meta":{"schema_version":-1,"schema_name":"ColumnSpecsBase","schema_type":"Iced"},"name":"","type":"string","format":"%s","description":""},{"__meta":{"schema_version":-1,"schema_name":"ColumnSpecsBase","schema_type":"Iced"},"name":"timestamp","type":"string","format":"%s","description":"Timestamp"},{"__meta":{"schema_version":-1,"schema_name":"ColumnSpecsBase","schema_type":"Iced"},"name":"duration","type":"string","format":"%s","description":"Duration"},{"__meta":{"schema_version":-1,"schema_name":"ColumnSpecsBase","schema_type":"Iced"},"name":"number_of_trees","type":"long","format":"%d","description":"Number of Trees"},{"__meta":{"schema_version":-1,"schema_name":"ColumnSpecsBase","schema_type":"Iced"},"name":"training_rmse","type":"double","format":"%.5f","description":"Training RMSE"},{"__meta":{"schema_version":-1,"schema_name":"ColumnSpecsBase","schema_type":"Iced"},"name":"training_mae","type":"double","format":"%.5f","description":"Training MAE"},{"__meta":{"schema_version":-1,"schema_name":"ColumnSpecsBase","schema_type":"Iced"},"name":"training_deviance","type":"double","format":"%.5f","description":"Training Deviance"},{"__meta":{"schema_version":-1,"schema_name":"ColumnSpecsBase","schema_type":"Iced"},"name":"validation_rmse","type":"double","format":"%.5f","description":"Validation RMSE"},{"__meta":{"schema_version":-1,"schema_name":"ColumnSpecsBase","schema_type":"Iced"},"name":"validation_mae","type":"double","format":"%.5f","description":"Validation MAE"},{"__meta":{"schema_version":-1,"schema_name":"ColumnSpecsBase","schema_type":"Iced"},"name":"validation_deviance","type":"double","format":"%.5f","description":"Validation Deviance"}],"rowcount":51,"data":[["","","","","","","","","","","","","","","","","","","","","","","","","","","","","","","","","","","","","","","","","","","","","","","","","","",""],["2021-09-30 20:23:20","2021-09-30 20:23:20","2021-09-30 20:23:20","2021-09-30 20:23:20","2021-09-30 20:23:20","2021-09-30 20:23:20","2021-09-30 20:23:20","2021-09-30 20:23:20","2021-09-30 20:23:20","2021-09-30 20:23:20","2021-09-30 20:23:20","2021-09-30 20:23:20","2021-09-30 20:23:20","2021-09-30 20:23:20","2021-09-30 20:23:20","2021-09-30 20:23:20","2021-09-30 20:23:20","2021-09-30 20:23:20","2021-09-30 20:23:20","2021-09-30 20:23:20","2021-09-30 20:23:20","2021-09-30 20:23:20","2021-09-30 20:23:20","2021-09-30 20:23:20","2021-09-30 20:23:20","2021-09-30 20:23:20","2021-09-30 20:23:20","2021-09-30 20:23:20","2021-09-30 20:23:20","2021-09-30 20:23:20","2021-09-30 20:23:20","2021-09-30 20:23:20","2021-09-30 20:23:20","2021-09-30 20:23:20","2021-09-30 20:23:20","2021-09-30 20:23:20","2021-09-30 20:23:20","2021-09-30 20:23:20","2021-09-30 20:23:20","2021-09-30 20:23:20","2021-09-30 20:23:20","2021-09-30 20:23:20","2021-09-30 20:23:20","2021-09-30 20:23:20","2021-09-30 20:23:20","2021-09-30 20:23:20","2021-09-30 20:23:20","2021-09-30 20:23:20","2021-09-30 20:23:20","2021-09-30 20:23:20","2021-09-30 20:23:20"],[" 0.227 sec"," 0.231 sec"," 0.233 sec"," 0.236 sec"," 0.239 sec"," 0.241 sec"," 0.243 sec"," 0.245 sec"," 0.247 sec"," 0.249 sec"," 0.251 sec"," 0.253 sec"," 0.255 sec"," 0.257 sec"," 0.258 sec"," 0.260 sec"," 0.262 sec"," 0.264 sec"," 0.266 sec"," 0.268 sec"," 0.269 sec"," 0.271 sec"," 0.273 sec"," 0.275 sec"," 0.277 sec"," 0.279 sec"," 0.282 sec"," 0.284 sec"," 0.287 sec"," 0.289 sec"," 0.291 sec"," 0.293 sec"," 0.296 sec"," 0.297 sec"," 0.300 sec"," 0.302 sec"," 0.304 sec"," 0.306 sec"," 0.309 sec"," 0.310 sec"," 0.313 sec"," 0.315 sec"," 0.317 sec"," 0.320 sec"," 0.322 sec"," 0.325 sec"," 0.328 sec"," 0.330 sec"," 0.333 sec"," 0.335 sec"," 0.338 sec"],[0,1,2,3,4,5,6,7,8,9,10,11,12,13,14,15,16,17,18,19,20,21,22,23,24,25,26,27,28,29,30,31,32,33,34,35,36,37,38,39,40,41,42,43,44,45,46,47,48,49,50],[1.312097557348538,1.2332514450422685,1.165482654824912,1.1075543187806907,1.0583105933275336,1.0166761660239678,0.9816587978195419,0.9523513272589281,0.9279340186532627,0.9076746262532849,0.8909268294992957,0.8771267415084127,0.8657874254022511,0.8564925714351939,0.848889128372025,0.8426800630689624,0.837616950399249,0.8334932907252821,0.8301381286819095,0.8274104620090621,0.8251944262566543,0.8233950944493158,0.8219347204456838,0.820749929788448,0.8197889857967904,0.8190098083118668,0.8183781363047876,0.817866111521388,0.817451142684538,0.8171148571319112,0.8168423627485577,0.8166218608631345,0.816443207877541,0.8162984723009825,0.8161816186420281,0.8160869513373686,0.8160105383557554,0.815948637335744,0.8158984965457909,0.8158578804538894,0.8158243050612616,0.8157968496700679,0.8157748698744495,0.8157569997207146,0.8157430266544428,0.8157317095737535,0.8157225425868438,0.815715117753687,0.8157091027317556,0.8157042314241054,0.8157002855472215],[1.1263999999999998,1.0566932296752929,0.9939573097229004,0.9374948501586914,0.8939681243896485,0.8581712341308594,0.8259541130065918,0.7969586753845215,0.7708628273010254,0.7473766136169434,0.7262389183044433,0.7072149848937989,0.6900934410095215,0.6746841621398926,0.6608157539367676,0.6491805839538575,0.6394624710083008,0.6307161712646484,0.6228445243835449,0.6157600975036621,0.6093840789794922,0.6036457443237304,0.5984811019897461,0.5938330459594726,0.5896496963500977,0.585884780883789,0.5824963188171387,0.5794466590881348,0.5767020416259766,0.5742318534851074,0.5720086479187012,0.5699851989746094,0.5681640434265137,0.5665250205993653,0.5650245666503906,0.5636741638183593,0.5624874114990235,0.5614192962646485,0.5604579734802246,0.5595928001403808,0.5588109397888184,0.55812593460083,0.5574767684936524,0.556907730102539,0.5564012908935547,0.5559455490112305,0.5555353355407715,0.5551661682128907,0.5548339653015136,0.554534912109375,0.5542657470703125],[1.7216000000000002,1.5209091266988435,1.358349818697725,1.2266765690497596,1.1200213119492763,1.0336304265611944,0.9636539953365082,0.9069730505318421,0.8610615429739937,0.8238732271440403,0.793750615521667,0.7693513206691659,0.7495878659846585,0.7335795249236707,0.7206127522682163,0.7101096886939103,0.7016021555961379,0.6947110656840596,0.6891293126915025,0.6846080726420496,0.6809458411250489,0.6779794815631977,0.6755766846741245,0.6736304472477422,0.6720539812337302,0.6707770661110408,0.6697427739816976,0.6689049763751155,0.6682263706762569,0.6676766897457037,0.6672314455806463,0.6668712636395685,0.6665795116893696,0.6663431958809178,0.666152434609121,0.6659979121431207,0.6658731987076498,0.6657721787700575,0.665690356665682,0.6656240810987128,0.6655692967286905,0.6655244999316073,0.6654886383186749,0.6654594825933419,0.665436685535351,0.6654182220041185,0.6654032664843453,0.6653911533319115,0.6653813402794458,0.6653733931631904,0.6653669558418187],[0.9830564581955606,0.9839150821932257,0.9903975382573307,1.0007703741564076,1.0136714196815948,1.0280627967693374,1.0431745370025962,1.0584496416462617,1.0734958172074403,1.0880456200280637,1.1019247689340435,1.1150275538111087,1.1272981229570427,1.1387163229447355,1.149287145428056,1.159032838051342,1.1679871269164261,1.1761909482967656,1.1836893559146793,1.1905292884895642,1.1967579589809612,1.2024217486934472,1.2075654816056243,1.212231862737112,1.2164612611508285,1.2202914774957572,1.223757744745906,1.226892708181192,1.2297264831609875,1.2322867825340653,1.2345990205450472,1.2368852078215689,1.238947871525959,1.2408083740553009,1.2423437231110657,1.2437284327520997,1.2449893694545522,1.2461261553292093,1.2471508237656421,1.2480742915719145,1.2490357715353306,1.249773041109734,1.2504523938207102,1.251160376138932,1.2516579567190609,1.252106064940237,1.252509604842942,1.2528729806624885,1.2532001783763569,1.2534947836303443,1.2537600315145583],[0.7680000000000001,0.7818666674494745,0.7943466611504556,0.8055786550343038,0.83391091427207,0.8678531435728074,0.8984011416733265,0.9258943391442299,0.9506382172405721,0.9729077120721341,0.9929502626359463,1.0109885522574187,1.0272230145931245,1.0418340270817281,1.054983943834901,1.0668188677579167,1.0774703008532527,1.0870565849766138,1.0956842356771233,1.103449125722051,1.1104375244528057,1.1167270708307626,1.122387668810785,1.127482194401324,1.1320672671720389,1.136193822924048,1.139907723799348,1.1432502448968591,1.1462585126459601,1.148965953331441,1.1514026459250601,1.1537086908649656,1.1557841373085977,1.1576520451288672,1.1592222393434497,1.1606354184392842,1.161931122042239,1.1630972521323713,1.1641467596348378,1.1650913130668925,1.1660284983403983,1.166807523748372,1.1675358623093928,1.168223439232912,1.1687324005938138,1.1691904579931873,1.1696027104104871,1.1699737355057152,1.170307662670035,1.170608195330948,1.1708786745383406],[0.9664000000000001,0.968088888967302,0.9808872837861807,1.001541341789156,1.0275297470792997,1.056913114101192,1.088213114650581,1.1203156439010997,1.1523932695618702,1.1838432712622535,1.214238196390345,1.243286445757985,1.2708010580224716,1.2966748641407793,1.3208609426461693,1.343357119681348,1.364193928642488,1.3834251468552448,1.4011204913057083,1.4173599867514681,1.4322296123842757,1.4458180617310075,1.4582143923654234,1.4695060890350886,1.4797779998806644,1.4891112900487782,1.4975830178255862,1.5052657173881798,1.5122272233874905,1.5185307144081588,1.5242347415307897,1.5298850173278056,1.534991828358704,1.5396054211257593,1.543417926353464,1.546860414435994,1.5499985300548433,1.5528303949955569,1.55538517721932,1.5576894372827363,1.560090358574859,1.5619326542846732,1.5636311892119443,1.565402286820114,1.5666476406181347,1.5677695978601247,1.568780310223823,1.5696907056741085,1.5705106870825327,1.5712491725884838,1.5719142166233862]]},"cv_scoring_history":[{"__meta":{"schema_version":3,"schema_name":"TwoDimTableV3","schema_type":"TwoDimTable"},"name":"Scoring History","description":"","columns":[{"__meta":{"schema_version":-1,"schema_name":"ColumnSpecsBase","schema_type":"Iced"},"name":"","type":"string","format":"%s","description":""},{"__meta":{"schema_version":-1,"schema_name":"ColumnSpecsBase","schema_type":"Iced"},"name":"timestamp","type":"string","format":"%s","description":"Timestamp"},{"__meta":{"schema_version":-1,"schema_name":"ColumnSpecsBase","schema_type":"Iced"},"name":"duration","type":"string","format":"%s","description":"Duration"},{"__meta":{"schema_version":-1,"schema_name":"ColumnSpecsBase","schema_type":"Iced"},"name":"number_of_trees","type":"long","format":"%d","description":"Number of Trees"},{"__meta":{"schema_version":-1,"schema_name":"ColumnSpecsBase","schema_type":"Iced"},"name":"training_rmse","type":"double","format":"%.5f","description":"Training RMSE"},{"__meta":{"schema_version":-1,"schema_name":"ColumnSpecsBase","schema_type":"Iced"},"name":"training_mae","type":"double","format":"%.5f","description":"Training MAE"},{"__meta":{"schema_version":-1,"schema_name":"ColumnSpecsBase","schema_type":"Iced"},"name":"training_deviance","type":"double","format":"%.5f","description":"Training Deviance"},{"__meta":{"schema_version":-1,"schema_name":"ColumnSpecsBase","schema_type":"Iced"},"name":"validation_rmse","type":"double","format":"%.5f","description":"Validation RMSE"},{"__meta":{"schema_version":-1,"schema_name":"ColumnSpecsBase","schema_type":"Iced"},"name":"validation_mae","type":"double","format":"%.5f","description":"Validation MAE"},{"__meta":{"schema_version":-1,"schema_name":"ColumnSpecsBase","schema_type":"Iced"},"name":"validation_deviance","type":"double","format":"%.5f","description":"Validation Deviance"}],"rowcount":51,"data":[["","","","","","","","","","","","","","","","","","","","","","","","","","","","","","","","","","","","","","","","","","","","","","","","","","",""],["2021-09-30 20:23:19","2021-09-30 20:23:19","2021-09-30 20:23:19","2021-09-30 20:23:19","2021-09-30 20:23:19","2021-09-30 20:23:19","2021-09-30 20:23:19","2021-09-30 20:23:19","2021-09-30 20:23:19","2021-09-30 20:23:19","2021-09-30 20:23:19","2021-09-30 20:23:19","2021-09-30 20:23:19","2021-09-30 20:23:19","2021-09-30 20:23:19","2021-09-30 20:23:19","2021-09-30 20:23:19","2021-09-30 20:23:19","2021-09-30 20:23:19","2021-09-30 20:23:19","2021-09-30 20:23:19","2021-09-30 20:23:19","2021-09-30 20:23:19","2021-09-30 20:23:19","2021-09-30 20:23:19","2021-09-30 20:23:19","2021-09-30 20:23:19","2021-09-30 20:23:19","2021-09-30 20:23:19","2021-09-30 20:23:19","2021-09-30 20:23:19","2021-09-30 20:23:19","2021-09-30 20:23:19","2021-09-30 20:23:19","2021-09-30 20:23:19","2021-09-30 20:23:19","2021-09-30 20:23:19","2021-09-30 20:23:19","2021-09-30 20:23:19","2021-09-30 20:23:19","2021-09-30 20:23:19","2021-09-30 20:23:19","2021-09-30 20:23:20","2021-09-30 20:23:20","2021-09-30 20:23:20","2021-09-30 20:23:20","2021-09-30 20:23:20","2021-09-30 20:23:20","2021-09-30 20:23:20","2021-09-30 20:23:20","2021-09-30 20:23:20"],[" 0.016 sec"," 0.053 sec"," 0.056 sec"," 0.059 sec"," 0.062 sec"," 0.065 sec"," 0.067 sec"," 0.070 sec"," 0.073 sec"," 0.075 sec"," 0.078 sec"," 0.084 sec"," 0.087 sec"," 0.091 sec"," 0.094 sec"," 0.097 sec"," 0.100 sec"," 0.103 sec"," 0.106 sec"," 0.109 sec"," 0.112 sec"," 0.114 sec"," 0.117 sec"," 0.120 sec"," 0.123 sec"," 0.126 sec"," 0.129 sec"," 0.132 sec"," 0.135 sec"," 0.138 sec"," 0.142 sec"," 0.144 sec"," 0.148 sec"," 0.150 sec"," 0.153 sec"," 0.156 sec"," 0.159 sec"," 0.163 sec"," 0.166 sec"," 0.169 sec"," 0.172 sec"," 0.175 sec"," 0.178 sec"," 0.182 sec"," 0.185 sec"," 0.188 sec"," 0.192 sec"," 0.195 sec"," 0.199 sec"," 0.202 sec"," 0.205 sec"],[0,1,2,3,4,5,6,7,8,9,10,11,12,13,14,15,16,17,18,19,20,21,22,23,24,25,26,27,28,29,30,31,32,33,34,35,36,37,38,39,40,41,42,43,44,45,46,47,48,49,50],[1.0356951095093534,0.9469948890243198,0.8685324009226361,0.799351878915093,0.738580764968396,0.6854177511101802,0.6391222118285818,0.5990056204465843,0.5644248608638016,0.5347777347425978,0.5095005558542007,0.4880673484553928,0.4699904998435429,0.4548219073986412,0.4421540664231188,0.4316206018886244,0.42289623640952817,0.4156952969359222,0.4097697350029387,0.4049064992965754,0.4009240260466677,0.3976690284994569,0.3950127760328264,0.3928480573903254,0.3910858511792608,0.38965263436695463,0.38848784874424613,0.38754182273461746,0.386773822368963,0.3861506287950269,0.38564511595664475,0.3852351482184568,0.384902761204232,0.38463331318188726,0.3844149246953902,0.38423793584615074,0.3840945180800273,0.3839783114994776,0.38388415418386657,0.3838078693249883,0.3837460668762601,0.38369600136757104,0.38365544384122163,0.3836225919405181,0.38359597530559625,0.383574418507553,0.3835569550763774,0.3835428103223526,0.38353135097676355,0.3835220686366907,0.38351455047132094],[0.8442906574394464,0.7775087076074937,0.7174048143274644,0.6633112851311179,0.6146271649528953,0.5708115521599265,0.5313775118659524,0.49588677462409525,0.4639451083014993,0.4351975497077493,0.40932487039005055,0.38603942534502816,0.3650825163897346,0.3462213067447438,0.32924635270062613,0.3139687425949994,0.30021897484274473,0.2878442091100356,0.2767067236058852,0.26668307360480814,0.2576618475072524,0.2495428253622616,0.24223549225751093,0.2356589261223288,0.22974003062528722,0.22441311443553252,0.2196188253514907,0.21530412225162282,0.21142070433672736,0.20792565626256607,0.20478027007159064,0.2019493439618279,0.1994015188778148,0.19710838093477137,0.19504460166482365,0.19318715263815486,0.19151555790620692,0.19001113667207606,0.18865705938900218,0.1874383758096134,0.1863415381487678,0.18535440108355353,0.18446599735933192,0.18366659388822668,0.18294699051800897,0.1822994176079245,0.1817166104036219,0.18119211757884307,0.18071993659524357,0.18029499053955078,0.17991259518791647],[1.0726643598615917,0.8967993198381838,0.7543485314524386,0.6389634263250895,0.545501546381301,0.4697974935369369,0.40847720165265855,0.3588077333265975,0.3185754235611218,0.28598722557642436,0.25959081641573956,0.23820973662827782,0.22089106994318333,0.20686296744973814,0.19550021845449972,0.18629634397469838,0.17884122676934353,0.17280257989464456,0.1679112357243786,0.1639492731726076,0.16074007466146908,0.15814065622770185,0.1560350932291599,0.15432959619535241,0.15294814299260692,0.15182917546910765,0.15092280862193228,0.15018866436846967,0.14959398966989818,0.14911230811879464,0.14872215546121398,0.14840611942289636,0.14815013558264206,0.14794278560927576,0.1477748343285625,0.14763879134331065,0.14752859881912841,0.14743934370198986,0.14736704383346264,0.1473084805557873,0.1472610438429991,0.14722262146546305,0.14719149958900477,0.14716629304716128,0.1471458722706516,0.14712933453340746,0.14711593778746218,0.14710508734996813,0.1470962971820614,0.1470891771313665,0.14708341042321937],[1.815208720495232,1.7490654917585697,1.6960958356332847,1.6542516508361198,1.621682375982492,1.5967485874100136,1.5780250307589254,1.5642940590730074,1.5545315785552303,1.5478880474281633,1.5436673244215906,1.541305021364662,1.5403479153083333,1.5404352729330857,1.5412823285644057,1.5426661228626517,1.5444135681315863,1.5463915530466315,1.5484987714640985,1.5506590822881603,1.5528161621029,1.5549291768582076,1.5569693727144802,1.5589172597953969,1.5607605335649484,1.5624922431968828,1.5641095315679985,1.5656125401202634,1.5670035591493716,1.5682864216107921,1.5694660185126634,1.5705478650877653,1.5715378677874154,1.5724420856906096,1.5732665544288325,1.574017223929843,1.574699809693645,1.5753197852269212,1.5758823308802188,1.5763923065202736,1.5768542738770228,1.5772724448073983,1.5776507624977683,1.5779928430222872,1.5783020001729506,1.5785812772783565,1.5788334836401896,1.5790611465492448,1.5792666010386596,1.5794519629861263,1.579619164145348],[1.6323529411764706,1.5691176461713279,1.5122058861615026,1.4609853024320567,1.4236735291231204,1.4063061912927557,1.3906755884561468,1.3766080401289988,1.363947256879114,1.3525525419425,1.3422973006415893,1.3330675935756195,1.3247608574490775,1.317284801221617,1.310556355110534,1.3045007557991672,1.2990507096435655,1.2941456643782336,1.289731123662718,1.2857580328743685,1.2821822487201322,1.2789640389999155,1.2760676525683854,1.2734608972130124,1.271114828708746,1.2690033639699,1.2671030487433788,1.265392770877738,1.2638535166659173,1.2624681855702553,1.2612213935388032,1.2600992764962617,1.2590893771300804,1.2581804718681857,1.2573624517861068,1.2566262390207745,1.2559636440162327,1.2553673055115402,1.254830595516764,1.2543475475574857,1.2539128032110645,1.2535215225541512,1.2531693723610848,1.2528524425467955,1.252567204504671,1.2523104932513567,1.252079459681922,1.2518715288713471,1.2516843941227895,1.2515159752399674,1.2513644065873128],[3.2949826989619373,3.0592300944606476,2.87674108365257,2.7365485242940273,2.629853728572221,2.5496060513958736,2.4901629977017077,2.4470159032511054,2.4165684287254163,2.3959574073709717,2.382908808486912,2.3756211688839213,2.3726717001947284,2.3729408300964305,2.375551216344917,2.3798187666280857,2.385213269428938,2.391326835333973,2.397848445225822,2.40454358948276,2.4112380332879795,2.4178047450449434,2.424153627570922,2.430223022887989,2.4359734431339426,2.4413820100504267,2.4464386267418634,2.4511426257818236,2.4555001543867983,2.459522300208783,2.463223583265992,2.4666205965317376,2.4697312698898157,2.472574112851034,2.4751676512843708,2.477530221227809,2.479679490649202,2.481632425727393,2.4834051207804717,2.485012704056308,2.486469401044233,2.487788365148707,2.4889819284097894,2.4900614126295606,2.491037203749937,2.491918848973768,2.492715169063417,2.4934341045414152,2.4940829971562004,2.4946685033807277,2.4951967037352483]]},{"__meta":{"schema_version":3,"schema_name":"TwoDimTableV3","schema_type":"TwoDimTable"},"name":"Scoring History","description":"","columns":[{"__meta":{"schema_version":-1,"schema_name":"ColumnSpecsBase","schema_type":"Iced"},"name":"","type":"string","format":"%s","description":""},{"__meta":{"schema_version":-1,"schema_name":"ColumnSpecsBase","schema_type":"Iced"},"name":"timestamp","type":"string","format":"%s","description":"Timestamp"},{"__meta":{"schema_version":-1,"schema_name":"ColumnSpecsBase","schema_type":"Iced"},"name":"duration","type":"string","format":"%s","description":"Duration"},{"__meta":{"schema_version":-1,"schema_name":"ColumnSpecsBase","schema_type":"Iced"},"name":"number_of_trees","type":"long","format":"%d","description":"Number of Trees"},{"__meta":{"schema_version":-1,"schema_name":"ColumnSpecsBase","schema_type":"Iced"},"name":"training_rmse","type":"double","format":"%.5f","description":"Training RMSE"},{"__meta":{"schema_version":-1,"schema_name":"ColumnSpecsBase","schema_type":"Iced"},"name":"training_mae","type":"double","format":"%.5f","description":"Training MAE"},{"__meta":{"schema_version":-1,"schema_name":"ColumnSpecsBase","schema_type":"Iced"},"name":"training_deviance","type":"double","format":"%.5f","description":"Training Deviance"},{"__meta":{"schema_version":-1,"schema_name":"ColumnSpecsBase","schema_type":"Iced"},"name":"validation_rmse","type":"double","format":"%.5f","description":"Validation RMSE"},{"__meta":{"schema_version":-1,"schema_name":"ColumnSpecsBase","schema_type":"Iced"},"name":"validation_mae","type":"double","format":"%.5f","description":"Validation MAE"},{"__meta":{"schema_version":-1,"schema_name":"ColumnSpecsBase","schema_type":"Iced"},"name":"validation_deviance","type":"double","format":"%.5f","description":"Validation Deviance"}],"rowcount":51,"data":[["","","","","","","","","","","","","","","","","","","","","","","","","","","","","","","","","","","","","","","","","","","","","","","","","","",""],["2021-09-30 20:23:19","2021-09-30 20:23:19","2021-09-30 20:23:19","2021-09-30 20:23:19","2021-09-30 20:23:19","2021-09-30 20:23:19","2021-09-30 20:23:19","2021-09-30 20:23:19","2021-09-30 20:23:19","2021-09-30 20:23:19","2021-09-30 20:23:19","2021-09-30 20:23:19","2021-09-30 20:23:19","2021-09-30 20:23:19","2021-09-30 20:23:19","2021-09-30 20:23:19","2021-09-30 20:23:19","2021-09-30 20:23:19","2021-09-30 20:23:19","2021-09-30 20:23:19","2021-09-30 20:23:19","2021-09-30 20:23:19","2021-09-30 20:23:19","2021-09-30 20:23:19","2021-09-30 20:23:19","2021-09-30 20:23:19","2021-09-30 20:23:19","2021-09-30 20:23:19","2021-09-30 20:23:19","2021-09-30 20:23:19","2021-09-30 20:23:19","2021-09-30 20:23:19","2021-09-30 20:23:19","2021-09-30 20:23:19","2021-09-30 20:23:19","2021-09-30 20:23:19","2021-09-30 20:23:19","2021-09-30 20:23:19","2021-09-30 20:23:19","2021-09-30 20:23:19","2021-09-30 20:23:20","2021-09-30 20:23:20","2021-09-30 20:23:20","2021-09-30 20:23:20","2021-09-30 20:23:20","2021-09-30 20:23:20","2021-09-30 20:23:20","2021-09-30 20:23:20","2021-09-30 20:23:20","2021-09-30 20:23:20","2021-09-30 20:23:20"],[" 0.016 sec"," 0.053 sec"," 0.057 sec"," 0.059 sec"," 0.063 sec"," 0.066 sec"," 0.070 sec"," 0.072 sec"," 0.075 sec"," 0.078 sec"," 0.082 sec"," 0.084 sec"," 0.087 sec"," 0.090 sec"," 0.094 sec"," 0.096 sec"," 0.100 sec"," 0.103 sec"," 0.106 sec"," 0.110 sec"," 0.112 sec"," 0.115 sec"," 0.119 sec"," 0.123 sec"," 0.127 sec"," 0.130 sec"," 0.133 sec"," 0.137 sec"," 0.140 sec"," 0.142 sec"," 0.145 sec"," 0.148 sec"," 0.152 sec"," 0.155 sec"," 0.159 sec"," 0.163 sec"," 0.166 sec"," 0.169 sec"," 0.172 sec"," 0.175 sec"," 0.178 sec"," 0.181 sec"," 0.185 sec"," 0.191 sec"," 0.195 sec"," 0.198 sec"," 0.201 sec"," 0.205 sec"," 0.208 sec"," 0.211 sec"," 0.216 sec"],[0,1,2,3,4,5,6,7,8,9,10,11,12,13,14,15,16,17,18,19,20,21,22,23,24,25,26,27,28,29,30,31,32,33,34,35,36,37,38,39,40,41,42,43,44,45,46,47,48,49,50],[1.3244365713030422,1.2463030789660614,1.1792260318150471,1.1219577996462915,1.0733329352893488,1.0322691917068383,0.9977694413210473,0.9689245990637781,0.9449149950480275,0.9250105125182038,0.908568222065679,0.8950285776550483,0.8839094414841461,0.8747993795718656,0.8673500492822606,0.8612688780013489,0.8563114455628036,0.8522748349532698,0.8489911096819832,0.8463219305829399,0.8441537309993479,0.8423933671084713,0.8409647782697328,0.8398058569085904,0.8388659588229392,0.8381038630709787,0.837486059362573,0.8369853044379442,0.8365794655299852,0.8362505914674551,0.8359841097255678,0.8357681989690608,0.8355932716294124,0.8354515503383577,0.8353367434183421,0.8352437377372284,0.8351686983342199,0.8351079169322672,0.8350586801738271,0.8350187952497159,0.8349864845106287,0.8349603141665956,0.8349391168317555,0.8349216346555631,0.8349074744125684,0.8348960058435221,0.8348870797869352,0.8348798500041298,0.8348739938800069,0.8348692494345005,0.8348654062284232],[1.1363636363636365,1.0651515397158535,1.004008249803023,0.9581529227170077,0.9168830568140204,0.8797402598641135,0.8463117209347811,0.8162260922518644,0.789148980920965,0.7647796110673384,0.7428470958362926,0.7231078147888184,0.7053424445065585,0.6893536611036821,0.6749636910178445,0.662012750452215,0.6503568345850165,0.6398666555231268,0.630425518209284,0.6219283884221857,0.6142810474742543,0.6073983365839178,0.601203896782615,0.5956289768218994,0.5906115878712047,0.5860958966341886,0.5820318135348234,0.5783741257407449,0.5750821503725919,0.5721193660389293,0.5694528493014249,0.5670530145818536,0.5648931806737726,0.562949310649525,0.5611998601393267,0.5596254088661887,0.5582407821308483,0.5569947416132147,0.5558732856403698,0.5548639297485352,0.5539554249156605,0.553137865933505,0.5524021278728138,0.5517072894356467,0.5510819391770796,0.5505192713303999,0.5500738620758057,0.5496729937466708,0.5493122664364901,0.5489874969829213,0.5486951958049427],[1.7541322314049586,1.553271364640285,1.3905740341102624,1.258789304187148,1.1520435899768493,1.0655796841470895,0.9955438580341148,0.9388148786709032,0.8928643478666138,0.8556444482691901,0.8254962141475889,0.8010761548192188,0.781295900744815,0.765273954499321,0.7522961079899398,0.7417840802137025,0.7332692918018583,0.7263723942946233,0.7207859043190452,0.7162608101856346,0.7125955215601194,0.7096265849483477,0.7072217582902609,0.705273877297972,0.7036960968719292,0.7024180852944979,0.7013828996266511,0.700544399845078,0.6998652021464357,0.6993150517296685,0.6988694317136502,0.6985084824079877,0.698216115592345,0.6979792929627654,0.6977874749047611,0.6976321014292559,0.6975067546772752,0.6974052329229504,0.6973229993336542,0.6972563884202869,0.6972024293154184,0.6971587262331799,0.6971233288157919,0.6970941360159176,0.6970704908299736,0.6970513405734664,0.6970364359951563,0.6970243639429182,0.6970145856571538,0.6970066636513262,0.69700024651695],[1.286451972553173,1.2758484447817235,1.270848052368977,1.2700729608731243,1.2723996967708533,1.2769308928022354,1.2829626125384996,1.2899516937695223,1.2974856248191127,1.3052562525428346,1.313037582403107,1.3206676219240567,1.3280336401970352,1.3350605519274297,1.3417016630119911,1.3479315575316768,1.3537404826083614,1.3591300370791095,1.364109910619803,1.3686953656609584,1.3729053429634166,1.3767609644921273,1.3802845670487933,1.3834988456611592,1.3864263210694294,1.3890888907367096,1.3915076477466808,1.3937025914546954,1.3956926005611172,1.3974953580801908,1.3991273222628444,1.4006037415418857,1.4019387118515505,1.4031451805217126,1.4042350331733136,1.405219147394553,1.4057727740670474,1.4062727357316371,1.406724077450195,1.407131395956488,1.4074988899432193,1.4078303620826416,1.4081292696480183,1.4091215782561195,1.4100156152515313,1.4108210139669495,1.4113724566104275,1.411869472162355,1.4123173682267012,1.412720940696308,1.4130845313148739],[1.1969696969696966,1.2106060593981631,1.2228787979393292,1.2339242712566343,1.2438651969317682,1.2528120285803166,1.260864171538163,1.2681110947054215,1.2746333205423344,1.2805033295387116,1.2857863358504165,1.2905410547091651,1.2948203032808092,1.2986716380004175,1.3021378310213823,1.3052574110033948,1.3080650443338193,1.3105919157281853,1.3128660947832305,1.3149128545668312,1.316754955787804,1.3184128393468473,1.3199049424041398,1.3212478430059764,1.3224564662174967,1.3235442113646332,1.3245231897930019,1.3254042576194145,1.3261972059933183,1.3269108564021401,1.3275531400665355,1.3281311938666143,1.328651454929389,1.3291196931086506,1.3295411058925584,1.3299203663085457,1.3300233154238381,1.330115967147955,1.3301993523579736,1.3302743928789187,1.3303419311599676,1.330402714247942,1.330457409750758,1.3310197597205509,1.3315258906117045,1.3319814131285632,1.3321451932270338,1.332292601916406,1.3324252763453508,1.3325446788067257,1.3326521444484538],[1.6549586776859495,1.6277892540519427,1.615054772210022,1.6130853259410245,1.6190009883425596,1.630552504992714,1.6459930651716121,1.6639753722588597,1.6834689466122434,1.7036938848021643,1.7240676928029963,1.7441629675985435,1.763673349494988,1.782386677312773,1.8001633525291425,1.816919483789772,1.8326132942527191,1.8472344576906614,1.8607958482511666,1.8733270039817846,1.8848690807374968,1.8954707533492925,1.9051854860330746,1.9140690559457603,1.9221779437541127,1.9295679463681426,1.9362935337375007,1.942406913427534,1.9479578352610545,1.9529932758556805,1.9575572639023975,1.961690840821129,1.9654321517879847,1.9688163976213096,1.9718760283912573,1.9746408522042742,1.976197092308162,1.977603007262143,1.9788726300781025,1.9800187654864543,1.9810531251913943,1.9819863284017416,1.9828280400394618,1.985623622307017,1.9881440352531545,1.9904159334507316,1.9919722112785532,1.9933754064240068,1.9946403485947954,1.9957804562818613,1.996807892641377]]},{"__meta":{"schema_version":3,"schema_name":"TwoDimTableV3","schema_type":"TwoDimTable"},"name":"Scoring History","description":"","columns":[{"__meta":{"schema_version":-1,"schema_name":"ColumnSpecsBase","schema_type":"Iced"},"name":"","type":"string","format":"%s","description":""},{"__meta":{"schema_version":-1,"schema_name":"ColumnSpecsBase","schema_type":"Iced"},"name":"timestamp","type":"string","format":"%s","description":"Timestamp"},{"__meta":{"schema_version":-1,"schema_name":"ColumnSpecsBase","schema_type":"Iced"},"name":"duration","type":"string","format":"%s","description":"Duration"},{"__meta":{"schema_version":-1,"schema_name":"ColumnSpecsBase","schema_type":"Iced"},"name":"number_of_trees","type":"long","format":"%d","description":"Number of Trees"},{"__meta":{"schema_version":-1,"schema_name":"ColumnSpecsBase","schema_type":"Iced"},"name":"training_rmse","type":"double","format":"%.5f","description":"Training RMSE"},{"__meta":{"schema_version":-1,"schema_name":"ColumnSpecsBase","schema_type":"Iced"},"name":"training_mae","type":"double","format":"%.5f","description":"Training MAE"},{"__meta":{"schema_version":-1,"schema_name":"ColumnSpecsBase","schema_type":"Iced"},"name":"training_deviance","type":"double","format":"%.5f","description":"Training Deviance"},{"__meta":{"schema_version":-1,"schema_name":"ColumnSpecsBase","schema_type":"Iced"},"name":"validation_rmse","type":"double","format":"%.5f","description":"Validation RMSE"},{"__meta":{"schema_version":-1,"schema_name":"ColumnSpecsBase","schema_type":"Iced"},"name":"validation_mae","type":"double","format":"%.5f","description":"Validation MAE"},{"__meta":{"schema_version":-1,"schema_name":"ColumnSpecsBase","schema_type":"Iced"},"name":"validation_deviance","type":"double","format":"%.5f","description":"Validation Deviance"}],"rowcount":51,"data":[["","","","","","","","","","","","","","","","","","","","","","","","","","","","","","","","","","","","","","","","","","","","","","","","","","",""],["2021-09-30 20:23:19","2021-09-30 20:23:19","2021-09-30 20:23:19","2021-09-30 20:23:19","2021-09-30 20:23:19","2021-09-30 20:23:19","2021-09-30 20:23:19","2021-09-30 20:23:19","2021-09-30 20:23:19","2021-09-30 20:23:19","2021-09-30 20:23:19","2021-09-30 20:23:19","2021-09-30 20:23:19","2021-09-30 20:23:19","2021-09-30 20:23:19","2021-09-30 20:23:19","2021-09-30 20:23:19","2021-09-30 20:23:19","2021-09-30 20:23:19","2021-09-30 20:23:19","2021-09-30 20:23:19","2021-09-30 20:23:19","2021-09-30 20:23:19","2021-09-30 20:23:19","2021-09-30 20:23:19","2021-09-30 20:23:19","2021-09-30 20:23:19","2021-09-30 20:23:19","2021-09-30 20:23:19","2021-09-30 20:23:19","2021-09-30 20:23:19","2021-09-30 20:23:19","2021-09-30 20:23:19","2021-09-30 20:23:19","2021-09-30 20:23:19","2021-09-30 20:23:19","2021-09-30 20:23:19","2021-09-30 20:23:19","2021-09-30 20:23:19","2021-09-30 20:23:19","2021-09-30 20:23:19","2021-09-30 20:23:19","2021-09-30 20:23:20","2021-09-30 20:23:20","2021-09-30 20:23:20","2021-09-30 20:23:20","2021-09-30 20:23:20","2021-09-30 20:23:20","2021-09-30 20:23:20","2021-09-30 20:23:20","2021-09-30 20:23:20"],[" 0.017 sec"," 0.053 sec"," 0.057 sec"," 0.060 sec"," 0.062 sec"," 0.065 sec"," 0.067 sec"," 0.070 sec"," 0.072 sec"," 0.075 sec"," 0.078 sec"," 0.081 sec"," 0.084 sec"," 0.087 sec"," 0.090 sec"," 0.094 sec"," 0.097 sec"," 0.100 sec"," 0.103 sec"," 0.106 sec"," 0.108 sec"," 0.111 sec"," 0.114 sec"," 0.117 sec"," 0.119 sec"," 0.123 sec"," 0.126 sec"," 0.129 sec"," 0.133 sec"," 0.137 sec"," 0.140 sec"," 0.142 sec"," 0.146 sec"," 0.149 sec"," 0.152 sec"," 0.155 sec"," 0.159 sec"," 0.162 sec"," 0.166 sec"," 0.168 sec"," 0.171 sec"," 0.175 sec"," 0.178 sec"," 0.181 sec"," 0.185 sec"," 0.188 sec"," 0.192 sec"," 0.195 sec"," 0.199 sec"," 0.202 sec"," 0.205 sec"],[0,1,2,3,4,5,6,7,8,9,10,11,12,13,14,15,16,17,18,19,20,21,22,23,24,25,26,27,28,29,30,31,32,33,34,35,36,37,38,39,40,41,42,43,44,45,46,47,48,49,50],[1.372463664253189,1.2848196609829945,1.2091802754077465,1.1442529478752324,1.0888274194398573,1.0417732089371383,1.0020409811462458,0.9686638672849847,0.940760702749944,0.9175373683661636,0.8982865535540772,0.8823855390251703,0.8692925411048215,0.8585408020633385,0.849732150461244,0.8425296786965666,0.836650221678582,0.8318573959541578,0.8279548619318707,0.8247802481756554,0.8221998679883438,0.8201037841399688,0.8184020431261466,0.8170210290010018,0.815900668817917,0.8149920750534249,0.814255351811449,0.8136581185265225,0.8131740445739443,0.8127817314180826,0.812463820094462,0.8122062215319016,0.8119975069304959,0.8118284055339761,0.8116914062503688,0.8115804176576179,0.8114905083183341,0.8114176775842696,0.8113586739063317,0.8113108800825657,0.8112721644731858,0.8112408068780921,0.8112154068617091,0.8111948293236849,0.8111781617352949,0.8111646597965079,0.8111537242672882,0.8111448663095304,0.8111376924693132,0.8111318805596237,0.8111271743340657],[1.1634349030470914,1.0850414978830438,1.0344320849368447,0.9888836459109658,0.9478900809037057,0.9109957343653629,0.8777909529836554,0.8479065393146715,0.8210105394062243,0.7968041771336606,0.7750185916298314,0.7554114994249845,0.737765161614669,0.7218833973533229,0.707589726699026,0.694725513458252,0.6831477566769248,0.6727277354190224,0.663349703738564,0.6549094099747507,0.6473132685611123,0.6404766283537212,0.6343237726311934,0.6287861874229029,0.6238022352519789,0.6193168288783023,0.6152798251101845,0.611646526738217,0.6083766535708779,0.6054337401139108,0.6027851355703253,0.6004014015197754,0.5982560107582494,0.5963251465245297,0.5945873260498047,0.5930232750742059,0.5916156517831903,0.5903488711306923,0.5892086280019659,0.5881824744375128,0.5872588910554585,0.5864277889854029,0.5856797820643375,0.5850064629002621,0.5844005283556486,0.5838551270334345,0.5833643110174882,0.5829225841321444,0.5825251278124357,0.5821673242669356,0.5818454089917635],[1.8836565096952906,1.650761561248457,1.4621169384351536,1.309314808721159,1.1855451493240587,1.0852914188591825,1.004086127896531,0.9383096877835023,0.8850306998385684,0.8418748223483051,0.8069187322960619,0.7786042394807402,0.7556695220204778,0.7370923088075606,0.72204472752749,0.7098562594845398,0.6999835934348204,0.6919867272036323,0.6855092533966232,0.6802624577806957,0.6760126229200499,0.6725702167606965,0.6697819041930512,0.6675233618298558,0.6656939013775244,0.6642120823998874,0.6630117779535866,0.6620395338441205,0.6612520267687471,0.6606141429269763,0.6600974589624864,0.6596789462951285,0.6593399512613407,0.6590653600318379,0.6588429389807013,0.6586627743253135,0.6585168450907484,0.6583986474962498,0.658302897723041,0.6582253441403473,0.658162524849008,0.658111646744218,0.6580704363298082,0.6580370511214824,0.6580100100762521,0.6579881053027844,0.6579703643926917,0.657955994140306,0.6579443561444421,0.6579349276601917,0.6579272929431658],[1.1556996737555756,1.1347024407220971,1.1213022367751149,1.1138594980661434,1.1109789509827792,1.1115047014568873,1.1145011323227851,1.1192259711294565,1.1251007269358395,1.1316818915719322,1.1386349263529687,1.1457118185927069,1.1527323463585906,1.1595688242688664,1.1661338490061428,1.1723706408328824,1.178245428366607,1.1837415276095615,1.1888547947190462,1.193590085710046,1.1979585681516625,1.2019757152065063,1.2056597142058678,1.2090303479085498,1.2121081213573857,1.214913639101539,1.2174671876008374,1.219788386504442,1.2218959942731882,1.2238077673166285,1.2255403948431334,1.2271094627343213,1.2285294556645852,1.229813773516938,1.2309747658941623,1.2320237807852203,1.2329712234183714,1.2338266138735814,1.2345986412631398,1.2352952199711145,1.2359235608145995,1.2364902101687927,1.2370011289447806,1.2374617138032553,1.237876847180655,1.2382509537503745,1.2385880441233206,1.2388917473743257,1.2391653358351016,1.2394117736823267,1.2396337348192128],[1.0964912280701753,1.0785087712370511,1.0623245598388866,1.0477587741129752,1.034649566649214,1.0228512717672344,1.0122328076773044,1.002676180155392,0.9940752218428409,0.9863343672467426,0.9793676014319713,0.9730975105378187,0.9674544289969559,0.9623756522574182,0.9578047468277967,0.953690937622205,0.9499885119138316,0.9466563180505639,0.943657346126999,0.940958272955756,0.9385291054485396,0.9363428548860705,0.934375234005417,0.9326043718600676,0.9310105913114454,0.9295761935053424,0.9282852284561253,0.9271233670674915,0.926077702915982,0.9251366012603075,0.924289603444968,0.9235272998329283,0.9228412185901806,0.9222237462516905,0.921668024305785,0.9211678777733537,0.9207177514704595,0.9203126385293311,0.9199480329591191,0.9196198974861639,0.9193245763201142,0.9190587873055941,0.9188195739784929,0.9186042820112655,0.9184105271793156,0.9182361478392919,0.9180792127871218,0.9179379815555363,0.9178108726569404,0.9176964635155039,0.9175934984707149],[1.3356417359187438,1.2875496289806845,1.2573187061968756,1.2406829814321607,1.2342742295267963,1.235442701360764,1.24211277394877,1.252666774450675,1.2658516457515547,1.2807039037118266,1.2964894955108304,1.312655571263008,1.3287918623413817,1.3445998582162815,1.3598681537978816,1.3744529194869035,1.3882622894668095,1.4012440041874186,1.4133757229264654,1.4246572927053152,1.4351047310079812,1.444745619946192,1.4536153464589747,1.4617543821638692,1.469206097860531,1.4760151504749441,1.4822263528846928,1.4878837078511105,1.493029820820863,1.4977054513445112,1.5019492593922632,1.5057976335321148,1.5092846234355222,1.5124419175319705,1.5152988742681879,1.5178825964203086,1.5202180377777956,1.5223281131027477,1.5242338050087907,1.5259542804834838,1.5275070481766388,1.528908039843265,1.530171793010662,1.53131149312889,1.5323390887859187,1.5332654244637123,1.5341003430452325,1.5348527617122103,1.53553072953532,1.5361415447423712,1.5366917965018303]]},{"__meta":{"schema_version":3,"schema_name":"TwoDimTableV3","schema_type":"TwoDimTable"},"name":"Scoring History","description":"","columns":[{"__meta":{"schema_version":-1,"schema_name":"ColumnSpecsBase","schema_type":"Iced"},"name":"","type":"string","format":"%s","description":""},{"__meta":{"schema_version":-1,"schema_name":"ColumnSpecsBase","schema_type":"Iced"},"name":"timestamp","type":"string","format":"%s","description":"Timestamp"},{"__meta":{"schema_version":-1,"schema_name":"ColumnSpecsBase","schema_type":"Iced"},"name":"duration","type":"string","format":"%s","description":"Duration"},{"__meta":{"schema_version":-1,"schema_name":"ColumnSpecsBase","schema_type":"Iced"},"name":"number_of_trees","type":"long","format":"%d","description":"Number of Trees"},{"__meta":{"schema_version":-1,"schema_name":"ColumnSpecsBase","schema_type":"Iced"},"name":"training_rmse","type":"double","format":"%.5f","description":"Training RMSE"},{"__meta":{"schema_version":-1,"schema_name":"ColumnSpecsBase","schema_type":"Iced"},"name":"training_mae","type":"double","format":"%.5f","description":"Training MAE"},{"__meta":{"schema_version":-1,"schema_name":"ColumnSpecsBase","schema_type":"Iced"},"name":"training_deviance","type":"double","format":"%.5f","description":"Training Deviance"},{"__meta":{"schema_version":-1,"schema_name":"ColumnSpecsBase","schema_type":"Iced"},"name":"validation_rmse","type":"double","format":"%.5f","description":"Validation RMSE"},{"__meta":{"schema_version":-1,"schema_name":"ColumnSpecsBase","schema_type":"Iced"},"name":"validation_mae","type":"double","format":"%.5f","description":"Validation MAE"},{"__meta":{"schema_version":-1,"schema_name":"ColumnSpecsBase","schema_type":"Iced"},"name":"validation_deviance","type":"double","format":"%.5f","description":"Validation Deviance"}],"rowcount":51,"data":[["","","","","","","","","","","","","","","","","","","","","","","","","","","","","","","","","","","","","","","","","","","","","","","","","","",""],["2021-09-30 20:23:19","2021-09-30 20:23:19","2021-09-30 20:23:19","2021-09-30 20:23:19","2021-09-30 20:23:19","2021-09-30 20:23:19","2021-09-30 20:23:19","2021-09-30 20:23:19","2021-09-30 20:23:19","2021-09-30 20:23:19","2021-09-30 20:23:19","2021-09-30 20:23:19","2021-09-30 20:23:19","2021-09-30 20:23:19","2021-09-30 20:23:19","2021-09-30 20:23:19","2021-09-30 20:23:19","2021-09-30 20:23:19","2021-09-30 20:23:19","2021-09-30 20:23:19","2021-09-30 20:23:19","2021-09-30 20:23:19","2021-09-30 20:23:19","2021-09-30 20:23:19","2021-09-30 20:23:19","2021-09-30 20:23:19","2021-09-30 20:23:19","2021-09-30 20:23:19","2021-09-30 20:23:19","2021-09-30 20:23:19","2021-09-30 20:23:19","2021-09-30 20:23:19","2021-09-30 20:23:19","2021-09-30 20:23:19","2021-09-30 20:23:19","2021-09-30 20:23:19","2021-09-30 20:23:19","2021-09-30 20:23:19","2021-09-30 20:23:19","2021-09-30 20:23:19","2021-09-30 20:23:20","2021-09-30 20:23:20","2021-09-30 20:23:20","2021-09-30 20:23:20","2021-09-30 20:23:20","2021-09-30 20:23:20","2021-09-30 20:23:20","2021-09-30 20:23:20","2021-09-30 20:23:20","2021-09-30 20:23:20","2021-09-30 20:23:20"],[" 0.016 sec"," 0.053 sec"," 0.057 sec"," 0.059 sec"," 0.062 sec"," 0.066 sec"," 0.069 sec"," 0.072 sec"," 0.075 sec"," 0.078 sec"," 0.083 sec"," 0.086 sec"," 0.089 sec"," 0.094 sec"," 0.097 sec"," 0.100 sec"," 0.103 sec"," 0.106 sec"," 0.108 sec"," 0.112 sec"," 0.115 sec"," 0.119 sec"," 0.122 sec"," 0.125 sec"," 0.128 sec"," 0.131 sec"," 0.134 sec"," 0.137 sec"," 0.140 sec"," 0.143 sec"," 0.145 sec"," 0.148 sec"," 0.152 sec"," 0.155 sec"," 0.159 sec"," 0.162 sec"," 0.165 sec"," 0.168 sec"," 0.172 sec"," 0.175 sec"," 0.178 sec"," 0.181 sec"," 0.185 sec"," 0.188 sec"," 0.192 sec"," 0.195 sec"," 0.198 sec"," 0.201 sec"," 0.204 sec"," 0.207 sec"," 0.211 sec"],[0,1,2,3,4,5,6,7,8,9,10,11,12,13,14,15,16,17,18,19,20,21,22,23,24,25,26,27,28,29,30,31,32,33,34,35,36,37,38,39,40,41,42,43,44,45,46,47,48,49,50],[1.4166581857402705,1.338288972657138,1.271273305186942,1.2142824609975562,1.1660798194658535,1.1255233075065523,1.0915686161154645,1.0632707422654455,1.039784997461067,1.020365426732794,1.004360324031117,0.9912067611189365,0.9804230900708678,0.9716005248041389,0.9643950705825982,0.95851898966522,0.9537328181934477,0.9498383235759973,0.9466720469964841,0.9440995790419711,0.9420107475080122,0.940315369938595,0.9389398830032781,0.9378242649818066,0.9369196399292657,0.936186244895237,0.9355917643101784,0.9351099674050217,0.9347195365569178,0.9344031533523648,0.9341468092679933,0.933939116367004,0.9337708516517852,0.9336345368568894,0.933524112416675,0.9334351565928878,0.9333630962215316,0.9333047254428244,0.9332574414957395,0.9332191412105783,0.9331881151553508,0.9331629833450595,0.933142626978506,0.9331261366326861,0.9331127814546554,0.9331019618798542,0.9330931972407046,0.9330863956953208,0.9330808858876366,0.9330764223956869,0.9330728061081588],[1.2318339100346019,1.1698270124547623,1.1140207683338839,1.063795201918658,1.0185921612907858,0.9779093125287224,0.9412948664496926,0.9083419126622817,0.8786840999827665,0.8519922144272748,0.8279694108402028,0.8063488848069135,0.786890562842874,0.76937796087826,0.7559315176571116,0.7438678180470186,0.7330104603486902,0.7232388328103458,0.7144443848553825,0.7065293648663689,0.6994059226092171,0.6929947348201976,0.6872247247134938,0.6820317436667049,0.6773579821867102,0.6731516333187327,0.6693658828735352,0.6659586850334617,0.6628923416137695,0.6601325203390682,0.6576486475327435,0.6554132349350873,0.6534012626199162,0.6515905436347512,0.649960994720459,0.6484526746413287,0.6470951753504136,0.6458734063541188,0.6447738198673024,0.6437842144685633,0.6428935668047737,0.6420920035418343,0.6413705489214729,0.6407212650074678,0.6401369150947122,0.6396109917584587,0.6391376327065861,0.6387301332810346,0.6383633613586426,0.6380332778481876,0.6377360961016487],[2.0069204152249145,1.7910173743356983,1.6161358164809319,1.4744818950862817,1.3597421453655176,1.2668027157404889,1.1915220436882303,1.1305446713577112,1.081152840945111,1.0411456040715967,1.0087396604878904,0.9824908432878923,0.9612294355441089,0.9440075797996783,0.9300578521640145,0.9187586535488341,0.909606288499216,0.902192840933661,0.8961879645645133,0.891324015147227,0.8873842484206039,0.8841929949427568,0.8816081038942096,0.8795143519886658,0.8778184116851849,0.8764446851310448,0.8753319494450326,0.8744306511402208,0.8737006120211791,0.8731092529948429,0.8726302612655726,0.8722422730803802,0.8719280033945003,0.8716734484119784,0.8714672684633409,0.8713011915635889,0.871166669388244,0.8710577105339058,0.8709694521071737,0.8708979655218092,0.8708400582671963,0.8707931534854518,0.8707551622843472,0.8707243868670422,0.8706994629140434,0.8706792712640329,0.8706629147368804,0.8706502218316847,0.8706399396088567,0.8706316100307343,0.8706248614985538],[1.081457430050014,0.9691356391348954,0.8721758791305025,0.7894979345980624,0.720091231882712,0.662961438881633,0.617078753016546,0.5813397027761809,0.5545551122701442,0.5354706661125217,0.5228153901346935,0.5153630982917752,0.5119888680568038,0.5117079126059896,0.5136927628140827,0.517271907769443,0.5219160628429909,0.5272182707365971,0.532872506406415,0.5386535284571511,0.5443993176739677,0.5499964955460283,0.5553685481695121,0.5604666285417762,0.5652623418594728,0.569742262470233,0.5739037457152908,0.5777517368774806,0.5812964299402336,0.5845514762773358,0.5875326362909389,0.59025686011668,0.5927415548709459,0.595004080498646,0.5970614214540041,0.598968980300314,0.6006993693186266,0.6022676352817624,0.6036878494301916,0.6049730960443039,0.606135496597809,0.6071862348181519,0.6081355853564323,0.608992965355033,0.6097669949069564,0.6104655602200216,0.6110958307947756,0.6117298142072888,0.6123011608030801,0.6128159809506901,0.613279808675643],[0.8529411764705883,0.7526470637770699,0.6623823550420211,0.5811441173667418,0.5449002966394318,0.5254102669765843,0.5078692444709731,0.49208232659079565,0.47787409686647786,0.4650866926291628,0.45357802292496396,0.4432202232179834,0.4338982034584178,0.4255083826480104,0.4228768452303484,0.42058915563393384,0.4185302348341793,0.4166772124590352,0.4150094888173044,0.41350853897165507,0.4121576795587316,0.41094190813601017,0.4098477063816972,0.4088629208272323,0.40797661419492215,0.40717894554836676,0.4064610458444804,0.40581492803175934,0.4052334275038447,0.4047100773022976,0.404239054012578,0.4038151362037752,0.40343360326369293,0.40309022925794125,0.4027811934502097,0.40243353143159766,0.402120630882564,0.40183902280114125,0.4015855779143749,0.40135747693420853,0.40115218663413543,0.40096743013418745,0.40080115107411984,0.4006514957291074,0.4005168011499336,0.400395577220479,0.4002864768845029,0.4002864768845029,0.4002864768845029,0.4002864768845029,0.4002864768845029],[1.1695501730103808,0.9392238870414023,0.7606907641370649,0.6233069887346063,0.5185313822343617,0.4395178694440051,0.38078618742445536,0.33795585002389833,0.3075313725449523,0.28672883426698764,0.2733359321616917,0.2655991230808979,0.26213260101408725,0.2618449878235791,0.2638802545675655,0.2675702265674392,0.2723963766535287,0.27795910499848775,0.2839531080838549,0.2901476237193389,0.29637061708388157,0.30249614511291223,0.30843422429591166,0.3141228417089853,0.3195215151244554,0.32460624564469986,0.3293655093460412,0.3337970694649456,0.33790553946126084,0.34170042841801274,0.3451945987069807,0.3484031609148019,0.3513425508708266,0.3540298558100392,0.3564823409886759,0.3587638393619979,0.36083973229979566,0.362726304507886,0.36443901954964975,0.36599244693743066,0.3674002402358725,0.3686751237526439,0.36982889017681053,0.37087243185191643,0.37181578807786014,0.3726682002147449,0.37343811441475694,0.3742133655900841,0.3749127115207993,0.37554342650855654,0.37611212372923325]]}],"reproducibility_information_table":[{"__meta":{"schema_version":3,"schema_name":"TwoDimTableV3","schema_type":"TwoDimTable"},"name":"Node Information","description":"","columns":[{"__meta":{"schema_version":-1,"schema_name":"ColumnSpecsBase","schema_type":"Iced"},"name":"","type":"string","format":"%s","description":""},{"__meta":{"schema_version":-1,"schema_name":"ColumnSpecsBase","schema_type":"Iced"},"name":"node","type":"int","format":"%d","description":"node"},{"__meta":{"schema_version":-1,"schema_name":"ColumnSpecsBase","schema_type":"Iced"},"name":"h2o","type":"string","format":"%s","description":"h2o"},{"__meta":{"schema_version":-1,"schema_name":"ColumnSpecsBase","schema_type":"Iced"},"name":"healthy","type":"string","format":"%s","description":"healthy"},{"__meta":{"schema_version":-1,"schema_name":"ColumnSpecsBase","schema_type":"Iced"},"name":"last_ping","type":"string","format":"%s","description":"last_ping"},{"__meta":{"schema_version":-1,"schema_name":"ColumnSpecsBase","schema_type":"Iced"},"name":"num_cpus","type":"int","format":"%d","description":"num_cpus"},{"__meta":{"schema_version":-1,"schema_name":"ColumnSpecsBase","schema_type":"Iced"},"name":"sys_load","type":"double","format":"%.5f","description":"sys_load"},{"__meta":{"schema_version":-1,"schema_name":"ColumnSpecsBase","schema_type":"Iced"},"name":"mem_value_size","type":"long","format":"%d","description":"mem_value_size"},{"__meta":{"schema_version":-1,"schema_name":"ColumnSpecsBase","schema_type":"Iced"},"name":"free_mem","type":"long","format":"%d","description":"free_mem"},{"__meta":{"schema_version":-1,"schema_name":"ColumnSpecsBase","schema_type":"Iced"},"name":"pojo_mem","type":"long","format":"%d","description":"pojo_mem"},{"__meta":{"schema_version":-1,"schema_name":"ColumnSpecsBase","schema_type":"Iced"},"name":"swap_mem","type":"long","format":"%d","description":"swap_mem"},{"__meta":{"schema_version":-1,"schema_name":"ColumnSpecsBase","schema_type":"Iced"},"name":"free_disc","type":"long","format":"%d","description":"free_disc"},{"__meta":{"schema_version":-1,"schema_name":"ColumnSpecsBase","schema_type":"Iced"},"name":"max_disc","type":"long","format":"%d","description":"max_disc"},{"__meta":{"schema_version":-1,"schema_name":"ColumnSpecsBase","schema_type":"Iced"},"name":"pid","type":"int","format":"%d","description":"pid"},{"__meta":{"schema_version":-1,"schema_name":"ColumnSpecsBase","schema_type":"Iced"},"name":"num_keys","type":"int","format":"%d","description":"num_keys"},{"__meta":{"schema_version":-1,"schema_name":"ColumnSpecsBase","schema_type":"Iced"},"name":"tcps_active","type":"string","format":"%s","description":"tcps_active"},{"__meta":{"schema_version":-1,"schema_name":"ColumnSpecsBase","schema_type":"Iced"},"name":"open_fds","type":"int","format":"%d","description":"open_fds"},{"__meta":{"schema_version":-1,"schema_name":"ColumnSpecsBase","schema_type":"Iced"},"name":"rpcs_active","type":"string","format":"%s","description":"rpcs_active"},{"__meta":{"schema_version":-1,"schema_name":"ColumnSpecsBase","schema_type":"Iced"},"name":"nthreads","type":"int","format":"%d","description":"nthreads"},{"__meta":{"schema_version":-1,"schema_name":"ColumnSpecsBase","schema_type":"Iced"},"name":"is_leader","type":"string","format":"%s","description":"is_leader"},{"__meta":{"schema_version":-1,"schema_name":"ColumnSpecsBase","schema_type":"Iced"},"name":"total_mem","type":"long","format":"%d","description":"total_mem"},{"__meta":{"schema_version":-1,"schema_name":"ColumnSpecsBase","schema_type":"Iced"},"name":"max_mem","type":"long","format":"%d","description":"max_mem"},{"__meta":{"schema_version":-1,"schema_name":"ColumnSpecsBase","schema_type":"Iced"},"name":"java_version","type":"string","format":"%s","description":"java_version"},{"__meta":{"schema_version":-1,"schema_name":"ColumnSpecsBase","schema_type":"Iced"},"name":"jvm_launch_parameters","type":"string","format":"%s","description":"jvm_launch_parameters"},{"__meta":{"schema_version":-1,"schema_name":"ColumnSpecsBase","schema_type":"Iced"},"name":"os_version","type":"string","format":"%s","description":"os_version"},{"__meta":{"schema_version":-1,"schema_name":"ColumnSpecsBase","schema_type":"Iced"},"name":"machine_physical_mem","type":"long","format":"%d","description":"machine_physical_mem"},{"__meta":{"schema_version":-1,"schema_name":"ColumnSpecsBase","schema_type":"Iced"},"name":"machine_locale","type":"string","format":"%s","description":"machine_locale"}],"rowcount":1,"data":[[""],[0],["127.0.0.1:54321"],["true"],["1633026199906"],[8],[0.8334041],[10283893],[4253226123],[0],[0],[48483008512],[106766008320],[16644],[4949],["\u0000"],[-1],["\u0000"],[8],["true"],[442499072],[4263510016],["Java 11.0.7 (from Oracle Corporation)"],["[]"],["Windows 10 10.0 (amd64)"],[17052135424],["en_US"]]},{"__meta":{"schema_version":3,"schema_name":"TwoDimTableV3","schema_type":"TwoDimTable"},"name":"Cluster Configuration","description":"","columns":[{"__meta":{"schema_version":-1,"schema_name":"ColumnSpecsBase","schema_type":"Iced"},"name":"","type":"string","format":"%s","description":""},{"__meta":{"schema_version":-1,"schema_name":"ColumnSpecsBase","schema_type":"Iced"},"name":"h2o_cluster_uptime","type":"long","format":"%d","description":"H2O cluster uptime"},{"__meta":{"schema_version":-1,"schema_name":"ColumnSpecsBase","schema_type":"Iced"},"name":"h2o_cluster_timezone","type":"string","format":"%s","description":"H2O cluster timezone"},{"__meta":{"schema_version":-1,"schema_name":"ColumnSpecsBase","schema_type":"Iced"},"name":"h2o_data_parsing_timezone","type":"string","format":"%s","description":"H2O data parsing timezone"},{"__meta":{"schema_version":-1,"schema_name":"ColumnSpecsBase","schema_type":"Iced"},"name":"h2o_cluster_version","type":"string","format":"%s","description":"H2O cluster version"},{"__meta":{"schema_version":-1,"schema_name":"ColumnSpecsBase","schema_type":"Iced"},"name":"h2o_cluster_version_age","type":"string","format":"%s","description":"H2O cluster version age"},{"__meta":{"schema_version":-1,"schema_name":"ColumnSpecsBase","schema_type":"Iced"},"name":"h2o_cluster_name","type":"string","format":"%s","description":"H2O cluster name"},{"__meta":{"schema_version":-1,"schema_name":"ColumnSpecsBase","schema_type":"Iced"},"name":"h2o_cluster_total_nodes","type":"int","format":"%d","description":"H2O cluster total nodes"},{"__meta":{"schema_version":-1,"schema_name":"ColumnSpecsBase","schema_type":"Iced"},"name":"h2o_cluster_free_memory","type":"long","format":"%d","description":"H2O cluster free memory"},{"__meta":{"schema_version":-1,"schema_name":"ColumnSpecsBase","schema_type":"Iced"},"name":"h2o_cluster_total_cores","type":"int","format":"%d","description":"H2O cluster total cores"},{"__meta":{"schema_version":-1,"schema_name":"ColumnSpecsBase","schema_type":"Iced"},"name":"h2o_cluster_allowed_cores","type":"int","format":"%d","description":"H2O cluster allowed cores"},{"__meta":{"schema_version":-1,"schema_name":"ColumnSpecsBase","schema_type":"Iced"},"name":"h2o_cluster_status","type":"string","format":"%s","description":"H2O cluster status"},{"__meta":{"schema_version":-1,"schema_name":"ColumnSpecsBase","schema_type":"Iced"},"name":"h2o_internal_security","type":"string","format":"%s","description":"H2O internal security"},{"__meta":{"schema_version":-1,"schema_name":"ColumnSpecsBase","schema_type":"Iced"},"name":"h2o_api_extensions","type":"string","format":"%s","description":"H2O API Extensions"}],"rowcount":1,"data":[[""],[26906],["Europe/Berlin"],["UTC"],["3.32.1.5"],["1 month and 26 days"],["H2O_from_python_alina_54531v"],[1],[4253226123],[8],[8],["locked, healthly"],["false"],["Amazon S3, Algos, AutoML, Core V3, TargetEncoder, Core V4"]]},{"__meta":{"schema_version":3,"schema_name":"TwoDimTableV3","schema_type":"TwoDimTable"},"name":"Input Frames Information","description":"","columns":[{"__meta":{"schema_version":-1,"schema_name":"ColumnSpecsBase","schema_type":"Iced"},"name":"","type":"string","format":"%s","description":""},{"__meta":{"schema_version":-1,"schema_name":"ColumnSpecsBase","schema_type":"Iced"},"name":"input_frame","type":"string","format":"%s","description":"Input Frame"},{"__meta":{"schema_version":-1,"schema_name":"ColumnSpecsBase","schema_type":"Iced"},"name":"checksum","type":"long","format":"%d","description":"Checksum"},{"__meta":{"schema_version":-1,"schema_name":"ColumnSpecsBase","schema_type":"Iced"},"name":"espc","type":"string","format":"%d","description":"ESPC"}],"rowcount":3,"data":[["","",""],["training_frame","validation_frame","calibration_frame"],[1509629435539664613,1509629256983806079,-1],["[0, 25]","[0, 5]","-1"]]}],"training_metrics":{"__meta":{"schema_version":3,"schema_name":"ModelMetricsRegressionV3","schema_type":"ModelMetricsRegression"},"model":{"__meta":{"schema_version":3,"schema_name":"ModelKeyV3","schema_type":"Key<Model>"},"name":"alc_free_2std_gbm_model","type":"Key<Model>","URL":"/3/Models/alc_free_2std_gbm_model"},"model_checksum":2135649749455846784,"frame":{"__meta":{"schema_version":3,"schema_name":"FrameKeyV3","schema_type":"Key<Frame>"},"name":"py_33_sid_ad02","type":"Key<Frame>","URL":"/3/Frames/py_33_sid_ad02"},"frame_checksum":1396491167482635744,"description":null,"model_category":"Regression","scoring_time":1633026200162,"predictions":null,"MSE":0.6653669558418187,"RMSE":0.8157002855472215,"nobs":25,"custom_metric_name":null,"custom_metric_value":0.0,"r2":0.6135182644970854,"mean_residual_deviance":0.6653669558418187,"mae":0.5542657470703125,"rmsle":0.10348964686888633},"validation_metrics":{"__meta":{"schema_version":3,"schema_name":"ModelMetricsRegressionV3","schema_type":"ModelMetricsRegression"},"model":{"__meta":{"schema_version":3,"schema_name":"ModelKeyV3","schema_type":"Key<Model>"},"name":"alc_free_2std_gbm_model","type":"Key<Model>","URL":"/3/Models/alc_free_2std_gbm_model"},"model_checksum":2135649749455846784,"frame":{"__meta":{"schema_version":3,"schema_name":"FrameKeyV3","schema_type":"Key<Frame>"},"name":"py_34_sid_ad02","type":"Key<Frame>","URL":"/3/Frames/py_34_sid_ad02"},"frame_checksum":-791700000182415792,"description":null,"model_category":"Regression","scoring_time":1633026200162,"predictions":null,"MSE":1.5719142166233862,"RMSE":1.2537600315145583,"nobs":5,"custom_metric_name":null,"custom_metric_value":0.0,"r2":-0.6374106423160377,"mean_residual_deviance":1.5719142166233862,"mae":1.1708786745383406,"rmsle":0.15157843723248896},"cross_validation_metrics":{"__meta":{"schema_version":3,"schema_name":"ModelMetricsRegressionV3","schema_type":"ModelMetricsRegression"},"model":{"__meta":{"schema_version":3,"schema_name":"ModelKeyV3","schema_type":"Key<Model>"},"name":"alc_free_2std_gbm_model","type":"Key<Model>","URL":"/3/Models/alc_free_2std_gbm_model"},"model_checksum":2135649749455846784,"frame":{"__meta":{"schema_version":3,"schema_name":"FrameKeyV3","schema_type":"Key<Frame>"},"name":"py_33_sid_ad02","type":"Key<Frame>","URL":"/3/Frames/py_33_sid_ad02"},"frame_checksum":1396491167482635744,"description":"4-fold cross-validation on training data (Metrics computed for combined holdout predictions)","model_category":"Regression","scoring_time":1633026200169,"predictions":null,"MSE":1.5272418030660386,"RMSE":1.235816249717586,"nobs":25,"custom_metric_name":null,"custom_metric_value":0.0,"r2":0.11289393409268333,"mean_residual_deviance":1.5272418030660386,"mae":0.908668979677767,"rmsle":0.15569785060838845},"cross_validation_metrics_summary":{"__meta":{"schema_version":3,"schema_name":"TwoDimTableV3","schema_type":"TwoDimTable"},"name":"Cross-Validation Metrics Summary","description":"","columns":[{"__meta":{"schema_version":-1,"schema_name":"ColumnSpecsBase","schema_type":"Iced"},"name":"","type":"string","format":"%s","description":""},{"__meta":{"schema_version":-1,"schema_name":"ColumnSpecsBase","schema_type":"Iced"},"name":"mean","type":"string","format":"%s","description":"mean"},{"__meta":{"schema_version":-1,"schema_name":"ColumnSpecsBase","schema_type":"Iced"},"name":"sd","type":"string","format":"%s","description":"sd"},{"__meta":{"schema_version":-1,"schema_name":"ColumnSpecsBase","schema_type":"Iced"},"name":"cv_1_valid","type":"string","format":"%s","description":"cv_1_valid"},{"__meta":{"schema_version":-1,"schema_name":"ColumnSpecsBase","schema_type":"Iced"},"name":"cv_2_valid","type":"string","format":"%s","description":"cv_2_valid"},{"__meta":{"schema_version":-1,"schema_name":"ColumnSpecsBase","schema_type":"Iced"},"name":"cv_3_valid","type":"string","format":"%s","description":"cv_3_valid"},{"__meta":{"schema_version":-1,"schema_name":"ColumnSpecsBase","schema_type":"Iced"},"name":"cv_4_valid","type":"string","format":"%s","description":"cv_4_valid"}],"rowcount":7,"data":[["mae","mean_residual_deviance","mse","r2","residual_deviance","rmse","rmsle"],["0.9754741","1.6012021","1.6012021","-2.0494525","1.6012021","1.2114043","0.15132584"],["0.42343146","0.9056742","0.9056742","4.007804","0.9056742","0.4222191","0.052648954"],["1.2513644","2.4951968","2.4951968","0.07155471","2.4951968","1.5796192","0.20264052"],["1.3326521","1.9968079","1.9968079","-7.9856353","1.9968079","1.4130845","0.17119919"],["0.9175935","1.5366918","1.5366918","-0.9076174","1.5366918","1.2396337","0.1528379"],["0.40028647","0.37611213","0.37611213","0.6238879","0.37611213","0.6132798","0.078625746"]]},"status":null,"start_time":1633026200050,"end_time":1633026200167,"run_time":117,"default_threshold":0.5,"help":{"domains":"Domains for categorical columns", "__meta":"Metadata on this schema instance, to make it self-describing.", "help":"Help information for output fields", "training_metrics":"Training data model metrics", "cross_validation_models":"Cross-validation models (model ids)", "cross_validation_predictions":"Cross-validation predictions, one per cv model (deprecated, use cross_validation_holdout_predictions_frame_id instead)", "cross_validation_metrics_summary":"Cross-validation model metrics summary", "status":"Job status", "reproducibility_information_table":"Model reproducibility information", "variable_importances":"Variable Importances", "model_summary":"Model summary", "end_time":"End time in milliseconds", "names":"Column names", "cross_validation_fold_assignment_frame_id":"Cross-validation fold assignment (each row is assigned to one holdout fold)", "run_time":"Runtime in milliseconds", "default_threshold":"Default threshold used for predictions", "scoring_history":"Scoring history", "cross_validation_holdout_predictions_frame_id":"Cross-validation holdout predictions (full out-of-sample predictions on training data)", "init_f":"The Intercept term, the initial model function value to which trees make adjustments", "model_category":"Category of the model (e.g., Binomial)", "column_types":"Column types", "original_names":"Original column names", "start_time":"Start time in milliseconds", "cv_scoring_history":"Cross-Validation scoring history", "cross_validation_metrics":"Cross-validation model metrics", "validation_metrics":"Validation data model metrics"},"variable_importances":{"__meta":{"schema_version":3,"schema_name":"TwoDimTableV3","schema_type":"TwoDimTable"},"name":"Variable Importances","description":"","columns":[{"__meta":{"schema_version":-1,"schema_name":"ColumnSpecsBase","schema_type":"Iced"},"name":"variable","type":"string","format":"%s","description":"Variable"},{"__meta":{"schema_version":-1,"schema_name":"ColumnSpecsBase","schema_type":"Iced"},"name":"relative_importance","type":"double","format":"%5f","description":"Relative Importance"},{"__meta":{"schema_version":-1,"schema_name":"ColumnSpecsBase","schema_type":"Iced"},"name":"scaled_importance","type":"double","format":"%5f","description":"Scaled Importance"},{"__meta":{"schema_version":-1,"schema_name":"ColumnSpecsBase","schema_type":"Iced"},"name":"percentage","type":"double","format":"%5f","description":"Percentage"}],"rowcount":2,"data":[["flavor","style"],[102.48837280273438,36.48956298828125],[1.0,0.3560361238100144],[0.7374434813656215,0.26255651863437846]]},"init_f":7.28},"compatible_frames":null}
