{"__meta":{"schema_version":3,"schema_name":"DRFModelV3","schema_type":"DRFModel"},"model_id":{"__meta":{"schema_version":3,"schema_name":"ModelKeyV3","schema_type":"Key<Model>"},"name":"beer_all_drf_model","type":"Key<Model>","URL":"/3/Models/beer_all_drf_model"},"algo":"drf","algo_full_name":"Distributed Random Forest","response_column_name":"rating","data_frame":{"__meta":{"schema_version":3,"schema_name":"FrameKeyV3","schema_type":"Key<Frame>"},"name":"py_77_sid_b9ee","type":"Key<Frame>","URL":"/3/Frames/py_77_sid_b9ee"},"timestamp":1629754050757,"have_pojo":true,"have_mojo":true,"algo":"drf","algo_full_name":"Distributed Random Forest","model_id":{"__meta":{"schema_version":3,"schema_name":"ModelKeyV3","schema_type":"Key<Model>"},"name":"beer_all_drf_model","type":"Key<Model>","URL":"/3/Models/beer_all_drf_model"},"parameters":[{"__meta":{"schema_version":3,"schema_name":"ModelParameterSchemaV3","schema_type":"Iced"},"name":"model_id","label":"model_id","help":"Destination id for this model; auto-generated if not specified.","required":false,"type":"Key<Model>","default_value":null,"actual_value":{"__meta":{"schema_version":3,"schema_name":"ModelKeyV3","schema_type":"Key<Model>"},"name":"beer_all_drf_model","type":"Key<Model>","URL":"/3/Models/beer_all_drf_model"},"input_value":null,"level":"critical","values":[],"is_member_of_frames":[],"is_mutually_exclusive_with":[],"gridable":false},{"__meta":{"schema_version":3,"schema_name":"ModelParameterSchemaV3","schema_type":"Iced"},"name":"training_frame","label":"training_frame","help":"Id of the training data frame.","required":false,"type":"Key<Frame>","default_value":null,"actual_value":{"__meta":{"schema_version":3,"schema_name":"FrameKeyV3","schema_type":"Key<Frame>"},"name":"py_77_sid_b9ee","type":"Key<Frame>","URL":"/3/Frames/py_77_sid_b9ee"},"input_value":{"__meta":{"schema_version":3,"schema_name":"FrameKeyV3","schema_type":"Key<Frame>"},"name":"py_77_sid_b9ee","type":"Key<Frame>","URL":"/3/Frames/py_77_sid_b9ee"},"level":"critical","values":[],"is_member_of_frames":[],"is_mutually_exclusive_with":[],"gridable":false},{"__meta":{"schema_version":3,"schema_name":"ModelParameterSchemaV3","schema_type":"Iced"},"name":"validation_frame","label":"validation_frame","help":"Id of the validation data frame.","required":false,"type":"Key<Frame>","default_value":null,"actual_value":{"__meta":{"schema_version":3,"schema_name":"FrameKeyV3","schema_type":"Key<Frame>"},"name":"py_78_sid_b9ee","type":"Key<Frame>","URL":"/3/Frames/py_78_sid_b9ee"},"input_value":{"__meta":{"schema_version":3,"schema_name":"FrameKeyV3","schema_type":"Key<Frame>"},"name":"py_78_sid_b9ee","type":"Key<Frame>","URL":"/3/Frames/py_78_sid_b9ee"},"level":"critical","values":[],"is_member_of_frames":[],"is_mutually_exclusive_with":[],"gridable":true},{"__meta":{"schema_version":3,"schema_name":"ModelParameterSchemaV3","schema_type":"Iced"},"name":"nfolds","label":"nfolds","help":"Number of folds for K-fold cross-validation (0 to disable or >= 2).","required":false,"type":"int","default_value":0,"actual_value":4,"input_value":4,"level":"critical","values":[],"is_member_of_frames":[],"is_mutually_exclusive_with":[],"gridable":false},{"__meta":{"schema_version":3,"schema_name":"ModelParameterSchemaV3","schema_type":"Iced"},"name":"keep_cross_validation_models","label":"keep_cross_validation_models","help":"Whether to keep the cross-validation models.","required":false,"type":"boolean","default_value":true,"actual_value":true,"input_value":true,"level":"expert","values":[],"is_member_of_frames":[],"is_mutually_exclusive_with":[],"gridable":false},{"__meta":{"schema_version":3,"schema_name":"ModelParameterSchemaV3","schema_type":"Iced"},"name":"keep_cross_validation_predictions","label":"keep_cross_validation_predictions","help":"Whether to keep the predictions of the cross-validation models.","required":false,"type":"boolean","default_value":false,"actual_value":false,"input_value":false,"level":"expert","values":[],"is_member_of_frames":[],"is_mutually_exclusive_with":[],"gridable":false},{"__meta":{"schema_version":3,"schema_name":"ModelParameterSchemaV3","schema_type":"Iced"},"name":"keep_cross_validation_fold_assignment","label":"keep_cross_validation_fold_assignment","help":"Whether to keep the cross-validation fold assignment.","required":false,"type":"boolean","default_value":false,"actual_value":false,"input_value":false,"level":"expert","values":[],"is_member_of_frames":[],"is_mutually_exclusive_with":[],"gridable":false},{"__meta":{"schema_version":3,"schema_name":"ModelParameterSchemaV3","schema_type":"Iced"},"name":"score_each_iteration","label":"score_each_iteration","help":"Whether to score during each iteration of model training.","required":false,"type":"boolean","default_value":false,"actual_value":false,"input_value":false,"level":"secondary","values":[],"is_member_of_frames":[],"is_mutually_exclusive_with":[],"gridable":false},{"__meta":{"schema_version":3,"schema_name":"ModelParameterSchemaV3","schema_type":"Iced"},"name":"score_tree_interval","label":"score_tree_interval","help":"Score the model after every so many trees. Disabled if set to 0.","required":false,"type":"int","default_value":0,"actual_value":0,"input_value":0,"level":"secondary","values":[],"is_member_of_frames":[],"is_mutually_exclusive_with":[],"gridable":false},{"__meta":{"schema_version":3,"schema_name":"ModelParameterSchemaV3","schema_type":"Iced"},"name":"fold_assignment","label":"fold_assignment","help":"Cross-validation fold assignment scheme, if fold_column is not specified. The 'Stratified' option will stratify the folds based on the response variable, for classification problems.","required":false,"type":"enum","default_value":"AUTO","actual_value":"Random","input_value":"Random","level":"secondary","values":["AUTO","Random","Modulo","Stratified"],"is_member_of_frames":[],"is_mutually_exclusive_with":[],"gridable":true},{"__meta":{"schema_version":3,"schema_name":"ModelParameterSchemaV3","schema_type":"Iced"},"name":"fold_column","label":"fold_column","help":"Column with cross-validation fold index assignment per observation.","required":false,"type":"VecSpecifier","default_value":null,"actual_value":null,"input_value":null,"level":"secondary","values":[],"is_member_of_frames":["training_frame"],"is_mutually_exclusive_with":["response_column","weights_column","ignored_columns","offset_column"],"gridable":true},{"__meta":{"schema_version":3,"schema_name":"ModelParameterSchemaV3","schema_type":"Iced"},"name":"response_column","label":"response_column","help":"Response variable column.","required":false,"type":"VecSpecifier","default_value":null,"actual_value":{"__meta":{"schema_version":3,"schema_name":"ColSpecifierV3","schema_type":"VecSpecifier"},"column_name":"rating","is_member_of_frames":null},"input_value":{"__meta":{"schema_version":3,"schema_name":"ColSpecifierV3","schema_type":"VecSpecifier"},"column_name":"rating","is_member_of_frames":null},"level":"critical","values":[],"is_member_of_frames":["training_frame","validation_frame"],"is_mutually_exclusive_with":["weights_column","ignored_columns","offset_column","fold_column"],"gridable":true},{"__meta":{"schema_version":3,"schema_name":"ModelParameterSchemaV3","schema_type":"Iced"},"name":"ignored_columns","label":"ignored_columns","help":"Names of columns to ignore for training.","required":false,"type":"string[]","default_value":null,"actual_value":["name","pasteurization","occurrence","filtration","method","fermentation","split"],"input_value":["name","pasteurization","occurrence","filtration","method","fermentation","split"],"level":"critical","values":[],"is_member_of_frames":["training_frame","validation_frame"],"is_mutually_exclusive_with":["response_column","weights_column","offset_column","fold_column"],"gridable":false},{"__meta":{"schema_version":3,"schema_name":"ModelParameterSchemaV3","schema_type":"Iced"},"name":"ignore_const_cols","label":"ignore_const_cols","help":"Ignore constant columns.","required":false,"type":"boolean","default_value":true,"actual_value":true,"input_value":true,"level":"critical","values":[],"is_member_of_frames":[],"is_mutually_exclusive_with":[],"gridable":false},{"__meta":{"schema_version":3,"schema_name":"ModelParameterSchemaV3","schema_type":"Iced"},"name":"offset_column","label":"offset_column","help":"Offset column. This will be added to the combination of columns before applying the link function.","required":false,"type":"VecSpecifier","default_value":null,"actual_value":null,"input_value":null,"level":"secondary","values":[],"is_member_of_frames":["training_frame","validation_frame"],"is_mutually_exclusive_with":["response_column","weights_column","ignored_columns","fold_column"],"gridable":true},{"__meta":{"schema_version":3,"schema_name":"ModelParameterSchemaV3","schema_type":"Iced"},"name":"weights_column","label":"weights_column","help":"Column with observation weights. Giving some observation a weight of zero is equivalent to excluding it from the dataset; giving an observation a relative weight of 2 is equivalent to repeating that row twice. Negative weights are not allowed. Note: Weights are per-row observation weights and do not increase the size of the data frame. This is typically the number of times a row is repeated, but non-integer values are supported as well. During training, rows with higher weights matter more, due to the larger loss function pre-factor.","required":false,"type":"VecSpecifier","default_value":null,"actual_value":null,"input_value":null,"level":"secondary","values":[],"is_member_of_frames":["training_frame","validation_frame"],"is_mutually_exclusive_with":["response_column","ignored_columns","offset_column","fold_column"],"gridable":true},{"__meta":{"schema_version":3,"schema_name":"ModelParameterSchemaV3","schema_type":"Iced"},"name":"balance_classes","label":"balance_classes","help":"Balance training data class counts via over/under-sampling (for imbalanced data).","required":false,"type":"boolean","default_value":false,"actual_value":false,"input_value":false,"level":"secondary","values":[],"is_member_of_frames":[],"is_mutually_exclusive_with":[],"gridable":true},{"__meta":{"schema_version":3,"schema_name":"ModelParameterSchemaV3","schema_type":"Iced"},"name":"class_sampling_factors","label":"class_sampling_factors","help":"Desired over/under-sampling ratios per class (in lexicographic order). If not specified, sampling factors will be automatically computed to obtain class balance during training. Requires balance_classes.","required":false,"type":"float[]","default_value":null,"actual_value":null,"input_value":null,"level":"expert","values":[],"is_member_of_frames":[],"is_mutually_exclusive_with":[],"gridable":true},{"__meta":{"schema_version":3,"schema_name":"ModelParameterSchemaV3","schema_type":"Iced"},"name":"max_after_balance_size","label":"max_after_balance_size","help":"Maximum relative size of the training data after balancing class counts (can be less than 1.0). Requires balance_classes.","required":false,"type":"float","default_value":5.0,"actual_value":5.0,"input_value":5.0,"level":"expert","values":[],"is_member_of_frames":[],"is_mutually_exclusive_with":[],"gridable":true},{"__meta":{"schema_version":3,"schema_name":"ModelParameterSchemaV3","schema_type":"Iced"},"name":"max_confusion_matrix_size","label":"max_confusion_matrix_size","help":"[Deprecated] Maximum size (# classes) for confusion matrices to be printed in the Logs","required":false,"type":"int","default_value":20,"actual_value":20,"input_value":20,"level":"secondary","values":[],"is_member_of_frames":[],"is_mutually_exclusive_with":[],"gridable":false},{"__meta":{"schema_version":3,"schema_name":"ModelParameterSchemaV3","schema_type":"Iced"},"name":"ntrees","label":"ntrees","help":"Number of trees.","required":false,"type":"int","default_value":50,"actual_value":50,"input_value":50,"level":"critical","values":[],"is_member_of_frames":[],"is_mutually_exclusive_with":[],"gridable":true},{"__meta":{"schema_version":3,"schema_name":"ModelParameterSchemaV3","schema_type":"Iced"},"name":"max_depth","label":"max_depth","help":"Maximum tree depth (0 for unlimited).","required":false,"type":"int","default_value":20,"actual_value":20,"input_value":20,"level":"critical","values":[],"is_member_of_frames":[],"is_mutually_exclusive_with":[],"gridable":true},{"__meta":{"schema_version":3,"schema_name":"ModelParameterSchemaV3","schema_type":"Iced"},"name":"min_rows","label":"min_rows","help":"Fewest allowed (weighted) observations in a leaf.","required":false,"type":"double","default_value":1.0,"actual_value":1.0,"input_value":1.0,"level":"critical","values":[],"is_member_of_frames":[],"is_mutually_exclusive_with":[],"gridable":true},{"__meta":{"schema_version":3,"schema_name":"ModelParameterSchemaV3","schema_type":"Iced"},"name":"nbins","label":"nbins","help":"For numerical columns (real/int), build a histogram of (at least) this many bins, then split at the best point","required":false,"type":"int","default_value":20,"actual_value":13,"input_value":13,"level":"critical","values":[],"is_member_of_frames":[],"is_mutually_exclusive_with":[],"gridable":true},{"__meta":{"schema_version":3,"schema_name":"ModelParameterSchemaV3","schema_type":"Iced"},"name":"nbins_top_level","label":"nbins_top_level","help":"For numerical columns (real/int), build a histogram of (at most) this many bins at the root level, then decrease by factor of two per level","required":false,"type":"int","default_value":1024,"actual_value":16,"input_value":16,"level":"secondary","values":[],"is_member_of_frames":[],"is_mutually_exclusive_with":[],"gridable":true},{"__meta":{"schema_version":3,"schema_name":"ModelParameterSchemaV3","schema_type":"Iced"},"name":"nbins_cats","label":"nbins_cats","help":"For categorical columns (factors), build a histogram of this many bins, then split at the best point. Higher values can lead to more overfitting.","required":false,"type":"int","default_value":1024,"actual_value":1024,"input_value":1024,"level":"secondary","values":[],"is_member_of_frames":[],"is_mutually_exclusive_with":[],"gridable":true},{"__meta":{"schema_version":3,"schema_name":"ModelParameterSchemaV3","schema_type":"Iced"},"name":"r2_stopping","label":"r2_stopping","help":"r2_stopping is no longer supported and will be ignored if set - please use stopping_rounds, stopping_metric and stopping_tolerance instead. Previous version of H2O would stop making trees when the R^2 metric equals or exceeds this","required":false,"type":"double","default_value":1.7976931348623157E308,"actual_value":1.7976931348623157E308,"input_value":1.7976931348623157E308,"level":"secondary","values":[],"is_member_of_frames":[],"is_mutually_exclusive_with":[],"gridable":true},{"__meta":{"schema_version":3,"schema_name":"ModelParameterSchemaV3","schema_type":"Iced"},"name":"stopping_rounds","label":"stopping_rounds","help":"Early stopping based on convergence of stopping_metric. Stop if simple moving average of length k of the stopping_metric does not improve for k:=stopping_rounds scoring events (0 to disable)","required":false,"type":"int","default_value":0,"actual_value":0,"input_value":0,"level":"secondary","values":[],"is_member_of_frames":[],"is_mutually_exclusive_with":[],"gridable":true},{"__meta":{"schema_version":3,"schema_name":"ModelParameterSchemaV3","schema_type":"Iced"},"name":"stopping_metric","label":"stopping_metric","help":"Metric to use for early stopping (AUTO: logloss for classification, deviance for regression and anonomaly_score for Isolation Forest). Note that custom and custom_increasing can only be used in GBM and DRF with the Python client.","required":false,"type":"enum","default_value":"AUTO","actual_value":null,"input_value":"AUTO","level":"secondary","values":["AUTO","deviance","logloss","MSE","RMSE","MAE","RMSLE","AUC","AUCPR","lift_top_group","misclassification","mean_per_class_error","anomaly_score","custom","custom_increasing"],"is_member_of_frames":[],"is_mutually_exclusive_with":[],"gridable":true},{"__meta":{"schema_version":3,"schema_name":"ModelParameterSchemaV3","schema_type":"Iced"},"name":"stopping_tolerance","label":"stopping_tolerance","help":"Relative tolerance for metric-based stopping criterion (stop if relative improvement is not at least this much)","required":false,"type":"double","default_value":0.001,"actual_value":0.001,"input_value":0.001,"level":"secondary","values":[],"is_member_of_frames":[],"is_mutually_exclusive_with":[],"gridable":true},{"__meta":{"schema_version":3,"schema_name":"ModelParameterSchemaV3","schema_type":"Iced"},"name":"max_runtime_secs","label":"max_runtime_secs","help":"Maximum allowed runtime in seconds for model training. Use 0 to disable.","required":false,"type":"double","default_value":0.0,"actual_value":0.0,"input_value":0.0,"level":"secondary","values":[],"is_member_of_frames":[],"is_mutually_exclusive_with":[],"gridable":true},{"__meta":{"schema_version":3,"schema_name":"ModelParameterSchemaV3","schema_type":"Iced"},"name":"seed","label":"seed","help":"Seed for pseudo random number generator (if applicable)","required":false,"type":"long","default_value":-1,"actual_value":12,"input_value":12,"level":"critical","values":[],"is_member_of_frames":[],"is_mutually_exclusive_with":[],"gridable":true},{"__meta":{"schema_version":3,"schema_name":"ModelParameterSchemaV3","schema_type":"Iced"},"name":"build_tree_one_node","label":"build_tree_one_node","help":"Run on one node only; no network overhead but fewer cpus used. Suitable for small datasets.","required":false,"type":"boolean","default_value":false,"actual_value":true,"input_value":true,"level":"expert","values":[],"is_member_of_frames":[],"is_mutually_exclusive_with":[],"gridable":false},{"__meta":{"schema_version":3,"schema_name":"ModelParameterSchemaV3","schema_type":"Iced"},"name":"mtries","label":"mtries","help":"Number of variables randomly sampled as candidates at each split. If set to -1, defaults to sqrt{p} for classification and p/3 for regression (where p is the # of predictors","required":false,"type":"int","default_value":-1,"actual_value":4,"input_value":4,"level":"critical","values":[],"is_member_of_frames":[],"is_mutually_exclusive_with":[],"gridable":true},{"__meta":{"schema_version":3,"schema_name":"ModelParameterSchemaV3","schema_type":"Iced"},"name":"sample_rate","label":"sample_rate","help":"Row sample rate per tree (from 0.0 to 1.0)","required":false,"type":"double","default_value":0.632,"actual_value":0.632,"input_value":0.632,"level":"critical","values":[],"is_member_of_frames":[],"is_mutually_exclusive_with":[],"gridable":true},{"__meta":{"schema_version":3,"schema_name":"ModelParameterSchemaV3","schema_type":"Iced"},"name":"sample_rate_per_class","label":"sample_rate_per_class","help":"A list of row sample rates per class (relative fraction for each class, from 0.0 to 1.0), for each tree","required":false,"type":"double[]","default_value":null,"actual_value":null,"input_value":null,"level":"expert","values":[],"is_member_of_frames":[],"is_mutually_exclusive_with":[],"gridable":true},{"__meta":{"schema_version":3,"schema_name":"ModelParameterSchemaV3","schema_type":"Iced"},"name":"binomial_double_trees","label":"binomial_double_trees","help":"For binary classification: Build 2x as many trees (one per class) - can lead to higher accuracy.","required":false,"type":"boolean","default_value":false,"actual_value":false,"input_value":false,"level":"expert","values":[],"is_member_of_frames":[],"is_mutually_exclusive_with":[],"gridable":false},{"__meta":{"schema_version":3,"schema_name":"ModelParameterSchemaV3","schema_type":"Iced"},"name":"checkpoint","label":"checkpoint","help":"Model checkpoint to resume training with.","required":false,"type":"Key<Model>","default_value":null,"actual_value":null,"input_value":null,"level":"secondary","values":[],"is_member_of_frames":[],"is_mutually_exclusive_with":[],"gridable":false},{"__meta":{"schema_version":3,"schema_name":"ModelParameterSchemaV3","schema_type":"Iced"},"name":"col_sample_rate_change_per_level","label":"col_sample_rate_change_per_level","help":"Relative change of the column sampling rate for every level (must be > 0.0 and <= 2.0)","required":false,"type":"double","default_value":1.0,"actual_value":1.0,"input_value":1.0,"level":"expert","values":[],"is_member_of_frames":[],"is_mutually_exclusive_with":[],"gridable":true},{"__meta":{"schema_version":3,"schema_name":"ModelParameterSchemaV3","schema_type":"Iced"},"name":"col_sample_rate_per_tree","label":"col_sample_rate_per_tree","help":"Column sample rate per tree (from 0.0 to 1.0)","required":false,"type":"double","default_value":1.0,"actual_value":1.0,"input_value":1.0,"level":"secondary","values":[],"is_member_of_frames":[],"is_mutually_exclusive_with":[],"gridable":true},{"__meta":{"schema_version":3,"schema_name":"ModelParameterSchemaV3","schema_type":"Iced"},"name":"min_split_improvement","label":"min_split_improvement","help":"Minimum relative improvement in squared error reduction for a split to happen","required":false,"type":"double","default_value":1.0E-5,"actual_value":1.0E-5,"input_value":1.0E-5,"level":"secondary","values":[],"is_member_of_frames":[],"is_mutually_exclusive_with":[],"gridable":true},{"__meta":{"schema_version":3,"schema_name":"ModelParameterSchemaV3","schema_type":"Iced"},"name":"histogram_type","label":"histogram_type","help":"What type of histogram to use for finding optimal split points","required":false,"type":"enum","default_value":"AUTO","actual_value":"UniformAdaptive","input_value":"AUTO","level":"secondary","values":["AUTO","UniformAdaptive","Random","QuantilesGlobal","RoundRobin"],"is_member_of_frames":[],"is_mutually_exclusive_with":[],"gridable":true},{"__meta":{"schema_version":3,"schema_name":"ModelParameterSchemaV3","schema_type":"Iced"},"name":"categorical_encoding","label":"categorical_encoding","help":"Encoding scheme for categorical features","required":false,"type":"enum","default_value":"AUTO","actual_value":"Enum","input_value":"Enum","level":"secondary","values":["AUTO","Enum","OneHotInternal","OneHotExplicit","Binary","Eigen","LabelEncoder","SortByResponse","EnumLimited"],"is_member_of_frames":[],"is_mutually_exclusive_with":[],"gridable":true},{"__meta":{"schema_version":3,"schema_name":"ModelParameterSchemaV3","schema_type":"Iced"},"name":"calibrate_model","label":"calibrate_model","help":"Use Platt Scaling to calculate calibrated class probabilities. Calibration can provide more accurate estimates of class probabilities.","required":false,"type":"boolean","default_value":false,"actual_value":false,"input_value":false,"level":"expert","values":[],"is_member_of_frames":[],"is_mutually_exclusive_with":[],"gridable":false},{"__meta":{"schema_version":3,"schema_name":"ModelParameterSchemaV3","schema_type":"Iced"},"name":"calibration_frame","label":"calibration_frame","help":"Calibration frame for Platt Scaling","required":false,"type":"Key<Frame>","default_value":null,"actual_value":null,"input_value":null,"level":"expert","values":[],"is_member_of_frames":[],"is_mutually_exclusive_with":[],"gridable":false},{"__meta":{"schema_version":3,"schema_name":"ModelParameterSchemaV3","schema_type":"Iced"},"name":"distribution","label":"distribution","help":"Distribution function","required":false,"type":"enum","default_value":"AUTO","actual_value":"gaussian","input_value":"gaussian","level":"secondary","values":["AUTO","bernoulli","quasibinomial","ordinal","multinomial","gaussian","poisson","gamma","tweedie","laplace","quantile","huber","custom"],"is_member_of_frames":[],"is_mutually_exclusive_with":[],"gridable":true},{"__meta":{"schema_version":3,"schema_name":"ModelParameterSchemaV3","schema_type":"Iced"},"name":"custom_metric_func","label":"custom_metric_func","help":"Reference to custom evaluation function, format: `language:keyName=funcName`","required":false,"type":"string","default_value":null,"actual_value":null,"input_value":null,"level":"secondary","values":[],"is_member_of_frames":[],"is_mutually_exclusive_with":[],"gridable":false},{"__meta":{"schema_version":3,"schema_name":"ModelParameterSchemaV3","schema_type":"Iced"},"name":"export_checkpoints_dir","label":"export_checkpoints_dir","help":"Automatically export generated models to this directory.","required":false,"type":"string","default_value":null,"actual_value":null,"input_value":null,"level":"secondary","values":[],"is_member_of_frames":[],"is_mutually_exclusive_with":[],"gridable":false},{"__meta":{"schema_version":3,"schema_name":"ModelParameterSchemaV3","schema_type":"Iced"},"name":"check_constant_response","label":"check_constant_response","help":"Check if response column is constant. If enabled, then an exception is thrown if the response column is a constant value.If disabled, then model will train regardless of the response column being a constant value or not.","required":false,"type":"boolean","default_value":true,"actual_value":true,"input_value":true,"level":"expert","values":[],"is_member_of_frames":[],"is_mutually_exclusive_with":[],"gridable":false},{"__meta":{"schema_version":3,"schema_name":"ModelParameterSchemaV3","schema_type":"Iced"},"name":"gainslift_bins","label":"gainslift_bins","help":"Gains/Lift table number of bins. 0 means disabled.. Default value -1 means automatic binning.","required":false,"type":"int","default_value":-1,"actual_value":-1,"input_value":-1,"level":"secondary","values":[],"is_member_of_frames":[],"is_mutually_exclusive_with":[],"gridable":false},{"__meta":{"schema_version":3,"schema_name":"ModelParameterSchemaV3","schema_type":"Iced"},"name":"auc_type","label":"auc_type","help":"Set default multinomial AUC type.","required":false,"type":"enum","default_value":"AUTO","actual_value":"AUTO","input_value":"AUTO","level":"secondary","values":["AUTO","NONE","MACRO_OVR","WEIGHTED_OVR","MACRO_OVO","WEIGHTED_OVO"],"is_member_of_frames":[],"is_mutually_exclusive_with":[],"gridable":true}],"output":{"__meta":{"schema_version":3,"schema_name":"DRFModelOutputV3","schema_type":"DRFOutput"},"names":["style","flavor","abv","perception","rating"],"original_names":null,"column_types":["Enum","Enum","Numeric","Enum","Numeric"],"domains":[["ale","alt","blonde","dark","keller","lager","mix","pils","soda","wheat"],["fruit","herb","lemon","standard"],null,["drive","refresh","tasty","too_strong","weak"],null],"cross_validation_models":[{"__meta":{"schema_version":3,"schema_name":"ModelKeyV3","schema_type":"Key<Model>"},"name":"beer_all_drf_model_cv_1","type":"Key<Model>","URL":"/3/Models/beer_all_drf_model_cv_1"},{"__meta":{"schema_version":3,"schema_name":"ModelKeyV3","schema_type":"Key<Model>"},"name":"beer_all_drf_model_cv_2","type":"Key<Model>","URL":"/3/Models/beer_all_drf_model_cv_2"},{"__meta":{"schema_version":3,"schema_name":"ModelKeyV3","schema_type":"Key<Model>"},"name":"beer_all_drf_model_cv_3","type":"Key<Model>","URL":"/3/Models/beer_all_drf_model_cv_3"},{"__meta":{"schema_version":3,"schema_name":"ModelKeyV3","schema_type":"Key<Model>"},"name":"beer_all_drf_model_cv_4","type":"Key<Model>","URL":"/3/Models/beer_all_drf_model_cv_4"}],"cross_validation_predictions":null,"cross_validation_holdout_predictions_frame_id":null,"cross_validation_fold_assignment_frame_id":null,"model_category":"Regression","model_summary":{"__meta":{"schema_version":3,"schema_name":"TwoDimTableV3","schema_type":"TwoDimTable"},"name":"Model Summary","description":"","columns":[{"__meta":{"schema_version":-1,"schema_name":"ColumnSpecsBase","schema_type":"Iced"},"name":"","type":"string","format":"%s","description":""},{"__meta":{"schema_version":-1,"schema_name":"ColumnSpecsBase","schema_type":"Iced"},"name":"number_of_trees","type":"long","format":"%d","description":"Number of Trees"},{"__meta":{"schema_version":-1,"schema_name":"ColumnSpecsBase","schema_type":"Iced"},"name":"number_of_internal_trees","type":"long","format":"%d","description":"Number of Internal Trees"},{"__meta":{"schema_version":-1,"schema_name":"ColumnSpecsBase","schema_type":"Iced"},"name":"model_size_in_bytes","type":"long","format":"%d","description":"Model Size in Bytes"},{"__meta":{"schema_version":-1,"schema_name":"ColumnSpecsBase","schema_type":"Iced"},"name":"min_depth","type":"long","format":"%d","description":"Min. Depth"},{"__meta":{"schema_version":-1,"schema_name":"ColumnSpecsBase","schema_type":"Iced"},"name":"max_depth","type":"long","format":"%d","description":"Max. Depth"},{"__meta":{"schema_version":-1,"schema_name":"ColumnSpecsBase","schema_type":"Iced"},"name":"mean_depth","type":"double","format":"%.5f","description":"Mean Depth"},{"__meta":{"schema_version":-1,"schema_name":"ColumnSpecsBase","schema_type":"Iced"},"name":"min_leaves","type":"long","format":"%d","description":"Min. Leaves"},{"__meta":{"schema_version":-1,"schema_name":"ColumnSpecsBase","schema_type":"Iced"},"name":"max_leaves","type":"long","format":"%d","description":"Max. Leaves"},{"__meta":{"schema_version":-1,"schema_name":"ColumnSpecsBase","schema_type":"Iced"},"name":"mean_leaves","type":"double","format":"%.5f","description":"Mean Leaves"}],"rowcount":1,"data":[[""],[50],[50],[36928],[10],[15],[12.34],[45],[62],[54.14]]},"scoring_history":{"__meta":{"schema_version":3,"schema_name":"TwoDimTableV3","schema_type":"TwoDimTable"},"name":"Scoring History","description":"","columns":[{"__meta":{"schema_version":-1,"schema_name":"ColumnSpecsBase","schema_type":"Iced"},"name":"","type":"string","format":"%s","description":""},{"__meta":{"schema_version":-1,"schema_name":"ColumnSpecsBase","schema_type":"Iced"},"name":"timestamp","type":"string","format":"%s","description":"Timestamp"},{"__meta":{"schema_version":-1,"schema_name":"ColumnSpecsBase","schema_type":"Iced"},"name":"duration","type":"string","format":"%s","description":"Duration"},{"__meta":{"schema_version":-1,"schema_name":"ColumnSpecsBase","schema_type":"Iced"},"name":"number_of_trees","type":"long","format":"%d","description":"Number of Trees"},{"__meta":{"schema_version":-1,"schema_name":"ColumnSpecsBase","schema_type":"Iced"},"name":"training_rmse","type":"double","format":"%.5f","description":"Training RMSE"},{"__meta":{"schema_version":-1,"schema_name":"ColumnSpecsBase","schema_type":"Iced"},"name":"training_mae","type":"double","format":"%.5f","description":"Training MAE"},{"__meta":{"schema_version":-1,"schema_name":"ColumnSpecsBase","schema_type":"Iced"},"name":"training_deviance","type":"double","format":"%.5f","description":"Training Deviance"},{"__meta":{"schema_version":-1,"schema_name":"ColumnSpecsBase","schema_type":"Iced"},"name":"validation_rmse","type":"double","format":"%.5f","description":"Validation RMSE"},{"__meta":{"schema_version":-1,"schema_name":"ColumnSpecsBase","schema_type":"Iced"},"name":"validation_mae","type":"double","format":"%.5f","description":"Validation MAE"},{"__meta":{"schema_version":-1,"schema_name":"ColumnSpecsBase","schema_type":"Iced"},"name":"validation_deviance","type":"double","format":"%.5f","description":"Validation Deviance"}],"rowcount":51,"data":[["","","","","","","","","","","","","","","","","","","","","","","","","","","","","","","","","","","","","","","","","","","","","","","","","","",""],["2021-08-23 23:27:30","2021-08-23 23:27:30","2021-08-23 23:27:30","2021-08-23 23:27:30","2021-08-23 23:27:30","2021-08-23 23:27:30","2021-08-23 23:27:30","2021-08-23 23:27:30","2021-08-23 23:27:30","2021-08-23 23:27:30","2021-08-23 23:27:30","2021-08-23 23:27:30","2021-08-23 23:27:30","2021-08-23 23:27:30","2021-08-23 23:27:30","2021-08-23 23:27:30","2021-08-23 23:27:30","2021-08-23 23:27:30","2021-08-23 23:27:30","2021-08-23 23:27:30","2021-08-23 23:27:30","2021-08-23 23:27:30","2021-08-23 23:27:30","2021-08-23 23:27:30","2021-08-23 23:27:30","2021-08-23 23:27:30","2021-08-23 23:27:30","2021-08-23 23:27:30","2021-08-23 23:27:30","2021-08-23 23:27:30","2021-08-23 23:27:30","2021-08-23 23:27:30","2021-08-23 23:27:30","2021-08-23 23:27:30","2021-08-23 23:27:30","2021-08-23 23:27:30","2021-08-23 23:27:30","2021-08-23 23:27:30","2021-08-23 23:27:30","2021-08-23 23:27:30","2021-08-23 23:27:30","2021-08-23 23:27:30","2021-08-23 23:27:30","2021-08-23 23:27:30","2021-08-23 23:27:30","2021-08-23 23:27:30","2021-08-23 23:27:30","2021-08-23 23:27:30","2021-08-23 23:27:30","2021-08-23 23:27:30","2021-08-23 23:27:30"],[" 0.259 sec"," 0.263 sec"," 0.265 sec"," 0.267 sec"," 0.269 sec"," 0.271 sec"," 0.274 sec"," 0.277 sec"," 0.280 sec"," 0.282 sec"," 0.285 sec"," 0.287 sec"," 0.290 sec"," 0.292 sec"," 0.295 sec"," 0.298 sec"," 0.300 sec"," 0.303 sec"," 0.305 sec"," 0.308 sec"," 0.311 sec"," 0.313 sec"," 0.316 sec"," 0.319 sec"," 0.321 sec"," 0.324 sec"," 0.327 sec"," 0.329 sec"," 0.332 sec"," 0.335 sec"," 0.337 sec"," 0.340 sec"," 0.343 sec"," 0.346 sec"," 0.348 sec"," 0.351 sec"," 0.354 sec"," 0.357 sec"," 0.359 sec"," 0.362 sec"," 0.365 sec"," 0.368 sec"," 0.371 sec"," 0.374 sec"," 0.377 sec"," 0.380 sec"," 0.384 sec"," 0.387 sec"," 0.390 sec"," 0.394 sec"," 0.400 sec"],[0,1,2,3,4,5,6,7,8,9,10,11,12,13,14,15,16,17,18,19,20,21,22,23,24,25,26,27,28,29,30,31,32,33,34,35,36,37,38,39,40,41,42,43,44,45,46,47,48,49,50],["NaN",2.1632122335223114,2.199887673502514,2.2070346303974446,2.2044629076737916,2.246609522181938,2.1963644151705246,2.187553967191703,2.155084924526213,2.145518231182791,2.0863001530309586,2.0583610908427303,2.032616929968675,2.0334803689406353,2.052512363036795,2.017859210054514,2.0269293865011604,2.0114154250589125,2.030920139981849,2.0432002577521797,2.0475861185793343,2.0290880001925866,2.0465746266049534,2.0413290058334903,2.0441332189357624,2.0504801670898023,2.045270174919065,2.0459013928198186,2.0504820695694947,2.0378151321049716,2.034436198580593,2.035118899758398,2.0362238852474115,2.0330452106367174,2.032854223931459,2.0310418610167287,2.029247678662097,2.034713983777322,2.0438123369579397,2.040134763199871,2.039371244839184,2.039888510643419,2.0419559351212997,2.0338166259169013,2.030798856533607,2.0282496246178745,2.0335286184984938,2.027831952986759,2.029474359576686,2.027094659031223,2.0259188236566184],["NaN",1.5320512789946337,1.5034883576770162,1.5079765465645978,1.5457091150568107,1.6148654439797006,1.5694214657135779,1.5819564365368668,1.5603095817791375,1.5599885451401907,1.541482973130512,1.5201726226698664,1.501791281339689,1.5024189857309729,1.51866126577602,1.491077876748021,1.4963924547528655,1.4868075486266004,1.5127057135322357,1.523773657660856,1.5300910037360316,1.5230403292697876,1.5394542876435429,1.5367615895796776,1.5378190343137388,1.5405203098561229,1.540185774636716,1.5458514948153683,1.5473369140026656,1.5363430438511103,1.5348524700476922,1.5314409947012646,1.5306190957358736,1.5270274486101618,1.5269193030431678,1.5236682366101004,1.51907008338626,1.5220812205747876,1.52865416735443,1.5285870918296562,1.5255579831798902,1.5263346007907732,1.5274562259404991,1.5267164428270936,1.5250574167511894,1.5191886679807083,1.5207449585510013,1.5161342081226992,1.5157034842367798,1.5138543941746165,1.5125436430893713],["NaN",4.6794871672605876,4.839505776028305,4.8710018597735845,4.859656711309587,5.047254345158556,4.8240166442273615,4.785392359376159,4.6443910319201525,4.603248480337733,4.3526483285370015,4.236850380295274,4.13153158399528,4.135042410866942,4.212807000418888,4.071755791601827,4.108442737861971,4.045792012164926,4.124636614983893,4.174667293278574,4.192608912998783,4.11719811252555,4.188467702263204,4.167024110057145,4.178480616756682,4.204468915628623,4.183130088413462,4.185712509142073,4.204476717625999,4.152690512636002,4.138930646095054,4.141708936153833,4.146207710852064,4.1332728284928955,4.132496295755974,4.125131041202297,4.11784614135551,4.140060995778979,4.177168868701475,4.162149852016594,4.159035074276923,4.161145135855027,4.169584040977102,4.136410067856009,4.124143995698207,4.113796539762549,4.135238642252393,4.112102429554093,4.1187661761792,4.109112756672909,4.1043470800462165],["NaN",2.7545363430084606,2.384457036346542,2.410387349559882,2.3485617887958634,2.3485327164143075,2.352253028467885,2.3030771030773303,2.306130093785031,2.2969469908917897,2.335358126608174,2.3294403364493608,2.3285489963608588,2.3312776619800704,2.3288904520707137,2.3164176166556434,2.3225273945051583,2.345564771271526,2.3478037100600906,2.3417800501181145,2.370384046730947,2.371494955428119,2.366862915358254,2.3661498611885623,2.37288044964933,2.3778250647023875,2.3823660728815055,2.3705960956605807,2.3836792650378844,2.375721891699019,2.368348241066153,2.3688472867784633,2.3711456868711966,2.3720444982869746,2.3696624972764946,2.3620993828115053,2.359550862816364,2.3584956902343883,2.3616525990020505,2.3610131714555127,2.369884307500522,2.3691070579474918,2.3740562310245092,2.384598729174458,2.3793832452599126,2.375050397804483,2.3628891344322502,2.3616946292191128,2.3579183601032914,2.354650951745922,2.351451712344149],["NaN",1.9007092333854514,1.6762411442208798,1.6827423217448785,1.649468090940029,1.6453191544147243,1.6219858201682988,1.5812563352671796,1.579964542008461,1.5724980340781787,1.596489365050133,1.5915860770057662,1.5880910191975586,1.5994817254586233,1.6009878438294478,1.5982742329861255,1.5975398960265708,1.6089069685142237,1.6012805373392494,1.588820457458496,1.5938829807524986,1.601469101272939,1.5924933256448117,1.5946390050963937,1.5988221910405667,1.6070314088780826,1.6185176530563308,1.6149686677330022,1.6241677544761943,1.6225692622379968,1.6129280648332962,1.617635716128693,1.6185030391875734,1.6184151540026979,1.619093806931611,1.6151700672045302,1.615280591427012,1.616525643580669,1.6170572716605094,1.6175746243961246,1.623855117026795,1.6212840095108263,1.6206421582773705,1.6281037210297429,1.625711522088521,1.6207902731343085,1.612999426778216,1.6128661963884618,1.609812985075281,1.6105431845744067,1.6092117532770676],["NaN",7.587470464954423,5.685635358182534,5.809967174918313,5.515742475792025,5.515605920068366,5.533094309936336,5.304164142719069,5.318236009460954,5.275965478966848,5.45389757951484,5.426292281077311,5.4221404284531625,5.4348555372472624,5.423730737746133,5.3657905747526105,5.39413349822692,5.5016740962300466,5.512182260971927,5.483933803131198,5.618720528996581,5.623988323621016,5.602040060098173,5.598665165602653,5.630561628328007,5.654052038326912,5.675668105216847,5.61972584876119,5.681926838571549,5.644054506697966,5.609073390961141,5.611437468077687,5.622331868367878,5.626595101853504,5.615300350998673,5.579513494278495,5.567480274217448,5.562501920854183,5.577402998373141,5.574383195786417,5.616351630937228,5.61266825201662,5.636142988066298,5.68631109918044,5.661464627823594,5.640864392111232,5.583245061617989,5.577601521682403,5.559778992912195,5.544381104557977,5.52932515548623]]},"cv_scoring_history":[{"__meta":{"schema_version":3,"schema_name":"TwoDimTableV3","schema_type":"TwoDimTable"},"name":"Scoring History","description":"","columns":[{"__meta":{"schema_version":-1,"schema_name":"ColumnSpecsBase","schema_type":"Iced"},"name":"","type":"string","format":"%s","description":""},{"__meta":{"schema_version":-1,"schema_name":"ColumnSpecsBase","schema_type":"Iced"},"name":"timestamp","type":"string","format":"%s","description":"Timestamp"},{"__meta":{"schema_version":-1,"schema_name":"ColumnSpecsBase","schema_type":"Iced"},"name":"duration","type":"string","format":"%s","description":"Duration"},{"__meta":{"schema_version":-1,"schema_name":"ColumnSpecsBase","schema_type":"Iced"},"name":"number_of_trees","type":"long","format":"%d","description":"Number of Trees"},{"__meta":{"schema_version":-1,"schema_name":"ColumnSpecsBase","schema_type":"Iced"},"name":"training_rmse","type":"double","format":"%.5f","description":"Training RMSE"},{"__meta":{"schema_version":-1,"schema_name":"ColumnSpecsBase","schema_type":"Iced"},"name":"training_mae","type":"double","format":"%.5f","description":"Training MAE"},{"__meta":{"schema_version":-1,"schema_name":"ColumnSpecsBase","schema_type":"Iced"},"name":"training_deviance","type":"double","format":"%.5f","description":"Training Deviance"},{"__meta":{"schema_version":-1,"schema_name":"ColumnSpecsBase","schema_type":"Iced"},"name":"validation_rmse","type":"double","format":"%.5f","description":"Validation RMSE"},{"__meta":{"schema_version":-1,"schema_name":"ColumnSpecsBase","schema_type":"Iced"},"name":"validation_mae","type":"double","format":"%.5f","description":"Validation MAE"},{"__meta":{"schema_version":-1,"schema_name":"ColumnSpecsBase","schema_type":"Iced"},"name":"validation_deviance","type":"double","format":"%.5f","description":"Validation Deviance"}],"rowcount":51,"data":[["","","","","","","","","","","","","","","","","","","","","","","","","","","","","","","","","","","","","","","","","","","","","","","","","","",""],["2021-08-23 23:27:30","2021-08-23 23:27:30","2021-08-23 23:27:30","2021-08-23 23:27:30","2021-08-23 23:27:30","2021-08-23 23:27:30","2021-08-23 23:27:30","2021-08-23 23:27:30","2021-08-23 23:27:30","2021-08-23 23:27:30","2021-08-23 23:27:30","2021-08-23 23:27:30","2021-08-23 23:27:30","2021-08-23 23:27:30","2021-08-23 23:27:30","2021-08-23 23:27:30","2021-08-23 23:27:30","2021-08-23 23:27:30","2021-08-23 23:27:30","2021-08-23 23:27:30","2021-08-23 23:27:30","2021-08-23 23:27:30","2021-08-23 23:27:30","2021-08-23 23:27:30","2021-08-23 23:27:30","2021-08-23 23:27:30","2021-08-23 23:27:30","2021-08-23 23:27:30","2021-08-23 23:27:30","2021-08-23 23:27:30","2021-08-23 23:27:30","2021-08-23 23:27:30","2021-08-23 23:27:30","2021-08-23 23:27:30","2021-08-23 23:27:30","2021-08-23 23:27:30","2021-08-23 23:27:30","2021-08-23 23:27:30","2021-08-23 23:27:30","2021-08-23 23:27:30","2021-08-23 23:27:30","2021-08-23 23:27:30","2021-08-23 23:27:30","2021-08-23 23:27:30","2021-08-23 23:27:30","2021-08-23 23:27:30","2021-08-23 23:27:30","2021-08-23 23:27:30","2021-08-23 23:27:30","2021-08-23 23:27:30","2021-08-23 23:27:30"],[" 0.021 sec"," 0.030 sec"," 0.035 sec"," 0.039 sec"," 0.043 sec"," 0.045 sec"," 0.049 sec"," 0.052 sec"," 0.055 sec"," 0.057 sec"," 0.059 sec"," 0.062 sec"," 0.065 sec"," 0.067 sec"," 0.069 sec"," 0.073 sec"," 0.079 sec"," 0.082 sec"," 0.084 sec"," 0.087 sec"," 0.090 sec"," 0.095 sec"," 0.098 sec"," 0.101 sec"," 0.105 sec"," 0.108 sec"," 0.111 sec"," 0.114 sec"," 0.117 sec"," 0.121 sec"," 0.143 sec"," 0.146 sec"," 0.150 sec"," 0.153 sec"," 0.160 sec"," 0.162 sec"," 0.165 sec"," 0.168 sec"," 0.172 sec"," 0.175 sec"," 0.178 sec"," 0.182 sec"," 0.185 sec"," 0.188 sec"," 0.191 sec"," 0.194 sec"," 0.198 sec"," 0.202 sec"," 0.205 sec"," 0.209 sec"," 0.212 sec"],[0,1,2,3,4,5,6,7,8,9,10,11,12,13,14,15,16,17,18,19,20,21,22,23,24,25,26,27,28,29,30,31,32,33,34,35,36,37,38,39,40,41,42,43,44,45,46,47,48,49,50],["NaN",2.562050460881394,2.3194765769261587,2.2738253808824234,2.27903591513384,2.3638123772663713,2.3052652988373845,2.2957062793270278,2.259310619702312,2.213685199955218,2.1641823107546263,2.1579111919441027,2.1358031736444874,2.1390907643075985,2.1604915777996583,2.1137218966543903,2.1135069930843065,2.1100057829336003,2.136280183878499,2.1552316948136148,2.1391682403555827,2.1259077113369282,2.1330951029050365,2.111032732399843,2.121608074623132,2.119624803170153,2.1022607139786267,2.0925866867876723,2.0941598686053733,2.091834985198349,2.099225309008363,2.0970736592449986,2.103379306349654,2.1061277373319034,2.105937254110627,2.1066792095204256,2.1016464698821076,2.098677729738789,2.106201736200211,2.098092986723953,2.0949222430103553,2.089560828549994,2.097290037256516,2.089052492076063,2.0881569353058107,2.088665505327381,2.0981898765979303,2.09877462785402,2.098776965451135,2.0942139692544015,2.097459005893223],["NaN",1.9230769230769231,1.7556818181818181,1.7053921568627453,1.7183393047701927,1.7843642578911536,1.7588696328720244,1.740478097475492,1.712810722472747,1.657436586922415,1.6564925061752345,1.646443269744752,1.6123796683350144,1.5952316673834972,1.6189631129488529,1.5835681511287485,1.5832300731656865,1.5848096004545524,1.615551917082106,1.6307903654823257,1.6169712154067697,1.6178833593874185,1.6243464949844388,1.6131555705149108,1.6211722442974985,1.6161753379506651,1.6019215906299267,1.5920816622566805,1.5922648612183403,1.5827494448967274,1.5910962779170732,1.587920777721626,1.5895980917431427,1.5880729156532614,1.584387493735742,1.5884464689240714,1.5833035277256235,1.576624022164046,1.584178053028828,1.5803972716694035,1.5764549292703898,1.5733853796979649,1.5787983107678936,1.5755714774145717,1.5742657234919313,1.5699628259686993,1.579877184925796,1.5792811094255002,1.578245052356043,1.5698180132716528,1.5723159149480397],["NaN",6.564102564102564,5.379971590909091,5.170281862745098,5.19400470246994,5.587608954917693,5.314248098023816,5.270267320941546,5.104484476299645,4.9004021645007745,4.683685074183234,4.656580712317618,4.561655196549864,4.575709297946066,4.6677238577432565,4.467820256396232,4.466911809816266,4.452124404013236,4.563693024031952,4.6450236583291655,4.576040760546,4.519483597121816,4.550094718037449,4.456459197263546,4.501220822306073,4.49280930621411,4.419500109537926,4.378919041721009,4.385505555277274,4.375773605299778,4.4067468979812565,4.397717932299208,4.424204506379951,4.435774045958802,4.434971718251008,4.438097291825605,4.416917884367925,4.404448213301556,4.436085753572783,4.401994180940238,4.388699204259539,4.366264456210538,4.398625500375439,4.364140314649211,4.360399386465756,4.362523593144484,4.402400758258039,4.40485493852378,4.404864750708275,4.385732149020275,4.399334281402587],["NaN",2.778745863051994,2.441183114803148,2.3671444856351753,2.30228330548752,2.1988687530167548,2.1794760201303482,2.169577357172394,2.1734618978639415,2.1381202927776544,2.1504161627820593,2.107305214609422,2.1344192867375305,2.1659279772521187,2.1294949010252755,2.1285582282748163,2.1268705998560233,2.1059221893091538,2.085840053528865,2.0910408782566665,2.089413743952292,2.07508625534467,2.0742789253499043,2.073204468855922,2.089474989465625,2.0940704626673488,2.0900328298886475,2.0993094384537727,2.092145053542087,2.0903248275505755,2.1067671978735305,2.1161095462111854,2.120799043406126,2.120600258877291,2.1138315511568875,2.113036109338711,2.106894181270561,2.096556627648731,2.105805816858935,2.103729282128008,2.103322171037801,2.10356954549012,2.1052440011374594,2.095638181468194,2.0914826572770826,2.091044867516812,2.090092799661169,2.0933203017776023,2.099632440768577,2.1019009539173386,2.1011051685063453],["NaN",2.1,1.8107142857142857,1.7357142857142858,1.6970238038471768,1.6299999918256487,1.6154761813935778,1.5840135963595643,1.5842261825289046,1.562169305105058,1.5771428544180734,1.5402597377826637,1.5563492037001108,1.5695970629597757,1.5585033990898909,1.5634920574369884,1.5562499940395356,1.5478991540540168,1.534920629622444,1.5345864640142688,1.5378571408135553,1.5365079341291568,1.5386363611592875,1.5365424404973567,1.5576388864290145,1.5679047595432825,1.5674908402201895,1.577160491640606,1.5728741475513999,1.5678981917245052,1.5808730139051166,1.5856374788943521,1.5936755933931896,1.5925685407795425,1.5929971971431698,1.591156460509009,1.5808201036756,1.57593307384653,1.5872806997227487,1.5850427330631913,1.5797023790223255,1.5795005788371124,1.5824829912510046,1.5779069745263388,1.5746212098505588,1.5745502623300698,1.5729296044533296,1.578672743568304,1.5797122995058703,1.5783770630728053,1.5793809503827771],["NaN",7.7214285714285715,5.959375,5.603373015873018,5.300508418726541,4.835023792993458,4.750115722323223,4.707065908755151,4.7239366214663265,4.571558386387603,4.624289673154316,4.440735267520061,4.5557456915971475,4.6912440026434545,4.534748533492649,4.530760131156425,4.52357854853192,4.434908267424659,4.350728728905299,4.372451954540411,4.365649793416734,4.305982967120365,4.302633060150754,4.298176769684167,4.365905731602373,4.385131102615843,4.3682372300123475,4.407100118381094,4.3770709250606235,4.369457884674342,4.4384680260358875,4.47791961156611,4.49778858251234,4.496945457950435,4.468283826666333,4.464921599369277,4.439003091071746,4.395549692937818,4.434418138316927,4.425676892482824,4.423964155179169,4.425004832713509,4.43205230432526,4.39169938762732,4.374299705690807,4.372468637968402,4.368487911195464,4.3819898858342725,4.408456386327811,4.417987620078617,4.414642929124077]]},{"__meta":{"schema_version":3,"schema_name":"TwoDimTableV3","schema_type":"TwoDimTable"},"name":"Scoring History","description":"","columns":[{"__meta":{"schema_version":-1,"schema_name":"ColumnSpecsBase","schema_type":"Iced"},"name":"","type":"string","format":"%s","description":""},{"__meta":{"schema_version":-1,"schema_name":"ColumnSpecsBase","schema_type":"Iced"},"name":"timestamp","type":"string","format":"%s","description":"Timestamp"},{"__meta":{"schema_version":-1,"schema_name":"ColumnSpecsBase","schema_type":"Iced"},"name":"duration","type":"string","format":"%s","description":"Duration"},{"__meta":{"schema_version":-1,"schema_name":"ColumnSpecsBase","schema_type":"Iced"},"name":"number_of_trees","type":"long","format":"%d","description":"Number of Trees"},{"__meta":{"schema_version":-1,"schema_name":"ColumnSpecsBase","schema_type":"Iced"},"name":"training_rmse","type":"double","format":"%.5f","description":"Training RMSE"},{"__meta":{"schema_version":-1,"schema_name":"ColumnSpecsBase","schema_type":"Iced"},"name":"training_mae","type":"double","format":"%.5f","description":"Training MAE"},{"__meta":{"schema_version":-1,"schema_name":"ColumnSpecsBase","schema_type":"Iced"},"name":"training_deviance","type":"double","format":"%.5f","description":"Training Deviance"},{"__meta":{"schema_version":-1,"schema_name":"ColumnSpecsBase","schema_type":"Iced"},"name":"validation_rmse","type":"double","format":"%.5f","description":"Validation RMSE"},{"__meta":{"schema_version":-1,"schema_name":"ColumnSpecsBase","schema_type":"Iced"},"name":"validation_mae","type":"double","format":"%.5f","description":"Validation MAE"},{"__meta":{"schema_version":-1,"schema_name":"ColumnSpecsBase","schema_type":"Iced"},"name":"validation_deviance","type":"double","format":"%.5f","description":"Validation Deviance"}],"rowcount":51,"data":[["","","","","","","","","","","","","","","","","","","","","","","","","","","","","","","","","","","","","","","","","","","","","","","","","","",""],["2021-08-23 23:27:30","2021-08-23 23:27:30","2021-08-23 23:27:30","2021-08-23 23:27:30","2021-08-23 23:27:30","2021-08-23 23:27:30","2021-08-23 23:27:30","2021-08-23 23:27:30","2021-08-23 23:27:30","2021-08-23 23:27:30","2021-08-23 23:27:30","2021-08-23 23:27:30","2021-08-23 23:27:30","2021-08-23 23:27:30","2021-08-23 23:27:30","2021-08-23 23:27:30","2021-08-23 23:27:30","2021-08-23 23:27:30","2021-08-23 23:27:30","2021-08-23 23:27:30","2021-08-23 23:27:30","2021-08-23 23:27:30","2021-08-23 23:27:30","2021-08-23 23:27:30","2021-08-23 23:27:30","2021-08-23 23:27:30","2021-08-23 23:27:30","2021-08-23 23:27:30","2021-08-23 23:27:30","2021-08-23 23:27:30","2021-08-23 23:27:30","2021-08-23 23:27:30","2021-08-23 23:27:30","2021-08-23 23:27:30","2021-08-23 23:27:30","2021-08-23 23:27:30","2021-08-23 23:27:30","2021-08-23 23:27:30","2021-08-23 23:27:30","2021-08-23 23:27:30","2021-08-23 23:27:30","2021-08-23 23:27:30","2021-08-23 23:27:30","2021-08-23 23:27:30","2021-08-23 23:27:30","2021-08-23 23:27:30","2021-08-23 23:27:30","2021-08-23 23:27:30","2021-08-23 23:27:30","2021-08-23 23:27:30","2021-08-23 23:27:30"],[" 0.021 sec"," 0.031 sec"," 0.057 sec"," 0.060 sec"," 0.062 sec"," 0.064 sec"," 0.068 sec"," 0.070 sec"," 0.072 sec"," 0.076 sec"," 0.081 sec"," 0.085 sec"," 0.088 sec"," 0.096 sec"," 0.098 sec"," 0.101 sec"," 0.104 sec"," 0.108 sec"," 0.110 sec"," 0.113 sec"," 0.116 sec"," 0.119 sec"," 0.122 sec"," 0.125 sec"," 0.129 sec"," 0.132 sec"," 0.136 sec"," 0.143 sec"," 0.146 sec"," 0.150 sec"," 0.153 sec"," 0.159 sec"," 0.162 sec"," 0.165 sec"," 0.168 sec"," 0.171 sec"," 0.175 sec"," 0.178 sec"," 0.181 sec"," 0.184 sec"," 0.187 sec"," 0.190 sec"," 0.194 sec"," 0.197 sec"," 0.201 sec"," 0.204 sec"," 0.207 sec"," 0.211 sec"," 0.214 sec"," 0.217 sec"," 0.220 sec"],[0,1,2,3,4,5,6,7,8,9,10,11,12,13,14,15,16,17,18,19,20,21,22,23,24,25,26,27,28,29,30,31,32,33,34,35,36,37,38,39,40,41,42,43,44,45,46,47,48,49,50],["NaN",1.9279663514897398,2.15925390639473,2.1372607071720777,2.0858917384625224,2.0273525101515886,1.9933071761377605,2.0830972276347945,2.0425385690230935,2.032420374859965,1.9442138518122272,1.9544906470793981,1.9471207281958767,1.9409602302651194,1.9330315096987254,1.9291021521950904,1.930965990072133,1.9195968752285966,1.9184908971843477,1.9047537339261627,1.9110962202741828,1.8800136107642809,1.894823277639209,1.8938001226892562,1.8884522086718794,1.8846502890492238,1.8876429254850597,1.8933139104494503,1.8976769884397797,1.9017643198243814,1.907246231876268,1.9086862743725959,1.9164688087052297,1.9097156980668881,1.9100472220302007,1.9075295299424986,1.9042216123338898,1.9019673291992654,1.9111829427467004,1.9165026816534172,1.9224190242245345,1.9236426651734881,1.9277622305492335,1.912929960753345,1.9161092630539454,1.9182607925423292,1.9129161637550465,1.909143221846516,1.9119237790212587,1.9145134996869562,1.9214555207157744],["NaN",1.3643410704856695,1.4730391993242151,1.4491792826941519,1.473184815334408,1.4750534196694691,1.4571651100740997,1.530339232728896,1.4916335428328742,1.4848775002971202,1.456373824294173,1.4494653047794974,1.4490643686261673,1.4514531868497207,1.4498894983781256,1.438552032648441,1.435998836788318,1.4237337967901853,1.42513226100363,1.4192286326052586,1.4270387039443424,1.412683286706831,1.4163963059029683,1.4132659258744495,1.4109683755128448,1.4104039093489453,1.4180528575265312,1.4259726230727647,1.4274331678545578,1.4276175811447656,1.434275426732556,1.434216108397591,1.4429953403966942,1.437014179551123,1.4342540666172126,1.4293293535107234,1.4272155802005921,1.425950236755115,1.4315993604400812,1.4345681203448708,1.4378889066865759,1.4350407555671012,1.4426757761185585,1.4399024441497217,1.4457287345181948,1.4453627879229456,1.4429576479790887,1.4413684546786645,1.4425334729451313,1.4428941121721626,1.4443346011460951],["NaN",3.7170542524766588,4.662377432280901,4.567883330421689,4.350944344586203,4.110158200417947,3.973273498442293,4.339294059779768,4.171963805946907,4.13073258014592,3.779967501578537,3.820033689520844,3.7912791301700413,3.7673266154708256,3.7366108174881334,3.7214351136037296,3.7286296548152524,3.684852163387392,3.680607322579203,3.6280867869056586,3.652288763146268,3.534451176658949,3.5903552534833953,3.586478904697842,3.5662517444376998,3.551906712013323,3.563195814133795,3.584637563501389,3.601177952453872,3.6167075281570917,3.637588189006223,3.64308329397834,3.672852694740042,3.6470140474431014,3.648280390385287,3.6386689076026495,3.6260599488794787,3.617479721341387,3.652620240645937,3.6729825287847397,3.6956949047004115,3.7004011032757607,3.7162672175321556,3.659301034747794,3.6714747079611336,3.6797244682051247,3.6592482495553234,3.6448278415224955,3.655452536786931,3.6653619404835966,3.6919913180891277],["NaN",2.7019613655760035,1.8530460735101808,1.991692399961238,2.003484066402853,2.017640455960954,2.039823092319092,2.0006009663865694,2.051492162520202,2.0504258746354176,2.1094686370194426,2.0789325398919227,2.0224272997687476,2.053587272601475,2.075615903102725,2.1060909171350453,2.1365337874117927,2.1196050560109456,2.1209632135374528,2.1342036227776844,2.152601206889973,2.1872401438245035,2.202319671081486,2.1957789544532154,2.2095257785913365,2.2200945098930016,2.232087153748314,2.212345323877897,2.2098645471378267,2.218675983927482,2.217174612443669,2.2276585801054827,2.2333372645215084,2.232882483339935,2.237112164035077,2.229269322785096,2.233634539010756,2.2464736603993893,2.243096791301951,2.2357290174249536,2.2354403973191737,2.234661367566978,2.244876209437026,2.2617803308691045,2.25137042676857,2.259358288264274,2.260294783647525,2.25303297255301,2.256015152649911,2.2433067684834076,2.24200777906729],["NaN",1.898809518132891,1.3244047590664454,1.473412695385161,1.5083333339009966,1.506666667120797,1.5338293654578072,1.5051870759652581,1.5800595240933555,1.5652116404639347,1.6133333342415948,1.5943722957140445,1.5498015880584715,1.5684065936685925,1.5864795920800188,1.6156349204835434,1.6545386910438538,1.6464985999740471,1.6605820107081581,1.6741228067785279,1.6892261905329566,1.7176303855415918,1.7255952381468445,1.7168737057573311,1.728422619047619,1.738414966038295,1.7530088961779418,1.7370685313744525,1.7328534989940874,1.742681210851435,1.7451473928633185,1.754808536872336,1.7609826746795858,1.7626039310967256,1.7653844882460203,1.7550469719633761,1.7596190798850284,1.7685289889228848,1.762950531522134,1.762923717062115,1.762749433517456,1.7609866716305136,1.7695686217068005,1.7821534044322775,1.7772289224259268,1.778324515478951,1.7796497589312728,1.7734464714954687,1.7729580033393135,1.763014254000027,1.7620396832057408],["NaN",7.300595221065342,3.433779750551498,3.966838616063356,4.013948404330111,4.0708730095303265,4.160878247958223,4.002404226706875,4.208620092881814,4.204246267374418,4.449857930568665,4.321960505421481,4.090212182849908,4.217220686190765,4.30818137721294,4.4356189512387365,4.56477662475218,4.492725593467164,4.498484953179118,4.554825103477392,4.633691955904167,4.784019446757435,4.850211933632465,4.821445216819656,4.8820041662596525,4.9288196328570475,4.98221306192825,4.894471832084397,4.883501316696672,4.92252312165658,4.915863262064734,4.9624627495175755,4.987795337100414,4.9857641844063165,5.004670834473704,4.96964171351072,4.989123253861792,5.046643906868232,5.031483215149109,4.998484239355948,4.997193769966505,4.993711427696317,5.03946919569635,5.115650265106355,5.068668798528092,5.104699874748471,5.1089325089842115,5.076157575411052,5.089604368986001,5.032425257523469,5.026598881398242]]},{"__meta":{"schema_version":3,"schema_name":"TwoDimTableV3","schema_type":"TwoDimTable"},"name":"Scoring History","description":"","columns":[{"__meta":{"schema_version":-1,"schema_name":"ColumnSpecsBase","schema_type":"Iced"},"name":"","type":"string","format":"%s","description":""},{"__meta":{"schema_version":-1,"schema_name":"ColumnSpecsBase","schema_type":"Iced"},"name":"timestamp","type":"string","format":"%s","description":"Timestamp"},{"__meta":{"schema_version":-1,"schema_name":"ColumnSpecsBase","schema_type":"Iced"},"name":"duration","type":"string","format":"%s","description":"Duration"},{"__meta":{"schema_version":-1,"schema_name":"ColumnSpecsBase","schema_type":"Iced"},"name":"number_of_trees","type":"long","format":"%d","description":"Number of Trees"},{"__meta":{"schema_version":-1,"schema_name":"ColumnSpecsBase","schema_type":"Iced"},"name":"training_rmse","type":"double","format":"%.5f","description":"Training RMSE"},{"__meta":{"schema_version":-1,"schema_name":"ColumnSpecsBase","schema_type":"Iced"},"name":"training_mae","type":"double","format":"%.5f","description":"Training MAE"},{"__meta":{"schema_version":-1,"schema_name":"ColumnSpecsBase","schema_type":"Iced"},"name":"training_deviance","type":"double","format":"%.5f","description":"Training Deviance"},{"__meta":{"schema_version":-1,"schema_name":"ColumnSpecsBase","schema_type":"Iced"},"name":"validation_rmse","type":"double","format":"%.5f","description":"Validation RMSE"},{"__meta":{"schema_version":-1,"schema_name":"ColumnSpecsBase","schema_type":"Iced"},"name":"validation_mae","type":"double","format":"%.5f","description":"Validation MAE"},{"__meta":{"schema_version":-1,"schema_name":"ColumnSpecsBase","schema_type":"Iced"},"name":"validation_deviance","type":"double","format":"%.5f","description":"Validation Deviance"}],"rowcount":51,"data":[["","","","","","","","","","","","","","","","","","","","","","","","","","","","","","","","","","","","","","","","","","","","","","","","","","",""],["2021-08-23 23:27:30","2021-08-23 23:27:30","2021-08-23 23:27:30","2021-08-23 23:27:30","2021-08-23 23:27:30","2021-08-23 23:27:30","2021-08-23 23:27:30","2021-08-23 23:27:30","2021-08-23 23:27:30","2021-08-23 23:27:30","2021-08-23 23:27:30","2021-08-23 23:27:30","2021-08-23 23:27:30","2021-08-23 23:27:30","2021-08-23 23:27:30","2021-08-23 23:27:30","2021-08-23 23:27:30","2021-08-23 23:27:30","2021-08-23 23:27:30","2021-08-23 23:27:30","2021-08-23 23:27:30","2021-08-23 23:27:30","2021-08-23 23:27:30","2021-08-23 23:27:30","2021-08-23 23:27:30","2021-08-23 23:27:30","2021-08-23 23:27:30","2021-08-23 23:27:30","2021-08-23 23:27:30","2021-08-23 23:27:30","2021-08-23 23:27:30","2021-08-23 23:27:30","2021-08-23 23:27:30","2021-08-23 23:27:30","2021-08-23 23:27:30","2021-08-23 23:27:30","2021-08-23 23:27:30","2021-08-23 23:27:30","2021-08-23 23:27:30","2021-08-23 23:27:30","2021-08-23 23:27:30","2021-08-23 23:27:30","2021-08-23 23:27:30","2021-08-23 23:27:30","2021-08-23 23:27:30","2021-08-23 23:27:30","2021-08-23 23:27:30","2021-08-23 23:27:30","2021-08-23 23:27:30","2021-08-23 23:27:30","2021-08-23 23:27:30"],[" 0.022 sec"," 0.031 sec"," 0.058 sec"," 0.060 sec"," 0.063 sec"," 0.095 sec"," 0.097 sec"," 0.100 sec"," 0.103 sec"," 0.106 sec"," 0.109 sec"," 0.112 sec"," 0.115 sec"," 0.117 sec"," 0.120 sec"," 0.123 sec"," 0.127 sec"," 0.130 sec"," 0.134 sec"," 0.138 sec"," 0.143 sec"," 0.146 sec"," 0.150 sec"," 0.153 sec"," 0.159 sec"," 0.162 sec"," 0.165 sec"," 0.168 sec"," 0.171 sec"," 0.174 sec"," 0.177 sec"," 0.180 sec"," 0.184 sec"," 0.187 sec"," 0.190 sec"," 0.194 sec"," 0.197 sec"," 0.201 sec"," 0.204 sec"," 0.207 sec"," 0.211 sec"," 0.214 sec"," 0.217 sec"," 0.221 sec"," 0.224 sec"," 0.227 sec"," 0.231 sec"," 0.234 sec"," 0.238 sec"," 0.242 sec"," 0.245 sec"],[0,1,2,3,4,5,6,7,8,9,10,11,12,13,14,15,16,17,18,19,20,21,22,23,24,25,26,27,28,29,30,31,32,33,34,35,36,37,38,39,40,41,42,43,44,45,46,47,48,49,50],["NaN",2.4879093564125307,2.3620108356080896,2.369649389681277,2.277385198935328,2.26874369352019,2.2360144518245275,2.2218299515651694,2.1868313079278487,2.1704422776845202,2.089858194149937,2.0584286831232363,2.051936471095814,2.039239267026584,2.069354586453737,2.0272549727389335,2.031671251255578,2.037664486619295,2.0753004532283743,2.0739234770815806,2.072657005643045,2.0490378015005932,2.0535203170181098,2.0534536490302098,2.0489706058225536,2.0610058240710147,2.0521844044989317,2.040267741187115,2.040770994706904,2.0243986744879328,2.010736814175538,2.0117196952917413,2.00703928718676,2.0030403355111996,2.0037084248071424,2.0082342543103895,2.0142863671077955,2.0153089676431732,2.021489123215414,2.0136729279800663,2.014212261799411,2.0157673727201852,2.010740356012483,1.999369054215341,1.9966357100138545,1.988114659889786,1.9985858329809643,1.9924658040328402,1.992385392805637,1.9895188199893048,1.9854986494336855],["NaN",1.8596491186242354,1.7034313748864567,1.6728758288364782,1.6241134853227766,1.6378401347569056,1.6077614375968385,1.6299999972752162,1.58211478407278,1.5910955437989993,1.547676542763398,1.5110673641277836,1.4973490662823061,1.4769131764586085,1.5037469253432523,1.4689782501598587,1.4794334956297528,1.4886275961706046,1.52510473178738,1.5256609022735208,1.5180466139630648,1.5016430181960279,1.5104266443701602,1.5078890800677007,1.505888292245693,1.5154689738286873,1.5093546824641237,1.4970483948932976,1.4929106963004122,1.4877244513580583,1.473065345433663,1.4733458759625253,1.4617839693666481,1.4555010910825108,1.4535106911074767,1.4552315214779663,1.4613445716932978,1.4601911035441513,1.467204357239332,1.4631030112116148,1.4609118052737071,1.4611454993658655,1.4558063125475627,1.4471938686825747,1.4467451432557559,1.4392048895866205,1.454282083258778,1.4481245460086567,1.448178398109299,1.446600556055454,1.4442780948682563],["NaN",6.189692965725014,5.579095187530025,5.615238230016848,5.186483344329704,5.1471979468876325,4.999760628768143,4.936528333672083,4.782231169333425,4.710819680760369,4.367507271655636,4.2371286435044615,4.210443281413142,4.15849678818312,4.282228404477117,4.1097627244947335,4.127688073178406,4.152076560029475,4.306871971169897,4.3011585887901544,4.295907063041193,4.198555911978385,4.216945692406158,4.216671888715484,4.198280543524842,4.247745006854643,4.211460830068635,4.162692455728772,4.164746252837007,4.098189993268499,4.043062535880792,4.047016132424697,4.028206700311137,4.01217058568482,4.014847451643119,4.033004820185607,4.0573495687163215,4.061470235062992,4.086418275278223,4.0548786608798135,4.0570510355831,4.0633181009232375,4.043076779297206,3.997476614953947,3.986554158502529,3.95259990086868,3.994345331792215,3.9699199802402325,3.969599553465272,3.958185135091636,3.942204886902989],["NaN",2.388485107994419,2.1246141621994377,2.007646562433987,1.9783019564769888,1.9723164304652345,1.9699484270123535,2.007701968027035,1.9941537515783165,2.018647327623677,2.055502983705368,2.0445066861614944,2.0623922715263845,2.055176758245515,2.042660368578408,2.0536043043839958,2.043567790051947,2.040390005320665,2.0369884896854127,2.0326838658472917,2.0369683994518835,2.0269012552150447,2.027338307505309,2.0310712588959623,2.024611299169877,2.023829919603933,2.0255442750425963,2.0253698933082696,2.0419629070715315,2.043434060647415,2.0458209536374263,2.0555931254933317,2.0536162826842506,2.0596850811202025,2.061941349154899,2.0673997398787987,2.059686202334991,2.0573521489736537,2.058016007177067,2.059682932312011,2.0539679232912658,2.056295586056858,2.051628043135682,2.0584501300053737,2.065897683156734,2.0612905480271624,2.0597305861627704,2.063224964289065,2.06252435997792,2.057017180649375,2.053876831546702],["NaN",1.7083333333333333,1.5416666666666667,1.4611111128771748,1.4754629631837208,1.4998148149914217,1.482484568048407,1.5504629630891105,1.5152199069658916,1.5351337444635087,1.5663425922393799,1.5728535351127086,1.581828703482946,1.567200854293301,1.5574404758120342,1.5628703700171573,1.5612557861540053,1.5592864915436393,1.5490483531245478,1.5417397670578536,1.5501620365513695,1.5411596115304047,1.5437079120163963,1.5541264083650375,1.5439621905485792,1.5388703695933028,1.54431979982262,1.546793552092564,1.5666170626405684,1.5702266912350709,1.5685030848891646,1.5707735946956072,1.5687065956493218,1.5732182926601839,1.5739242905884785,1.5816137552261351,1.583719134330749,1.58546045878986,1.5900341115499799,1.5878679945937593,1.5776851836178034,1.5786133678301888,1.5779541428126993,1.582838068636813,1.5897937690970871,1.5850205742282628,1.5842995156988429,1.5869385330953216,1.5841145821743539,1.5754251688245742,1.5712314801745944],["NaN",5.704861111111111,4.5139853382184185,4.030644719653005,3.9136786310006815,3.890032101883124,3.8806968050884456,4.030867192419629,3.9766491849338745,4.074937033322214,4.22509251602167,4.180007589759055,4.253461881651759,4.223751507632544,4.172461381360877,4.217290638984475,4.176169312537798,4.163191373812465,4.149322107110859,4.131803698475891,4.149240260365568,4.108328698392324,4.110100613078491,4.125250458713229,4.099050912726338,4.0958875434840625,4.102829610157836,4.10212320471955,4.16961251385602,4.175622760213983,4.185383374341949,4.225463097575444,4.2173398365058805,4.2423026333891345,4.251602127354725,4.274141684450925,4.242307252089137,4.232697864886511,4.2354298857970365,4.242293781657406,4.218784229909435,4.228351537236918,4.209177627380748,4.237216937719141,4.267933237272361,4.24891872338612,4.2424900875744305,4.256897253265613,4.25400673550233,4.231319681486704,4.218410039164319]]},{"__meta":{"schema_version":3,"schema_name":"TwoDimTableV3","schema_type":"TwoDimTable"},"name":"Scoring History","description":"","columns":[{"__meta":{"schema_version":-1,"schema_name":"ColumnSpecsBase","schema_type":"Iced"},"name":"","type":"string","format":"%s","description":""},{"__meta":{"schema_version":-1,"schema_name":"ColumnSpecsBase","schema_type":"Iced"},"name":"timestamp","type":"string","format":"%s","description":"Timestamp"},{"__meta":{"schema_version":-1,"schema_name":"ColumnSpecsBase","schema_type":"Iced"},"name":"duration","type":"string","format":"%s","description":"Duration"},{"__meta":{"schema_version":-1,"schema_name":"ColumnSpecsBase","schema_type":"Iced"},"name":"number_of_trees","type":"long","format":"%d","description":"Number of Trees"},{"__meta":{"schema_version":-1,"schema_name":"ColumnSpecsBase","schema_type":"Iced"},"name":"training_rmse","type":"double","format":"%.5f","description":"Training RMSE"},{"__meta":{"schema_version":-1,"schema_name":"ColumnSpecsBase","schema_type":"Iced"},"name":"training_mae","type":"double","format":"%.5f","description":"Training MAE"},{"__meta":{"schema_version":-1,"schema_name":"ColumnSpecsBase","schema_type":"Iced"},"name":"training_deviance","type":"double","format":"%.5f","description":"Training Deviance"},{"__meta":{"schema_version":-1,"schema_name":"ColumnSpecsBase","schema_type":"Iced"},"name":"validation_rmse","type":"double","format":"%.5f","description":"Validation RMSE"},{"__meta":{"schema_version":-1,"schema_name":"ColumnSpecsBase","schema_type":"Iced"},"name":"validation_mae","type":"double","format":"%.5f","description":"Validation MAE"},{"__meta":{"schema_version":-1,"schema_name":"ColumnSpecsBase","schema_type":"Iced"},"name":"validation_deviance","type":"double","format":"%.5f","description":"Validation Deviance"}],"rowcount":51,"data":[["","","","","","","","","","","","","","","","","","","","","","","","","","","","","","","","","","","","","","","","","","","","","","","","","","",""],["2021-08-23 23:27:30","2021-08-23 23:27:30","2021-08-23 23:27:30","2021-08-23 23:27:30","2021-08-23 23:27:30","2021-08-23 23:27:30","2021-08-23 23:27:30","2021-08-23 23:27:30","2021-08-23 23:27:30","2021-08-23 23:27:30","2021-08-23 23:27:30","2021-08-23 23:27:30","2021-08-23 23:27:30","2021-08-23 23:27:30","2021-08-23 23:27:30","2021-08-23 23:27:30","2021-08-23 23:27:30","2021-08-23 23:27:30","2021-08-23 23:27:30","2021-08-23 23:27:30","2021-08-23 23:27:30","2021-08-23 23:27:30","2021-08-23 23:27:30","2021-08-23 23:27:30","2021-08-23 23:27:30","2021-08-23 23:27:30","2021-08-23 23:27:30","2021-08-23 23:27:30","2021-08-23 23:27:30","2021-08-23 23:27:30","2021-08-23 23:27:30","2021-08-23 23:27:30","2021-08-23 23:27:30","2021-08-23 23:27:30","2021-08-23 23:27:30","2021-08-23 23:27:30","2021-08-23 23:27:30","2021-08-23 23:27:30","2021-08-23 23:27:30","2021-08-23 23:27:30","2021-08-23 23:27:30","2021-08-23 23:27:30","2021-08-23 23:27:30","2021-08-23 23:27:30","2021-08-23 23:27:30","2021-08-23 23:27:30","2021-08-23 23:27:30","2021-08-23 23:27:30","2021-08-23 23:27:30","2021-08-23 23:27:30","2021-08-23 23:27:30"],[" 0.022 sec"," 0.032 sec"," 0.037 sec"," 0.041 sec"," 0.046 sec"," 0.050 sec"," 0.053 sec"," 0.056 sec"," 0.059 sec"," 0.062 sec"," 0.094 sec"," 0.097 sec"," 0.100 sec"," 0.103 sec"," 0.107 sec"," 0.110 sec"," 0.113 sec"," 0.116 sec"," 0.119 sec"," 0.122 sec"," 0.144 sec"," 0.147 sec"," 0.150 sec"," 0.153 sec"," 0.159 sec"," 0.163 sec"," 0.165 sec"," 0.168 sec"," 0.171 sec"," 0.174 sec"," 0.178 sec"," 0.181 sec"," 0.184 sec"," 0.187 sec"," 0.190 sec"," 0.194 sec"," 0.198 sec"," 0.202 sec"," 0.206 sec"," 0.209 sec"," 0.212 sec"," 0.217 sec"," 0.221 sec"," 0.224 sec"," 0.227 sec"," 0.231 sec"," 0.234 sec"," 0.238 sec"," 0.241 sec"," 0.245 sec"," 0.249 sec"],[0,1,2,3,4,5,6,7,8,9,10,11,12,13,14,15,16,17,18,19,20,21,22,23,24,25,26,27,28,29,30,31,32,33,34,35,36,37,38,39,40,41,42,43,44,45,46,47,48,49,50],["NaN",2.2383098277051836,2.305538375618225,2.1891204141058633,2.1188580740723792,2.107440590486661,2.0665089341711855,2.047912366208055,2.025098027660447,2.018746716006032,2.0176252958718126,1.9836792265104775,1.946758311923067,1.9517967788646209,1.9952088043699738,1.9647416656457688,1.9769609227787643,1.930969249512407,1.9408635390963702,1.9489126685868123,1.9462405357419026,1.9278949762952118,1.9416617035556503,1.9592454908174646,1.965901764341905,1.973438421995408,1.9664971851481636,1.9686295881909626,1.973969446170007,1.9582506726098696,1.953738939462176,1.9559909938736235,1.954770788450701,1.9528554973233354,1.9501142794920827,1.9381939730574969,1.9363875818610767,1.9370694345092971,1.9387708347963235,1.9289402698258022,1.9212051665961278,1.92030112549031,1.9276154809644883,1.925401563471073,1.9173120998981534,1.9155933009049337,1.9240847573765816,1.9208317160401052,1.9213957903906043,1.918575428600774,1.9207551684491941],["NaN",1.560185194015503,1.5840773837906974,1.5056360792998529,1.4670781951872902,1.4645424833484726,1.4463795306530787,1.4589327582978366,1.4299892599857043,1.4354217823077253,1.4524983877111572,1.4382944579490533,1.404463057823848,1.409898356515534,1.4325619451042741,1.4011877868426652,1.418085292056108,1.3993466237578727,1.4107147430534246,1.413357080655887,1.4096151071825893,1.4032379875260461,1.4232235147467127,1.4362968648189645,1.4457874216958788,1.4485808262939388,1.4456324015637572,1.446367747625101,1.4545679922092285,1.4424189040863586,1.4372173841812876,1.4368648068286172,1.432301370114507,1.4247645186726794,1.4213477407761284,1.4182493728756134,1.4186525537637236,1.422286899295843,1.4215326470894158,1.412739044089913,1.4071305439977466,1.403621303641274,1.4078821270299355,1.410665792454814,1.4082148555494918,1.4043522962501964,1.4104056692471865,1.4120873958045614,1.4109667859667079,1.4084386507162645,1.4192460129681388],["NaN",5.010030884801608,5.315507201448322,4.792248187455027,4.4895595380617115,4.441305842430767,4.2704591750093295,4.193945059667875,4.1010220216342335,4.075338303385139,4.07081183454182,3.9349832736892063,3.789867925041549,3.8095106659863096,3.98085817303546,3.86020981272451,3.9083744901942636,3.728642242562508,3.7669512773936873,3.79826058977817,3.787852222964928,3.716779039624315,3.77005017105463,3.8386428932885677,3.864769747042615,3.894459205407726,3.8671111791956507,3.8755024555009188,3.8965553744127246,3.8347456967770066,3.8170958435707885,3.825900768114726,3.8211288353801756,3.8136445934259715,3.8029457030789247,3.756595877196405,3.7495968671857884,3.752237994110168,3.7588323498568332,3.7208105645556384,3.691029292155655,3.6875564125593514,3.7157014424539554,3.7071711806168524,3.676085688415867,3.6694976944718602,3.702102153568899,3.6895944813455754,3.691761783330735,3.6809316752306436,3.689300417124292],["NaN",2.4107526693416217,2.1447430746900547,2.0483775269060693,2.012799422910081,2.058433365348732,2.0341150789843154,2.0106031625900505,2.0156719129664737,1.9804153137679952,1.9854768538350758,1.9674541365855762,1.9568765607701943,1.9767435104953006,1.9861291732974544,1.9933036256526608,1.9950184088615166,2.0045904163238175,2.015380214342019,2.013589576543011,2.023153184625949,2.0122572481695147,1.9914659606040725,1.9731096855123085,1.9779001864708587,1.9661345732264048,1.968737516816099,1.9657949210893362,1.9670140431203549,1.9602990360759356,1.9603153180662896,1.9544700495122131,1.9551206317571648,1.9566879419502479,1.9556417882928088,1.9542343839896237,1.9545827792629449,1.9529189883611429,1.9501141315471677,1.9494648123666887,1.9481922821428899,1.9468874071980946,1.9466830021761299,1.9476929966301413,1.9473231773086574,1.9463083458413188,1.950450806482588,1.9480745465430223,1.9468759322635698,1.9413662874429354,1.946463201370548],["NaN",1.9148148324754504,1.6888888941870794,1.6259259294580528,1.5737963014178806,1.6153333388434516,1.5970370398627387,1.586878308795747,1.5912962979740566,1.5490534994337288,1.5702592606014674,1.546835016000151,1.5281172840683546,1.5517663817120415,1.5750529100024513,1.5880740737915047,1.582569443517261,1.5933986919378145,1.5993209862414703,1.5966276787874991,1.6010555537541706,1.5883068765912738,1.5745286175698945,1.55814814682744,1.5642129611085962,1.552459257337782,1.5521509953034227,1.5533058967119389,1.555701056359306,1.550089397649655,1.545641973283556,1.543333331487512,1.5410069425900776,1.5398316479692555,1.5373529393688525,1.5369841251676044,1.5317592573754584,1.5280980960742852,1.5262865476440965,1.5260873675006745,1.5214537016550698,1.520885273434605,1.5225044071358977,1.5240310057805182,1.5212121192855064,1.5155555536717547,1.5203381623622878,1.5214499588553787,1.5184567884162614,1.5116628856615686,1.5129851835038926],["NaN",5.8117284327377545,4.59992285643095,4.1958504927338245,4.051361516867155,4.237147919580907,4.137624154551367,4.042525077417113,4.062933260721924,3.9220448150067866,3.9421183371148305,3.870875779567695,3.829365874091784,3.9075149062852845,3.9447090930232296,3.9732593440400428,3.980098451696337,4.018382737217296,4.0617574083612835,4.054542982762663,4.09314880846212,4.049179232810747,3.965936672244702,3.893161831062481,3.9120891476414577,3.8656851600361772,3.87592741011922,3.864349671780629,3.8691442458326857,3.842772310840242,3.842836146245338,3.819953174440273,3.8224966847225352,3.8286277021734962,3.8245348041170955,3.819032027567304,3.8203938409912577,3.8138925751015096,3.8029451260599645,3.800413054655889,3.7954531682011217,3.7903705763065196,3.7895747109614697,3.7935080091220996,3.7920675568834845,3.788116177091571,3.804258348508578,3.794994438888802,3.790325895627144,3.768903062019966,3.788718994289683]]}],"reproducibility_information_table":[{"__meta":{"schema_version":3,"schema_name":"TwoDimTableV3","schema_type":"TwoDimTable"},"name":"Node Information","description":"","columns":[{"__meta":{"schema_version":-1,"schema_name":"ColumnSpecsBase","schema_type":"Iced"},"name":"","type":"string","format":"%s","description":""},{"__meta":{"schema_version":-1,"schema_name":"ColumnSpecsBase","schema_type":"Iced"},"name":"node","type":"int","format":"%d","description":"node"},{"__meta":{"schema_version":-1,"schema_name":"ColumnSpecsBase","schema_type":"Iced"},"name":"h2o","type":"string","format":"%s","description":"h2o"},{"__meta":{"schema_version":-1,"schema_name":"ColumnSpecsBase","schema_type":"Iced"},"name":"healthy","type":"string","format":"%s","description":"healthy"},{"__meta":{"schema_version":-1,"schema_name":"ColumnSpecsBase","schema_type":"Iced"},"name":"last_ping","type":"string","format":"%s","description":"last_ping"},{"__meta":{"schema_version":-1,"schema_name":"ColumnSpecsBase","schema_type":"Iced"},"name":"num_cpus","type":"int","format":"%d","description":"num_cpus"},{"__meta":{"schema_version":-1,"schema_name":"ColumnSpecsBase","schema_type":"Iced"},"name":"sys_load","type":"double","format":"%.5f","description":"sys_load"},{"__meta":{"schema_version":-1,"schema_name":"ColumnSpecsBase","schema_type":"Iced"},"name":"mem_value_size","type":"long","format":"%d","description":"mem_value_size"},{"__meta":{"schema_version":-1,"schema_name":"ColumnSpecsBase","schema_type":"Iced"},"name":"free_mem","type":"long","format":"%d","description":"free_mem"},{"__meta":{"schema_version":-1,"schema_name":"ColumnSpecsBase","schema_type":"Iced"},"name":"pojo_mem","type":"long","format":"%d","description":"pojo_mem"},{"__meta":{"schema_version":-1,"schema_name":"ColumnSpecsBase","schema_type":"Iced"},"name":"swap_mem","type":"long","format":"%d","description":"swap_mem"},{"__meta":{"schema_version":-1,"schema_name":"ColumnSpecsBase","schema_type":"Iced"},"name":"free_disc","type":"long","format":"%d","description":"free_disc"},{"__meta":{"schema_version":-1,"schema_name":"ColumnSpecsBase","schema_type":"Iced"},"name":"max_disc","type":"long","format":"%d","description":"max_disc"},{"__meta":{"schema_version":-1,"schema_name":"ColumnSpecsBase","schema_type":"Iced"},"name":"pid","type":"int","format":"%d","description":"pid"},{"__meta":{"schema_version":-1,"schema_name":"ColumnSpecsBase","schema_type":"Iced"},"name":"num_keys","type":"int","format":"%d","description":"num_keys"},{"__meta":{"schema_version":-1,"schema_name":"ColumnSpecsBase","schema_type":"Iced"},"name":"tcps_active","type":"string","format":"%s","description":"tcps_active"},{"__meta":{"schema_version":-1,"schema_name":"ColumnSpecsBase","schema_type":"Iced"},"name":"open_fds","type":"int","format":"%d","description":"open_fds"},{"__meta":{"schema_version":-1,"schema_name":"ColumnSpecsBase","schema_type":"Iced"},"name":"rpcs_active","type":"string","format":"%s","description":"rpcs_active"},{"__meta":{"schema_version":-1,"schema_name":"ColumnSpecsBase","schema_type":"Iced"},"name":"nthreads","type":"int","format":"%d","description":"nthreads"},{"__meta":{"schema_version":-1,"schema_name":"ColumnSpecsBase","schema_type":"Iced"},"name":"is_leader","type":"string","format":"%s","description":"is_leader"},{"__meta":{"schema_version":-1,"schema_name":"ColumnSpecsBase","schema_type":"Iced"},"name":"total_mem","type":"long","format":"%d","description":"total_mem"},{"__meta":{"schema_version":-1,"schema_name":"ColumnSpecsBase","schema_type":"Iced"},"name":"max_mem","type":"long","format":"%d","description":"max_mem"},{"__meta":{"schema_version":-1,"schema_name":"ColumnSpecsBase","schema_type":"Iced"},"name":"java_version","type":"string","format":"%s","description":"java_version"},{"__meta":{"schema_version":-1,"schema_name":"ColumnSpecsBase","schema_type":"Iced"},"name":"jvm_launch_parameters","type":"string","format":"%s","description":"jvm_launch_parameters"},{"__meta":{"schema_version":-1,"schema_name":"ColumnSpecsBase","schema_type":"Iced"},"name":"os_version","type":"string","format":"%s","description":"os_version"},{"__meta":{"schema_version":-1,"schema_name":"ColumnSpecsBase","schema_type":"Iced"},"name":"machine_physical_mem","type":"long","format":"%d","description":"machine_physical_mem"},{"__meta":{"schema_version":-1,"schema_name":"ColumnSpecsBase","schema_type":"Iced"},"name":"machine_locale","type":"string","format":"%s","description":"machine_locale"}],"rowcount":1,"data":[[""],[0],["127.0.0.1:54321"],["true"],["1629754050099"],[8],[0.027718429],[18618996],[4244891020],[0],[0],[52077527040],[106766008320],[12212],[9150],["\u0000"],[-1],["\u0000"],[8],["true"],[693108736],[4263510016],["Java 11.0.7 (from Oracle Corporation)"],["[]"],["Windows 10 10.0 (amd64)"],[17052135424],["en_US"]]},{"__meta":{"schema_version":3,"schema_name":"TwoDimTableV3","schema_type":"TwoDimTable"},"name":"Cluster Configuration","description":"","columns":[{"__meta":{"schema_version":-1,"schema_name":"ColumnSpecsBase","schema_type":"Iced"},"name":"","type":"string","format":"%s","description":""},{"__meta":{"schema_version":-1,"schema_name":"ColumnSpecsBase","schema_type":"Iced"},"name":"h2o_cluster_uptime","type":"long","format":"%d","description":"H2O cluster uptime"},{"__meta":{"schema_version":-1,"schema_name":"ColumnSpecsBase","schema_type":"Iced"},"name":"h2o_cluster_timezone","type":"string","format":"%s","description":"H2O cluster timezone"},{"__meta":{"schema_version":-1,"schema_name":"ColumnSpecsBase","schema_type":"Iced"},"name":"h2o_data_parsing_timezone","type":"string","format":"%s","description":"H2O data parsing timezone"},{"__meta":{"schema_version":-1,"schema_name":"ColumnSpecsBase","schema_type":"Iced"},"name":"h2o_cluster_version","type":"string","format":"%s","description":"H2O cluster version"},{"__meta":{"schema_version":-1,"schema_name":"ColumnSpecsBase","schema_type":"Iced"},"name":"h2o_cluster_version_age","type":"string","format":"%s","description":"H2O cluster version age"},{"__meta":{"schema_version":-1,"schema_name":"ColumnSpecsBase","schema_type":"Iced"},"name":"h2o_cluster_name","type":"string","format":"%s","description":"H2O cluster name"},{"__meta":{"schema_version":-1,"schema_name":"ColumnSpecsBase","schema_type":"Iced"},"name":"h2o_cluster_total_nodes","type":"int","format":"%d","description":"H2O cluster total nodes"},{"__meta":{"schema_version":-1,"schema_name":"ColumnSpecsBase","schema_type":"Iced"},"name":"h2o_cluster_free_memory","type":"long","format":"%d","description":"H2O cluster free memory"},{"__meta":{"schema_version":-1,"schema_name":"ColumnSpecsBase","schema_type":"Iced"},"name":"h2o_cluster_total_cores","type":"int","format":"%d","description":"H2O cluster total cores"},{"__meta":{"schema_version":-1,"schema_name":"ColumnSpecsBase","schema_type":"Iced"},"name":"h2o_cluster_allowed_cores","type":"int","format":"%d","description":"H2O cluster allowed cores"},{"__meta":{"schema_version":-1,"schema_name":"ColumnSpecsBase","schema_type":"Iced"},"name":"h2o_cluster_status","type":"string","format":"%s","description":"H2O cluster status"},{"__meta":{"schema_version":-1,"schema_name":"ColumnSpecsBase","schema_type":"Iced"},"name":"h2o_internal_security","type":"string","format":"%s","description":"H2O internal security"},{"__meta":{"schema_version":-1,"schema_name":"ColumnSpecsBase","schema_type":"Iced"},"name":"h2o_api_extensions","type":"string","format":"%s","description":"H2O API Extensions"}],"rowcount":1,"data":[[""],[39136139],["Europe/Berlin"],["UTC"],["3.32.1.5"],["19 days"],["H2O_from_python_alina_k478fo"],[1],[4244891020],[8],[8],["locked, healthly"],["false"],["Amazon S3, Algos, AutoML, Core V3, TargetEncoder, Core V4"]]},{"__meta":{"schema_version":3,"schema_name":"TwoDimTableV3","schema_type":"TwoDimTable"},"name":"Input Frames Information","description":"","columns":[{"__meta":{"schema_version":-1,"schema_name":"ColumnSpecsBase","schema_type":"Iced"},"name":"","type":"string","format":"%s","description":""},{"__meta":{"schema_version":-1,"schema_name":"ColumnSpecsBase","schema_type":"Iced"},"name":"input_frame","type":"string","format":"%s","description":"Input Frame"},{"__meta":{"schema_version":-1,"schema_name":"ColumnSpecsBase","schema_type":"Iced"},"name":"checksum","type":"long","format":"%d","description":"Checksum"},{"__meta":{"schema_version":-1,"schema_name":"ColumnSpecsBase","schema_type":"Iced"},"name":"espc","type":"string","format":"%d","description":"ESPC"}],"rowcount":3,"data":[["","",""],["training_frame","validation_frame","calibration_frame"],[1778916202437635795,1517994310976955569,-1],["[0, 144]","[0, 47]","-1"]]}],"training_metrics":{"__meta":{"schema_version":3,"schema_name":"ModelMetricsRegressionV3","schema_type":"ModelMetricsRegression"},"model":{"__meta":{"schema_version":3,"schema_name":"ModelKeyV3","schema_type":"Key<Model>"},"name":"beer_all_drf_model","type":"Key<Model>","URL":"/3/Models/beer_all_drf_model"},"model_checksum":1131509503042162992,"frame":{"__meta":{"schema_version":3,"schema_name":"FrameKeyV3","schema_type":"Key<Frame>"},"name":"py_77_sid_b9ee","type":"Key<Frame>","URL":"/3/Frames/py_77_sid_b9ee"},"frame_checksum":8336722498225475520,"description":"Metrics reported on Out-Of-Bag training samples","model_category":"Regression","scoring_time":1629754050747,"predictions":null,"MSE":4.1043470800462165,"RMSE":2.0259188236566184,"nobs":144,"custom_metric_name":null,"custom_metric_value":0.0,"r2":-0.25042594437268906,"mean_residual_deviance":4.1043470800462165,"mae":1.5125436430893713,"rmsle":0.3442347570531295},"validation_metrics":{"__meta":{"schema_version":3,"schema_name":"ModelMetricsRegressionV3","schema_type":"ModelMetricsRegression"},"model":{"__meta":{"schema_version":3,"schema_name":"ModelKeyV3","schema_type":"Key<Model>"},"name":"beer_all_drf_model","type":"Key<Model>","URL":"/3/Models/beer_all_drf_model"},"model_checksum":1131509503042162992,"frame":{"__meta":{"schema_version":3,"schema_name":"FrameKeyV3","schema_type":"Key<Frame>"},"name":"py_78_sid_b9ee","type":"Key<Frame>","URL":"/3/Frames/py_78_sid_b9ee"},"frame_checksum":-7967856361742046032,"description":null,"model_category":"Regression","scoring_time":1629754050748,"predictions":null,"MSE":5.52932515548623,"RMSE":2.351451712344149,"nobs":47,"custom_metric_name":null,"custom_metric_value":0.0,"r2":-0.43393745814382356,"mean_residual_deviance":5.52932515548623,"mae":1.6092117532770676,"rmsle":"Infinity"},"cross_validation_metrics":{"__meta":{"schema_version":3,"schema_name":"ModelMetricsRegressionV3","schema_type":"ModelMetricsRegression"},"model":{"__meta":{"schema_version":3,"schema_name":"ModelKeyV3","schema_type":"Key<Model>"},"name":"beer_all_drf_model","type":"Key<Model>","URL":"/3/Models/beer_all_drf_model"},"model_checksum":1131509503042162992,"frame":{"__meta":{"schema_version":3,"schema_name":"FrameKeyV3","schema_type":"Key<Frame>"},"name":"py_77_sid_b9ee","type":"Key<Frame>","URL":"/3/Frames/py_77_sid_b9ee"},"frame_checksum":8336722498225475520,"description":"4-fold cross-validation on training data (Metrics computed for combined holdout predictions)","model_category":"Regression","scoring_time":1629754050751,"predictions":null,"MSE":4.288974912162811,"RMSE":2.070984044400828,"nobs":144,"custom_metric_name":null,"custom_metric_value":0.0,"r2":-0.306674460112073,"mean_residual_deviance":4.288974912162811,"mae":1.5921118815077675,"rmsle":0.3978987142834039},"cross_validation_metrics_summary":{"__meta":{"schema_version":3,"schema_name":"TwoDimTableV3","schema_type":"TwoDimTable"},"name":"Cross-Validation Metrics Summary","description":"","columns":[{"__meta":{"schema_version":-1,"schema_name":"ColumnSpecsBase","schema_type":"Iced"},"name":"","type":"string","format":"%s","description":""},{"__meta":{"schema_version":-1,"schema_name":"ColumnSpecsBase","schema_type":"Iced"},"name":"mean","type":"string","format":"%s","description":"mean"},{"__meta":{"schema_version":-1,"schema_name":"ColumnSpecsBase","schema_type":"Iced"},"name":"sd","type":"string","format":"%s","description":"sd"},{"__meta":{"schema_version":-1,"schema_name":"ColumnSpecsBase","schema_type":"Iced"},"name":"cv_1_valid","type":"string","format":"%s","description":"cv_1_valid"},{"__meta":{"schema_version":-1,"schema_name":"ColumnSpecsBase","schema_type":"Iced"},"name":"cv_2_valid","type":"string","format":"%s","description":"cv_2_valid"},{"__meta":{"schema_version":-1,"schema_name":"ColumnSpecsBase","schema_type":"Iced"},"name":"cv_3_valid","type":"string","format":"%s","description":"cv_3_valid"},{"__meta":{"schema_version":-1,"schema_name":"ColumnSpecsBase","schema_type":"Iced"},"name":"cv_4_valid","type":"string","format":"%s","description":"cv_4_valid"}],"rowcount":7,"data":[["mae","mean_residual_deviance","mse","r2","residual_deviance","rmse","rmsle"],["1.6064093","4.3620925","4.3620925","-0.41320345","4.3620925","2.0858634","0.39503318"],["0.107884035","0.51437086","0.51437086","0.27553475","0.51437086","0.12256826","0.07683939"],["1.579381","4.414643","4.414643","-0.14332719","4.414643","2.1011052","0.46523777"],["1.7620397","5.026599","5.026599","-0.78480685","5.026599","2.2420077","0.3479429"],["1.5712315","4.21841","4.21841","-0.43869984","4.21841","2.0538769","0.45523795"],["1.5129852","3.788719","3.788719","-0.28597987","3.788719","1.9464632","0.31171405"]]},"status":null,"start_time":1629754050606,"end_time":1629754050750,"run_time":144,"default_threshold":0.5,"help":{"domains":"Domains for categorical columns", "__meta":"Metadata on this schema instance, to make it self-describing.", "help":"Help information for output fields", "training_metrics":"Training data model metrics", "cross_validation_models":"Cross-validation models (model ids)", "cross_validation_predictions":"Cross-validation predictions, one per cv model (deprecated, use cross_validation_holdout_predictions_frame_id instead)", "cross_validation_metrics_summary":"Cross-validation model metrics summary", "status":"Job status", "reproducibility_information_table":"Model reproducibility information", "variable_importances":"Variable Importances", "model_summary":"Model summary", "end_time":"End time in milliseconds", "names":"Column names", "cross_validation_fold_assignment_frame_id":"Cross-validation fold assignment (each row is assigned to one holdout fold)", "run_time":"Runtime in milliseconds", "default_threshold":"Default threshold used for predictions", "scoring_history":"Scoring history", "cross_validation_holdout_predictions_frame_id":"Cross-validation holdout predictions (full out-of-sample predictions on training data)", "init_f":"The Intercept term, the initial model function value to which trees make adjustments", "model_category":"Category of the model (e.g., Binomial)", "column_types":"Column types", "original_names":"Original column names", "start_time":"Start time in milliseconds", "cv_scoring_history":"Cross-Validation scoring history", "cross_validation_metrics":"Cross-validation model metrics", "validation_metrics":"Validation data model metrics"},"variable_importances":{"__meta":{"schema_version":3,"schema_name":"TwoDimTableV3","schema_type":"TwoDimTable"},"name":"Variable Importances","description":"","columns":[{"__meta":{"schema_version":-1,"schema_name":"ColumnSpecsBase","schema_type":"Iced"},"name":"variable","type":"string","format":"%s","description":"Variable"},{"__meta":{"schema_version":-1,"schema_name":"ColumnSpecsBase","schema_type":"Iced"},"name":"relative_importance","type":"double","format":"%5f","description":"Relative Importance"},{"__meta":{"schema_version":-1,"schema_name":"ColumnSpecsBase","schema_type":"Iced"},"name":"scaled_importance","type":"double","format":"%5f","description":"Scaled Importance"},{"__meta":{"schema_version":-1,"schema_name":"ColumnSpecsBase","schema_type":"Iced"},"name":"percentage","type":"double","format":"%5f","description":"Percentage"}],"rowcount":4,"data":[["style","abv","flavor","perception"],[5855.24755859375,3740.721923828125,1590.8277587890625,812.9176635742188],[1.0,0.6388665699262989,0.27169265566819695,0.13883574613016986],[0.4879488892072626,0.3117342331471915,0.13257212953906797,0.06774474810647789]]},"init_f":0.0},"compatible_frames":null}
