{"__meta":{"schema_version":3,"schema_name":"GBMModelV3","schema_type":"GBMModel"},"model_id":{"__meta":{"schema_version":3,"schema_name":"ModelKeyV3","schema_type":"Key<Model>"},"name":"beer_all_gbm_model","type":"Key<Model>","URL":"/3/Models/beer_all_gbm_model"},"algo":"gbm","algo_full_name":"Gradient Boosting Machine","response_column_name":"rating","data_frame":{"__meta":{"schema_version":3,"schema_name":"FrameKeyV3","schema_type":"Key<Frame>"},"name":"py_109_sid_b9ee","type":"Key<Frame>","URL":"/3/Frames/py_109_sid_b9ee"},"timestamp":1629754325956,"have_pojo":true,"have_mojo":true,"algo":"gbm","algo_full_name":"Gradient Boosting Machine","model_id":{"__meta":{"schema_version":3,"schema_name":"ModelKeyV3","schema_type":"Key<Model>"},"name":"beer_all_gbm_model","type":"Key<Model>","URL":"/3/Models/beer_all_gbm_model"},"parameters":[{"__meta":{"schema_version":3,"schema_name":"ModelParameterSchemaV3","schema_type":"Iced"},"name":"model_id","label":"model_id","help":"Destination id for this model; auto-generated if not specified.","required":false,"type":"Key<Model>","default_value":null,"actual_value":{"__meta":{"schema_version":3,"schema_name":"ModelKeyV3","schema_type":"Key<Model>"},"name":"beer_all_gbm_model","type":"Key<Model>","URL":"/3/Models/beer_all_gbm_model"},"input_value":null,"level":"critical","values":[],"is_member_of_frames":[],"is_mutually_exclusive_with":[],"gridable":false},{"__meta":{"schema_version":3,"schema_name":"ModelParameterSchemaV3","schema_type":"Iced"},"name":"training_frame","label":"training_frame","help":"Id of the training data frame.","required":false,"type":"Key<Frame>","default_value":null,"actual_value":{"__meta":{"schema_version":3,"schema_name":"FrameKeyV3","schema_type":"Key<Frame>"},"name":"py_109_sid_b9ee","type":"Key<Frame>","URL":"/3/Frames/py_109_sid_b9ee"},"input_value":{"__meta":{"schema_version":3,"schema_name":"FrameKeyV3","schema_type":"Key<Frame>"},"name":"py_109_sid_b9ee","type":"Key<Frame>","URL":"/3/Frames/py_109_sid_b9ee"},"level":"critical","values":[],"is_member_of_frames":[],"is_mutually_exclusive_with":[],"gridable":false},{"__meta":{"schema_version":3,"schema_name":"ModelParameterSchemaV3","schema_type":"Iced"},"name":"validation_frame","label":"validation_frame","help":"Id of the validation data frame.","required":false,"type":"Key<Frame>","default_value":null,"actual_value":{"__meta":{"schema_version":3,"schema_name":"FrameKeyV3","schema_type":"Key<Frame>"},"name":"py_110_sid_b9ee","type":"Key<Frame>","URL":"/3/Frames/py_110_sid_b9ee"},"input_value":{"__meta":{"schema_version":3,"schema_name":"FrameKeyV3","schema_type":"Key<Frame>"},"name":"py_110_sid_b9ee","type":"Key<Frame>","URL":"/3/Frames/py_110_sid_b9ee"},"level":"critical","values":[],"is_member_of_frames":[],"is_mutually_exclusive_with":[],"gridable":true},{"__meta":{"schema_version":3,"schema_name":"ModelParameterSchemaV3","schema_type":"Iced"},"name":"nfolds","label":"nfolds","help":"Number of folds for K-fold cross-validation (0 to disable or >= 2).","required":false,"type":"int","default_value":0,"actual_value":4,"input_value":4,"level":"critical","values":[],"is_member_of_frames":[],"is_mutually_exclusive_with":[],"gridable":false},{"__meta":{"schema_version":3,"schema_name":"ModelParameterSchemaV3","schema_type":"Iced"},"name":"keep_cross_validation_models","label":"keep_cross_validation_models","help":"Whether to keep the cross-validation models.","required":false,"type":"boolean","default_value":true,"actual_value":true,"input_value":true,"level":"expert","values":[],"is_member_of_frames":[],"is_mutually_exclusive_with":[],"gridable":false},{"__meta":{"schema_version":3,"schema_name":"ModelParameterSchemaV3","schema_type":"Iced"},"name":"keep_cross_validation_predictions","label":"keep_cross_validation_predictions","help":"Whether to keep the predictions of the cross-validation models.","required":false,"type":"boolean","default_value":false,"actual_value":false,"input_value":false,"level":"expert","values":[],"is_member_of_frames":[],"is_mutually_exclusive_with":[],"gridable":false},{"__meta":{"schema_version":3,"schema_name":"ModelParameterSchemaV3","schema_type":"Iced"},"name":"keep_cross_validation_fold_assignment","label":"keep_cross_validation_fold_assignment","help":"Whether to keep the cross-validation fold assignment.","required":false,"type":"boolean","default_value":false,"actual_value":false,"input_value":false,"level":"expert","values":[],"is_member_of_frames":[],"is_mutually_exclusive_with":[],"gridable":false},{"__meta":{"schema_version":3,"schema_name":"ModelParameterSchemaV3","schema_type":"Iced"},"name":"score_each_iteration","label":"score_each_iteration","help":"Whether to score during each iteration of model training.","required":false,"type":"boolean","default_value":false,"actual_value":false,"input_value":false,"level":"secondary","values":[],"is_member_of_frames":[],"is_mutually_exclusive_with":[],"gridable":false},{"__meta":{"schema_version":3,"schema_name":"ModelParameterSchemaV3","schema_type":"Iced"},"name":"score_tree_interval","label":"score_tree_interval","help":"Score the model after every so many trees. Disabled if set to 0.","required":false,"type":"int","default_value":0,"actual_value":0,"input_value":0,"level":"secondary","values":[],"is_member_of_frames":[],"is_mutually_exclusive_with":[],"gridable":false},{"__meta":{"schema_version":3,"schema_name":"ModelParameterSchemaV3","schema_type":"Iced"},"name":"fold_assignment","label":"fold_assignment","help":"Cross-validation fold assignment scheme, if fold_column is not specified. The 'Stratified' option will stratify the folds based on the response variable, for classification problems.","required":false,"type":"enum","default_value":"AUTO","actual_value":"Random","input_value":"Random","level":"secondary","values":["AUTO","Random","Modulo","Stratified"],"is_member_of_frames":[],"is_mutually_exclusive_with":[],"gridable":true},{"__meta":{"schema_version":3,"schema_name":"ModelParameterSchemaV3","schema_type":"Iced"},"name":"fold_column","label":"fold_column","help":"Column with cross-validation fold index assignment per observation.","required":false,"type":"VecSpecifier","default_value":null,"actual_value":null,"input_value":null,"level":"secondary","values":[],"is_member_of_frames":["training_frame"],"is_mutually_exclusive_with":["response_column","weights_column","ignored_columns","offset_column"],"gridable":true},{"__meta":{"schema_version":3,"schema_name":"ModelParameterSchemaV3","schema_type":"Iced"},"name":"response_column","label":"response_column","help":"Response variable column.","required":false,"type":"VecSpecifier","default_value":null,"actual_value":{"__meta":{"schema_version":3,"schema_name":"ColSpecifierV3","schema_type":"VecSpecifier"},"column_name":"rating","is_member_of_frames":null},"input_value":{"__meta":{"schema_version":3,"schema_name":"ColSpecifierV3","schema_type":"VecSpecifier"},"column_name":"rating","is_member_of_frames":null},"level":"critical","values":[],"is_member_of_frames":["training_frame","validation_frame"],"is_mutually_exclusive_with":["weights_column","ignored_columns","offset_column","fold_column"],"gridable":true},{"__meta":{"schema_version":3,"schema_name":"ModelParameterSchemaV3","schema_type":"Iced"},"name":"ignored_columns","label":"ignored_columns","help":"Names of columns to ignore for training.","required":false,"type":"string[]","default_value":null,"actual_value":["name","pasteurization","occurrence","filtration","method","fermentation","split"],"input_value":["name","pasteurization","occurrence","filtration","method","fermentation","split"],"level":"critical","values":[],"is_member_of_frames":["training_frame","validation_frame"],"is_mutually_exclusive_with":["response_column","weights_column","offset_column","fold_column"],"gridable":false},{"__meta":{"schema_version":3,"schema_name":"ModelParameterSchemaV3","schema_type":"Iced"},"name":"ignore_const_cols","label":"ignore_const_cols","help":"Ignore constant columns.","required":false,"type":"boolean","default_value":true,"actual_value":true,"input_value":true,"level":"critical","values":[],"is_member_of_frames":[],"is_mutually_exclusive_with":[],"gridable":false},{"__meta":{"schema_version":3,"schema_name":"ModelParameterSchemaV3","schema_type":"Iced"},"name":"offset_column","label":"offset_column","help":"Offset column. This will be added to the combination of columns before applying the link function.","required":false,"type":"VecSpecifier","default_value":null,"actual_value":null,"input_value":null,"level":"secondary","values":[],"is_member_of_frames":["training_frame","validation_frame"],"is_mutually_exclusive_with":["response_column","weights_column","ignored_columns","fold_column"],"gridable":true},{"__meta":{"schema_version":3,"schema_name":"ModelParameterSchemaV3","schema_type":"Iced"},"name":"weights_column","label":"weights_column","help":"Column with observation weights. Giving some observation a weight of zero is equivalent to excluding it from the dataset; giving an observation a relative weight of 2 is equivalent to repeating that row twice. Negative weights are not allowed. Note: Weights are per-row observation weights and do not increase the size of the data frame. This is typically the number of times a row is repeated, but non-integer values are supported as well. During training, rows with higher weights matter more, due to the larger loss function pre-factor.","required":false,"type":"VecSpecifier","default_value":null,"actual_value":null,"input_value":null,"level":"secondary","values":[],"is_member_of_frames":["training_frame","validation_frame"],"is_mutually_exclusive_with":["response_column","ignored_columns","offset_column","fold_column"],"gridable":true},{"__meta":{"schema_version":3,"schema_name":"ModelParameterSchemaV3","schema_type":"Iced"},"name":"balance_classes","label":"balance_classes","help":"Balance training data class counts via over/under-sampling (for imbalanced data).","required":false,"type":"boolean","default_value":false,"actual_value":false,"input_value":false,"level":"secondary","values":[],"is_member_of_frames":[],"is_mutually_exclusive_with":[],"gridable":true},{"__meta":{"schema_version":3,"schema_name":"ModelParameterSchemaV3","schema_type":"Iced"},"name":"class_sampling_factors","label":"class_sampling_factors","help":"Desired over/under-sampling ratios per class (in lexicographic order). If not specified, sampling factors will be automatically computed to obtain class balance during training. Requires balance_classes.","required":false,"type":"float[]","default_value":null,"actual_value":null,"input_value":null,"level":"expert","values":[],"is_member_of_frames":[],"is_mutually_exclusive_with":[],"gridable":true},{"__meta":{"schema_version":3,"schema_name":"ModelParameterSchemaV3","schema_type":"Iced"},"name":"max_after_balance_size","label":"max_after_balance_size","help":"Maximum relative size of the training data after balancing class counts (can be less than 1.0). Requires balance_classes.","required":false,"type":"float","default_value":5.0,"actual_value":5.0,"input_value":5.0,"level":"expert","values":[],"is_member_of_frames":[],"is_mutually_exclusive_with":[],"gridable":true},{"__meta":{"schema_version":3,"schema_name":"ModelParameterSchemaV3","schema_type":"Iced"},"name":"max_confusion_matrix_size","label":"max_confusion_matrix_size","help":"[Deprecated] Maximum size (# classes) for confusion matrices to be printed in the Logs","required":false,"type":"int","default_value":20,"actual_value":20,"input_value":20,"level":"secondary","values":[],"is_member_of_frames":[],"is_mutually_exclusive_with":[],"gridable":false},{"__meta":{"schema_version":3,"schema_name":"ModelParameterSchemaV3","schema_type":"Iced"},"name":"ntrees","label":"ntrees","help":"Number of trees.","required":false,"type":"int","default_value":50,"actual_value":50,"input_value":50,"level":"critical","values":[],"is_member_of_frames":[],"is_mutually_exclusive_with":[],"gridable":true},{"__meta":{"schema_version":3,"schema_name":"ModelParameterSchemaV3","schema_type":"Iced"},"name":"max_depth","label":"max_depth","help":"Maximum tree depth (0 for unlimited).","required":false,"type":"int","default_value":5,"actual_value":5,"input_value":5,"level":"critical","values":[],"is_member_of_frames":[],"is_mutually_exclusive_with":[],"gridable":true},{"__meta":{"schema_version":3,"schema_name":"ModelParameterSchemaV3","schema_type":"Iced"},"name":"min_rows","label":"min_rows","help":"Fewest allowed (weighted) observations in a leaf.","required":false,"type":"double","default_value":10.0,"actual_value":1.0,"input_value":1.0,"level":"critical","values":[],"is_member_of_frames":[],"is_mutually_exclusive_with":[],"gridable":true},{"__meta":{"schema_version":3,"schema_name":"ModelParameterSchemaV3","schema_type":"Iced"},"name":"nbins","label":"nbins","help":"For numerical columns (real/int), build a histogram of (at least) this many bins, then split at the best point","required":false,"type":"int","default_value":20,"actual_value":13,"input_value":13,"level":"critical","values":[],"is_member_of_frames":[],"is_mutually_exclusive_with":[],"gridable":true},{"__meta":{"schema_version":3,"schema_name":"ModelParameterSchemaV3","schema_type":"Iced"},"name":"nbins_top_level","label":"nbins_top_level","help":"For numerical columns (real/int), build a histogram of (at most) this many bins at the root level, then decrease by factor of two per level","required":false,"type":"int","default_value":1024,"actual_value":16,"input_value":16,"level":"secondary","values":[],"is_member_of_frames":[],"is_mutually_exclusive_with":[],"gridable":true},{"__meta":{"schema_version":3,"schema_name":"ModelParameterSchemaV3","schema_type":"Iced"},"name":"nbins_cats","label":"nbins_cats","help":"For categorical columns (factors), build a histogram of this many bins, then split at the best point. Higher values can lead to more overfitting.","required":false,"type":"int","default_value":1024,"actual_value":1024,"input_value":1024,"level":"secondary","values":[],"is_member_of_frames":[],"is_mutually_exclusive_with":[],"gridable":true},{"__meta":{"schema_version":3,"schema_name":"ModelParameterSchemaV3","schema_type":"Iced"},"name":"r2_stopping","label":"r2_stopping","help":"r2_stopping is no longer supported and will be ignored if set - please use stopping_rounds, stopping_metric and stopping_tolerance instead. Previous version of H2O would stop making trees when the R^2 metric equals or exceeds this","required":false,"type":"double","default_value":1.7976931348623157E308,"actual_value":1.7976931348623157E308,"input_value":1.7976931348623157E308,"level":"secondary","values":[],"is_member_of_frames":[],"is_mutually_exclusive_with":[],"gridable":true},{"__meta":{"schema_version":3,"schema_name":"ModelParameterSchemaV3","schema_type":"Iced"},"name":"stopping_rounds","label":"stopping_rounds","help":"Early stopping based on convergence of stopping_metric. Stop if simple moving average of length k of the stopping_metric does not improve for k:=stopping_rounds scoring events (0 to disable)","required":false,"type":"int","default_value":0,"actual_value":0,"input_value":0,"level":"secondary","values":[],"is_member_of_frames":[],"is_mutually_exclusive_with":[],"gridable":true},{"__meta":{"schema_version":3,"schema_name":"ModelParameterSchemaV3","schema_type":"Iced"},"name":"stopping_metric","label":"stopping_metric","help":"Metric to use for early stopping (AUTO: logloss for classification, deviance for regression and anonomaly_score for Isolation Forest). Note that custom and custom_increasing can only be used in GBM and DRF with the Python client.","required":false,"type":"enum","default_value":"AUTO","actual_value":null,"input_value":"AUTO","level":"secondary","values":["AUTO","deviance","logloss","MSE","RMSE","MAE","RMSLE","AUC","AUCPR","lift_top_group","misclassification","mean_per_class_error","anomaly_score","custom","custom_increasing"],"is_member_of_frames":[],"is_mutually_exclusive_with":[],"gridable":true},{"__meta":{"schema_version":3,"schema_name":"ModelParameterSchemaV3","schema_type":"Iced"},"name":"stopping_tolerance","label":"stopping_tolerance","help":"Relative tolerance for metric-based stopping criterion (stop if relative improvement is not at least this much)","required":false,"type":"double","default_value":0.001,"actual_value":0.001,"input_value":0.001,"level":"secondary","values":[],"is_member_of_frames":[],"is_mutually_exclusive_with":[],"gridable":true},{"__meta":{"schema_version":3,"schema_name":"ModelParameterSchemaV3","schema_type":"Iced"},"name":"max_runtime_secs","label":"max_runtime_secs","help":"Maximum allowed runtime in seconds for model training. Use 0 to disable.","required":false,"type":"double","default_value":0.0,"actual_value":0.0,"input_value":0.0,"level":"secondary","values":[],"is_member_of_frames":[],"is_mutually_exclusive_with":[],"gridable":true},{"__meta":{"schema_version":3,"schema_name":"ModelParameterSchemaV3","schema_type":"Iced"},"name":"seed","label":"seed","help":"Seed for pseudo random number generator (if applicable)","required":false,"type":"long","default_value":-1,"actual_value":12,"input_value":12,"level":"critical","values":[],"is_member_of_frames":[],"is_mutually_exclusive_with":[],"gridable":true},{"__meta":{"schema_version":3,"schema_name":"ModelParameterSchemaV3","schema_type":"Iced"},"name":"build_tree_one_node","label":"build_tree_one_node","help":"Run on one node only; no network overhead but fewer cpus used. Suitable for small datasets.","required":false,"type":"boolean","default_value":false,"actual_value":true,"input_value":true,"level":"expert","values":[],"is_member_of_frames":[],"is_mutually_exclusive_with":[],"gridable":false},{"__meta":{"schema_version":3,"schema_name":"ModelParameterSchemaV3","schema_type":"Iced"},"name":"learn_rate","label":"learn_rate","help":"Learning rate (from 0.0 to 1.0)","required":false,"type":"double","default_value":0.1,"actual_value":0.1,"input_value":0.1,"level":"critical","values":[],"is_member_of_frames":[],"is_mutually_exclusive_with":[],"gridable":true},{"__meta":{"schema_version":3,"schema_name":"ModelParameterSchemaV3","schema_type":"Iced"},"name":"learn_rate_annealing","label":"learn_rate_annealing","help":"Scale the learning rate by this factor after each tree (e.g., 0.99 or 0.999) ","required":false,"type":"double","default_value":1.0,"actual_value":1.0,"input_value":1.0,"level":"secondary","values":[],"is_member_of_frames":[],"is_mutually_exclusive_with":[],"gridable":true},{"__meta":{"schema_version":3,"schema_name":"ModelParameterSchemaV3","schema_type":"Iced"},"name":"distribution","label":"distribution","help":"Distribution function","required":false,"type":"enum","default_value":"AUTO","actual_value":"gaussian","input_value":"gaussian","level":"secondary","values":["AUTO","bernoulli","quasibinomial","ordinal","multinomial","gaussian","poisson","gamma","tweedie","laplace","quantile","huber","custom"],"is_member_of_frames":[],"is_mutually_exclusive_with":[],"gridable":true},{"__meta":{"schema_version":3,"schema_name":"ModelParameterSchemaV3","schema_type":"Iced"},"name":"quantile_alpha","label":"quantile_alpha","help":"Desired quantile for Quantile regression, must be between 0 and 1.","required":false,"type":"double","default_value":0.5,"actual_value":0.5,"input_value":0.5,"level":"secondary","values":[],"is_member_of_frames":[],"is_mutually_exclusive_with":[],"gridable":true},{"__meta":{"schema_version":3,"schema_name":"ModelParameterSchemaV3","schema_type":"Iced"},"name":"tweedie_power","label":"tweedie_power","help":"Tweedie power for Tweedie regression, must be between 1 and 2.","required":false,"type":"double","default_value":1.5,"actual_value":1.5,"input_value":1.5,"level":"secondary","values":[],"is_member_of_frames":[],"is_mutually_exclusive_with":[],"gridable":true},{"__meta":{"schema_version":3,"schema_name":"ModelParameterSchemaV3","schema_type":"Iced"},"name":"huber_alpha","label":"huber_alpha","help":"Desired quantile for Huber/M-regression (threshold between quadratic and linear loss, must be between 0 and 1).","required":false,"type":"double","default_value":0.9,"actual_value":0.9,"input_value":0.9,"level":"secondary","values":[],"is_member_of_frames":[],"is_mutually_exclusive_with":[],"gridable":true},{"__meta":{"schema_version":3,"schema_name":"ModelParameterSchemaV3","schema_type":"Iced"},"name":"checkpoint","label":"checkpoint","help":"Model checkpoint to resume training with.","required":false,"type":"Key<Model>","default_value":null,"actual_value":null,"input_value":null,"level":"secondary","values":[],"is_member_of_frames":[],"is_mutually_exclusive_with":[],"gridable":false},{"__meta":{"schema_version":3,"schema_name":"ModelParameterSchemaV3","schema_type":"Iced"},"name":"sample_rate","label":"sample_rate","help":"Row sample rate per tree (from 0.0 to 1.0)","required":false,"type":"double","default_value":1.0,"actual_value":1.0,"input_value":1.0,"level":"critical","values":[],"is_member_of_frames":[],"is_mutually_exclusive_with":[],"gridable":true},{"__meta":{"schema_version":3,"schema_name":"ModelParameterSchemaV3","schema_type":"Iced"},"name":"sample_rate_per_class","label":"sample_rate_per_class","help":"A list of row sample rates per class (relative fraction for each class, from 0.0 to 1.0), for each tree","required":false,"type":"double[]","default_value":null,"actual_value":null,"input_value":null,"level":"expert","values":[],"is_member_of_frames":[],"is_mutually_exclusive_with":[],"gridable":true},{"__meta":{"schema_version":3,"schema_name":"ModelParameterSchemaV3","schema_type":"Iced"},"name":"col_sample_rate","label":"col_sample_rate","help":"Column sample rate (from 0.0 to 1.0)","required":false,"type":"double","default_value":1.0,"actual_value":1.0,"input_value":1.0,"level":"critical","values":[],"is_member_of_frames":[],"is_mutually_exclusive_with":[],"gridable":true},{"__meta":{"schema_version":3,"schema_name":"ModelParameterSchemaV3","schema_type":"Iced"},"name":"col_sample_rate_change_per_level","label":"col_sample_rate_change_per_level","help":"Relative change of the column sampling rate for every level (must be > 0.0 and <= 2.0)","required":false,"type":"double","default_value":1.0,"actual_value":1.0,"input_value":1.0,"level":"expert","values":[],"is_member_of_frames":[],"is_mutually_exclusive_with":[],"gridable":true},{"__meta":{"schema_version":3,"schema_name":"ModelParameterSchemaV3","schema_type":"Iced"},"name":"col_sample_rate_per_tree","label":"col_sample_rate_per_tree","help":"Column sample rate per tree (from 0.0 to 1.0)","required":false,"type":"double","default_value":1.0,"actual_value":1.0,"input_value":1.0,"level":"secondary","values":[],"is_member_of_frames":[],"is_mutually_exclusive_with":[],"gridable":true},{"__meta":{"schema_version":3,"schema_name":"ModelParameterSchemaV3","schema_type":"Iced"},"name":"min_split_improvement","label":"min_split_improvement","help":"Minimum relative improvement in squared error reduction for a split to happen","required":false,"type":"double","default_value":1.0E-5,"actual_value":1.0E-5,"input_value":1.0E-5,"level":"secondary","values":[],"is_member_of_frames":[],"is_mutually_exclusive_with":[],"gridable":true},{"__meta":{"schema_version":3,"schema_name":"ModelParameterSchemaV3","schema_type":"Iced"},"name":"histogram_type","label":"histogram_type","help":"What type of histogram to use for finding optimal split points","required":false,"type":"enum","default_value":"AUTO","actual_value":"UniformAdaptive","input_value":"AUTO","level":"secondary","values":["AUTO","UniformAdaptive","Random","QuantilesGlobal","RoundRobin"],"is_member_of_frames":[],"is_mutually_exclusive_with":[],"gridable":true},{"__meta":{"schema_version":3,"schema_name":"ModelParameterSchemaV3","schema_type":"Iced"},"name":"max_abs_leafnode_pred","label":"max_abs_leafnode_pred","help":"Maximum absolute value of a leaf node prediction","required":false,"type":"double","default_value":1.7976931348623157E308,"actual_value":1.7976931348623157E308,"input_value":1.7976931348623157E308,"level":"expert","values":[],"is_member_of_frames":[],"is_mutually_exclusive_with":[],"gridable":true},{"__meta":{"schema_version":3,"schema_name":"ModelParameterSchemaV3","schema_type":"Iced"},"name":"pred_noise_bandwidth","label":"pred_noise_bandwidth","help":"Bandwidth (sigma) of Gaussian multiplicative noise ~N(1,sigma) for tree node predictions","required":false,"type":"double","default_value":0.0,"actual_value":0.0,"input_value":0.0,"level":"expert","values":[],"is_member_of_frames":[],"is_mutually_exclusive_with":[],"gridable":true},{"__meta":{"schema_version":3,"schema_name":"ModelParameterSchemaV3","schema_type":"Iced"},"name":"categorical_encoding","label":"categorical_encoding","help":"Encoding scheme for categorical features","required":false,"type":"enum","default_value":"AUTO","actual_value":"Enum","input_value":"Enum","level":"secondary","values":["AUTO","Enum","OneHotInternal","OneHotExplicit","Binary","Eigen","LabelEncoder","SortByResponse","EnumLimited"],"is_member_of_frames":[],"is_mutually_exclusive_with":[],"gridable":true},{"__meta":{"schema_version":3,"schema_name":"ModelParameterSchemaV3","schema_type":"Iced"},"name":"calibrate_model","label":"calibrate_model","help":"Use Platt Scaling to calculate calibrated class probabilities. Calibration can provide more accurate estimates of class probabilities.","required":false,"type":"boolean","default_value":false,"actual_value":false,"input_value":false,"level":"expert","values":[],"is_member_of_frames":[],"is_mutually_exclusive_with":[],"gridable":false},{"__meta":{"schema_version":3,"schema_name":"ModelParameterSchemaV3","schema_type":"Iced"},"name":"calibration_frame","label":"calibration_frame","help":"Calibration frame for Platt Scaling","required":false,"type":"Key<Frame>","default_value":null,"actual_value":null,"input_value":null,"level":"expert","values":[],"is_member_of_frames":[],"is_mutually_exclusive_with":[],"gridable":false},{"__meta":{"schema_version":3,"schema_name":"ModelParameterSchemaV3","schema_type":"Iced"},"name":"custom_metric_func","label":"custom_metric_func","help":"Reference to custom evaluation function, format: `language:keyName=funcName`","required":false,"type":"string","default_value":null,"actual_value":null,"input_value":null,"level":"secondary","values":[],"is_member_of_frames":[],"is_mutually_exclusive_with":[],"gridable":false},{"__meta":{"schema_version":3,"schema_name":"ModelParameterSchemaV3","schema_type":"Iced"},"name":"custom_distribution_func","label":"custom_distribution_func","help":"Reference to custom distribution, format: `language:keyName=funcName`","required":false,"type":"string","default_value":null,"actual_value":null,"input_value":null,"level":"secondary","values":[],"is_member_of_frames":[],"is_mutually_exclusive_with":[],"gridable":false},{"__meta":{"schema_version":3,"schema_name":"ModelParameterSchemaV3","schema_type":"Iced"},"name":"export_checkpoints_dir","label":"export_checkpoints_dir","help":"Automatically export generated models to this directory.","required":false,"type":"string","default_value":null,"actual_value":null,"input_value":null,"level":"secondary","values":[],"is_member_of_frames":[],"is_mutually_exclusive_with":[],"gridable":false},{"__meta":{"schema_version":3,"schema_name":"ModelParameterSchemaV3","schema_type":"Iced"},"name":"monotone_constraints","label":"monotone_constraints","help":"A mapping representing monotonic constraints. Use +1 to enforce an increasing constraint and -1 to specify a decreasing constraint.","required":false,"type":"KeyValue[]","default_value":null,"actual_value":null,"input_value":null,"level":"secondary","values":[],"is_member_of_frames":[],"is_mutually_exclusive_with":[],"gridable":false},{"__meta":{"schema_version":3,"schema_name":"ModelParameterSchemaV3","schema_type":"Iced"},"name":"check_constant_response","label":"check_constant_response","help":"Check if response column is constant. If enabled, then an exception is thrown if the response column is a constant value.If disabled, then model will train regardless of the response column being a constant value or not.","required":false,"type":"boolean","default_value":true,"actual_value":true,"input_value":true,"level":"expert","values":[],"is_member_of_frames":[],"is_mutually_exclusive_with":[],"gridable":false},{"__meta":{"schema_version":3,"schema_name":"ModelParameterSchemaV3","schema_type":"Iced"},"name":"gainslift_bins","label":"gainslift_bins","help":"Gains/Lift table number of bins. 0 means disabled.. Default value -1 means automatic binning.","required":false,"type":"int","default_value":-1,"actual_value":-1,"input_value":-1,"level":"secondary","values":[],"is_member_of_frames":[],"is_mutually_exclusive_with":[],"gridable":false},{"__meta":{"schema_version":3,"schema_name":"ModelParameterSchemaV3","schema_type":"Iced"},"name":"auc_type","label":"auc_type","help":"Set default multinomial AUC type.","required":false,"type":"enum","default_value":"AUTO","actual_value":"AUTO","input_value":"AUTO","level":"secondary","values":["AUTO","NONE","MACRO_OVR","WEIGHTED_OVR","MACRO_OVO","WEIGHTED_OVO"],"is_member_of_frames":[],"is_mutually_exclusive_with":[],"gridable":true}],"output":{"__meta":{"schema_version":3,"schema_name":"GBMModelOutputV3","schema_type":"GBMOutput"},"names":["style","flavor","abv","perception","rating"],"original_names":null,"column_types":["Enum","Enum","Numeric","Enum","Numeric"],"domains":[["ale","alt","blonde","dark","keller","lager","mix","pils","soda","wheat"],["fruit","herb","lemon","standard"],null,["drive","refresh","tasty","too_strong","weak"],null],"cross_validation_models":[{"__meta":{"schema_version":3,"schema_name":"ModelKeyV3","schema_type":"Key<Model>"},"name":"beer_all_gbm_model_cv_1","type":"Key<Model>","URL":"/3/Models/beer_all_gbm_model_cv_1"},{"__meta":{"schema_version":3,"schema_name":"ModelKeyV3","schema_type":"Key<Model>"},"name":"beer_all_gbm_model_cv_2","type":"Key<Model>","URL":"/3/Models/beer_all_gbm_model_cv_2"},{"__meta":{"schema_version":3,"schema_name":"ModelKeyV3","schema_type":"Key<Model>"},"name":"beer_all_gbm_model_cv_3","type":"Key<Model>","URL":"/3/Models/beer_all_gbm_model_cv_3"},{"__meta":{"schema_version":3,"schema_name":"ModelKeyV3","schema_type":"Key<Model>"},"name":"beer_all_gbm_model_cv_4","type":"Key<Model>","URL":"/3/Models/beer_all_gbm_model_cv_4"}],"cross_validation_predictions":null,"cross_validation_holdout_predictions_frame_id":null,"cross_validation_fold_assignment_frame_id":null,"model_category":"Regression","model_summary":{"__meta":{"schema_version":3,"schema_name":"TwoDimTableV3","schema_type":"TwoDimTable"},"name":"Model Summary","description":"","columns":[{"__meta":{"schema_version":-1,"schema_name":"ColumnSpecsBase","schema_type":"Iced"},"name":"","type":"string","format":"%s","description":""},{"__meta":{"schema_version":-1,"schema_name":"ColumnSpecsBase","schema_type":"Iced"},"name":"number_of_trees","type":"long","format":"%d","description":"Number of Trees"},{"__meta":{"schema_version":-1,"schema_name":"ColumnSpecsBase","schema_type":"Iced"},"name":"number_of_internal_trees","type":"long","format":"%d","description":"Number of Internal Trees"},{"__meta":{"schema_version":-1,"schema_name":"ColumnSpecsBase","schema_type":"Iced"},"name":"model_size_in_bytes","type":"long","format":"%d","description":"Model Size in Bytes"},{"__meta":{"schema_version":-1,"schema_name":"ColumnSpecsBase","schema_type":"Iced"},"name":"min_depth","type":"long","format":"%d","description":"Min. Depth"},{"__meta":{"schema_version":-1,"schema_name":"ColumnSpecsBase","schema_type":"Iced"},"name":"max_depth","type":"long","format":"%d","description":"Max. Depth"},{"__meta":{"schema_version":-1,"schema_name":"ColumnSpecsBase","schema_type":"Iced"},"name":"mean_depth","type":"double","format":"%.5f","description":"Mean Depth"},{"__meta":{"schema_version":-1,"schema_name":"ColumnSpecsBase","schema_type":"Iced"},"name":"min_leaves","type":"long","format":"%d","description":"Min. Leaves"},{"__meta":{"schema_version":-1,"schema_name":"ColumnSpecsBase","schema_type":"Iced"},"name":"max_leaves","type":"long","format":"%d","description":"Max. Leaves"},{"__meta":{"schema_version":-1,"schema_name":"ColumnSpecsBase","schema_type":"Iced"},"name":"mean_leaves","type":"double","format":"%.5f","description":"Mean Leaves"}],"rowcount":1,"data":[[""],[50],[50],[14338],[5],[5],[5.0],[13],[25],[18.16]]},"scoring_history":{"__meta":{"schema_version":3,"schema_name":"TwoDimTableV3","schema_type":"TwoDimTable"},"name":"Scoring History","description":"","columns":[{"__meta":{"schema_version":-1,"schema_name":"ColumnSpecsBase","schema_type":"Iced"},"name":"","type":"string","format":"%s","description":""},{"__meta":{"schema_version":-1,"schema_name":"ColumnSpecsBase","schema_type":"Iced"},"name":"timestamp","type":"string","format":"%s","description":"Timestamp"},{"__meta":{"schema_version":-1,"schema_name":"ColumnSpecsBase","schema_type":"Iced"},"name":"duration","type":"string","format":"%s","description":"Duration"},{"__meta":{"schema_version":-1,"schema_name":"ColumnSpecsBase","schema_type":"Iced"},"name":"number_of_trees","type":"long","format":"%d","description":"Number of Trees"},{"__meta":{"schema_version":-1,"schema_name":"ColumnSpecsBase","schema_type":"Iced"},"name":"training_rmse","type":"double","format":"%.5f","description":"Training RMSE"},{"__meta":{"schema_version":-1,"schema_name":"ColumnSpecsBase","schema_type":"Iced"},"name":"training_mae","type":"double","format":"%.5f","description":"Training MAE"},{"__meta":{"schema_version":-1,"schema_name":"ColumnSpecsBase","schema_type":"Iced"},"name":"training_deviance","type":"double","format":"%.5f","description":"Training Deviance"},{"__meta":{"schema_version":-1,"schema_name":"ColumnSpecsBase","schema_type":"Iced"},"name":"validation_rmse","type":"double","format":"%.5f","description":"Validation RMSE"},{"__meta":{"schema_version":-1,"schema_name":"ColumnSpecsBase","schema_type":"Iced"},"name":"validation_mae","type":"double","format":"%.5f","description":"Validation MAE"},{"__meta":{"schema_version":-1,"schema_name":"ColumnSpecsBase","schema_type":"Iced"},"name":"validation_deviance","type":"double","format":"%.5f","description":"Validation Deviance"}],"rowcount":51,"data":[["","","","","","","","","","","","","","","","","","","","","","","","","","","","","","","","","","","","","","","","","","","","","","","","","","",""],["2021-08-23 23:32:05","2021-08-23 23:32:05","2021-08-23 23:32:05","2021-08-23 23:32:05","2021-08-23 23:32:05","2021-08-23 23:32:05","2021-08-23 23:32:05","2021-08-23 23:32:05","2021-08-23 23:32:05","2021-08-23 23:32:05","2021-08-23 23:32:05","2021-08-23 23:32:05","2021-08-23 23:32:05","2021-08-23 23:32:05","2021-08-23 23:32:05","2021-08-23 23:32:05","2021-08-23 23:32:05","2021-08-23 23:32:05","2021-08-23 23:32:05","2021-08-23 23:32:05","2021-08-23 23:32:05","2021-08-23 23:32:05","2021-08-23 23:32:05","2021-08-23 23:32:05","2021-08-23 23:32:05","2021-08-23 23:32:05","2021-08-23 23:32:05","2021-08-23 23:32:05","2021-08-23 23:32:05","2021-08-23 23:32:05","2021-08-23 23:32:05","2021-08-23 23:32:05","2021-08-23 23:32:05","2021-08-23 23:32:05","2021-08-23 23:32:05","2021-08-23 23:32:05","2021-08-23 23:32:05","2021-08-23 23:32:05","2021-08-23 23:32:05","2021-08-23 23:32:05","2021-08-23 23:32:05","2021-08-23 23:32:05","2021-08-23 23:32:05","2021-08-23 23:32:05","2021-08-23 23:32:05","2021-08-23 23:32:05","2021-08-23 23:32:05","2021-08-23 23:32:05","2021-08-23 23:32:05","2021-08-23 23:32:05","2021-08-23 23:32:05"],[" 0.216 sec"," 0.218 sec"," 0.219 sec"," 0.220 sec"," 0.221 sec"," 0.223 sec"," 0.224 sec"," 0.225 sec"," 0.226 sec"," 0.227 sec"," 0.228 sec"," 0.229 sec"," 0.230 sec"," 0.231 sec"," 0.232 sec"," 0.234 sec"," 0.235 sec"," 0.236 sec"," 0.237 sec"," 0.239 sec"," 0.240 sec"," 0.241 sec"," 0.242 sec"," 0.243 sec"," 0.245 sec"," 0.246 sec"," 0.247 sec"," 0.248 sec"," 0.250 sec"," 0.251 sec"," 0.252 sec"," 0.253 sec"," 0.255 sec"," 0.256 sec"," 0.257 sec"," 0.259 sec"," 0.260 sec"," 0.261 sec"," 0.263 sec"," 0.264 sec"," 0.266 sec"," 0.267 sec"," 0.268 sec"," 0.270 sec"," 0.271 sec"," 0.273 sec"," 0.274 sec"," 0.276 sec"," 0.277 sec"," 0.279 sec"," 0.280 sec"],[0,1,2,3,4,5,6,7,8,9,10,11,12,13,14,15,16,17,18,19,20,21,22,23,24,25,26,27,28,29,30,31,32,33,34,35,36,37,38,39,40,41,42,43,44,45,46,47,48,49,50],[1.8117282307506175,1.7401023475220552,1.679710717779834,1.6292665918511213,1.5875726389515838,1.5446055354538892,1.5079702310199947,1.4813301481905552,1.453531639399674,1.429305684226474,1.4105866896289496,1.3963143397895112,1.3813431397711518,1.367150580437906,1.3573488272073364,1.348224948897961,1.3371002898413888,1.3256243237384056,1.3176682944484444,1.3096232067866975,1.3021758489419057,1.2909440331280078,1.2834784627822664,1.2727318984058449,1.2665632750595923,1.2593310510403968,1.2510788322901933,1.2468414107761476,1.242668726091302,1.2347046642634776,1.2282025081578722,1.2252984872568653,1.2221467075413666,1.2136296250490126,1.2116745991973727,1.2099838846160524,1.2083411734688418,1.2063470776469067,1.2043843201315643,1.2000239000183919,1.1973766991413246,1.1936619303646674,1.1838303632411142,1.1786261638122373,1.1743603816714354,1.172576749578246,1.1711155190635352,1.169167195508354,1.1627942314801407,1.1611823441608669,1.1560697205745476],[1.3631365740740753,1.3091802663273282,1.2616611818472545,1.224197847975625,1.196883691681756,1.1731027397844527,1.1504574020703633,1.132199689745903,1.1135940882894728,1.0969228115346696,1.0817737215095096,1.0707486884461508,1.0578084637721379,1.0464120258887608,1.0370151085986032,1.0295879261361227,1.0185485722290144,1.0065393042233255,0.9979273478190104,0.9895118636389574,0.9817996364500787,0.9713661546508471,0.9628038981722461,0.9519411470327113,0.9453071691095829,0.9344297303921647,0.9257033877074718,0.9197567860699363,0.9130266132867999,0.9047085044698583,0.8973448740111457,0.892750398359365,0.8894234307938151,0.8782727111958795,0.8740693506681256,0.8715879000309441,0.8674394082691934,0.8652947704411216,0.861258775409725,0.8566805281572871,0.8497631727821298,0.8420702805742621,0.8322156754632791,0.82481247631626,0.8192329000060757,0.8157941086942123,0.8125944876422485,0.8100297158170078,0.8033754212471346,0.8008200193289667,0.7948277338873595],[3.2823591820987628,3.0279561798517673,2.8214280954244453,2.6545096273221684,2.5203868839476957,2.385806260154796,2.273974217642496,2.1943390079382525,2.1127542267359036,2.042914738962109,1.9897548089583585,1.9496937355018187,1.908108869792824,1.8691007095917032,1.8423958387211319,1.8177105128309092,1.7878371850939259,1.7572798476869051,1.736249734194672,1.7151129437542731,1.6956619415675727,1.666536496668807,1.6473169644259298,1.6198464852197458,1.6041825297296808,1.5859146961145105,1.5651982446045938,1.5546135036262543,1.5442255628053794,1.524495607953987,1.5084814010452883,1.5013563828739622,1.4936425747542026,1.472896866796607,1.4681553343401137,1.4640610010305526,1.4600883915000575,1.4552732717472319,1.4505415905787702,1.4400573606153513,1.433710959646574,1.4248288040019041,1.4014543289315884,1.3891596340227508,1.3791223060394797,1.3749362336514848,1.3715115589914533,1.3669519310528697,1.352090424763491,1.3483444363909256,1.3364971988293124],[1.9642186747657195,2.0107603492000052,2.056398303208932,2.097891748961885,2.1240352932718864,2.1397215407334484,2.170773202198067,2.185657938620212,2.1962761367413406,2.209527172079932,2.22107023365386,2.232258594903234,2.242645819930282,2.248509460822594,2.2584418002875886,2.2674479351665204,2.2893252910335176,2.286483581785439,2.2935322658564337,2.3013692540444874,2.3184888041078917,2.3314026294020507,2.3280165619253315,2.3306092702427432,2.3384837417846067,2.34920868696686,2.351093678935924,2.3600836512406023,2.365477022452424,2.3677484813533396,2.3702889395150124,2.3697373145226774,2.37059353183354,2.3770868007699413,2.3823872312387895,2.3809654454261064,2.3878354153406156,2.3883875993281443,2.3890818209706275,2.38686555961874,2.3826277732410324,2.3810286897812154,2.3832296593847015,2.3849091201243935,2.386300114357683,2.385951718388061,2.3855000824477015,2.388581617567343,2.38306448134372,2.3861700686780427,2.383367799462958],[1.332003546099292,1.3543816198623506,1.3760112469826555,1.397736462599315,1.4284801428750096,1.4550245047060355,1.4841435284620208,1.499770916442456,1.5203199873548494,1.5369101147790476,1.5506497433972741,1.5638498762621384,1.5756309694361752,1.5796162784583963,1.5915523969118897,1.5959436585657454,1.6058703701117252,1.6102379647436689,1.6159207663683497,1.622776712769127,1.6337463313521854,1.634858457490004,1.636723140046625,1.6408853505600614,1.641390200761925,1.6455234371780847,1.6489845343569465,1.6527277773866642,1.6529483820189121,1.6546490932102664,1.6574622791791784,1.6543808767300825,1.6572413394392342,1.6615792955872557,1.6631908973962557,1.6641386116940304,1.6630517333306924,1.6651424050397376,1.6664689437364246,1.6638141050758315,1.6665763137140686,1.6683662408601219,1.662691811347341,1.6652464418909814,1.667638985933662,1.6656673895969167,1.6637227385301157,1.6660487241306137,1.6586568021826062,1.660796728401886,1.6552006751363926],[3.8581550022983992,4.0431571819149275,4.228773981440574,4.401149790362358,4.511525927064589,4.578408271878722,4.712256295381248,4.7771006246535554,4.823628868819468,4.882010324159541,4.933152982823213,4.982978434519361,5.029460273650767,5.055794795408714,5.100559365286244,5.141320138690917,5.2410102881657,5.22800716977437,5.260290254524547,5.296300443461281,5.375390334773642,5.435438220382795,5.41966111259864,5.431739570541412,5.4685062105909354,5.518781454920557,5.527641487132459,5.569994840853172,5.5954815437503855,5.606232870951047,5.618269656787203,5.615654939841152,5.619713693171016,5.650541658394675,5.675768919569625,5.668996452313137,5.70175797075489,5.704395324624456,5.70771194729233,5.697127199694081,5.67691510581952,5.669297621561251,5.6797836093709195,5.6877915112525095,5.6944282357834926,5.692765602478942,5.690610643357991,5.7053221437806245,5.678996322242014,5.693807596654976,5.6804420675169025]]},"cv_scoring_history":[{"__meta":{"schema_version":3,"schema_name":"TwoDimTableV3","schema_type":"TwoDimTable"},"name":"Scoring History","description":"","columns":[{"__meta":{"schema_version":-1,"schema_name":"ColumnSpecsBase","schema_type":"Iced"},"name":"","type":"string","format":"%s","description":""},{"__meta":{"schema_version":-1,"schema_name":"ColumnSpecsBase","schema_type":"Iced"},"name":"timestamp","type":"string","format":"%s","description":"Timestamp"},{"__meta":{"schema_version":-1,"schema_name":"ColumnSpecsBase","schema_type":"Iced"},"name":"duration","type":"string","format":"%s","description":"Duration"},{"__meta":{"schema_version":-1,"schema_name":"ColumnSpecsBase","schema_type":"Iced"},"name":"number_of_trees","type":"long","format":"%d","description":"Number of Trees"},{"__meta":{"schema_version":-1,"schema_name":"ColumnSpecsBase","schema_type":"Iced"},"name":"training_rmse","type":"double","format":"%.5f","description":"Training RMSE"},{"__meta":{"schema_version":-1,"schema_name":"ColumnSpecsBase","schema_type":"Iced"},"name":"training_mae","type":"double","format":"%.5f","description":"Training MAE"},{"__meta":{"schema_version":-1,"schema_name":"ColumnSpecsBase","schema_type":"Iced"},"name":"training_deviance","type":"double","format":"%.5f","description":"Training Deviance"},{"__meta":{"schema_version":-1,"schema_name":"ColumnSpecsBase","schema_type":"Iced"},"name":"validation_rmse","type":"double","format":"%.5f","description":"Validation RMSE"},{"__meta":{"schema_version":-1,"schema_name":"ColumnSpecsBase","schema_type":"Iced"},"name":"validation_mae","type":"double","format":"%.5f","description":"Validation MAE"},{"__meta":{"schema_version":-1,"schema_name":"ColumnSpecsBase","schema_type":"Iced"},"name":"validation_deviance","type":"double","format":"%.5f","description":"Validation Deviance"}],"rowcount":51,"data":[["","","","","","","","","","","","","","","","","","","","","","","","","","","","","","","","","","","","","","","","","","","","","","","","","","",""],["2021-08-23 23:32:05","2021-08-23 23:32:05","2021-08-23 23:32:05","2021-08-23 23:32:05","2021-08-23 23:32:05","2021-08-23 23:32:05","2021-08-23 23:32:05","2021-08-23 23:32:05","2021-08-23 23:32:05","2021-08-23 23:32:05","2021-08-23 23:32:05","2021-08-23 23:32:05","2021-08-23 23:32:05","2021-08-23 23:32:05","2021-08-23 23:32:05","2021-08-23 23:32:05","2021-08-23 23:32:05","2021-08-23 23:32:05","2021-08-23 23:32:05","2021-08-23 23:32:05","2021-08-23 23:32:05","2021-08-23 23:32:05","2021-08-23 23:32:05","2021-08-23 23:32:05","2021-08-23 23:32:05","2021-08-23 23:32:05","2021-08-23 23:32:05","2021-08-23 23:32:05","2021-08-23 23:32:05","2021-08-23 23:32:05","2021-08-23 23:32:05","2021-08-23 23:32:05","2021-08-23 23:32:05","2021-08-23 23:32:05","2021-08-23 23:32:05","2021-08-23 23:32:05","2021-08-23 23:32:05","2021-08-23 23:32:05","2021-08-23 23:32:05","2021-08-23 23:32:05","2021-08-23 23:32:05","2021-08-23 23:32:05","2021-08-23 23:32:05","2021-08-23 23:32:05","2021-08-23 23:32:05","2021-08-23 23:32:05","2021-08-23 23:32:05","2021-08-23 23:32:05","2021-08-23 23:32:05","2021-08-23 23:32:05","2021-08-23 23:32:05"],[" 0.015 sec"," 0.022 sec"," 0.025 sec"," 0.028 sec"," 0.033 sec"," 0.039 sec"," 0.042 sec"," 0.044 sec"," 0.047 sec"," 0.049 sec"," 0.052 sec"," 0.055 sec"," 0.058 sec"," 0.060 sec"," 0.063 sec"," 0.064 sec"," 0.098 sec"," 0.099 sec"," 0.101 sec"," 0.103 sec"," 0.105 sec"," 0.107 sec"," 0.108 sec"," 0.110 sec"," 0.112 sec"," 0.114 sec"," 0.116 sec"," 0.119 sec"," 0.121 sec"," 0.124 sec"," 0.126 sec"," 0.129 sec"," 0.131 sec"," 0.134 sec"," 0.136 sec"," 0.139 sec"," 0.142 sec"," 0.145 sec"," 0.147 sec"," 0.151 sec"," 0.153 sec"," 0.156 sec"," 0.159 sec"," 0.170 sec"," 0.175 sec"," 0.178 sec"," 0.180 sec"," 0.182 sec"," 0.184 sec"," 0.186 sec"," 0.188 sec"],[0,1,2,3,4,5,6,7,8,9,10,11,12,13,14,15,16,17,18,19,20,21,22,23,24,25,26,27,28,29,30,31,32,33,34,35,36,37,38,39,40,41,42,43,44,45,46,47,48,49,50],[1.7240873133980725,1.6623440318344105,1.6106491279055863,1.5669579368518747,1.5305748760054143,1.5007334241612629,1.4758160286069995,1.4526565002470955,1.4344471525643678,1.4078971676979153,1.3790459823634795,1.3604888483349746,1.3451837810921106,1.3326146600643374,1.3157838429737947,1.3067725597809772,1.2963891561762484,1.2877315873095818,1.2813184328568374,1.270289072438497,1.258232920130344,1.248382085861345,1.2446104305147652,1.2409064845157298,1.2378894779444922,1.2345695489445054,1.231852722454982,1.2243549705168348,1.2181894687818136,1.2131247841261754,1.2092922207682155,1.2050260215920177,1.2031439955235779,1.2017118417505404,1.2005764269551684,1.199235637593844,1.1976000806275788,1.1932231237007616,1.1919823800787204,1.1909764354291321,1.1875606946940789,1.1867596894990318,1.183970868975682,1.1814888276377826,1.1788896928897832,1.176702974585171,1.1709909638634013,1.1663931143136974,1.1556635505571626,1.1468693019140044,1.1466031865833748],[1.3027522935779816,1.2635005635952732,1.2274360744231338,1.196436295815564,1.1684360897869146,1.1439241269312868,1.122850269352624,1.0997580869482197,1.0801056853128135,1.0590765191874374,1.0349434275145923,1.0176015731391557,1.002077478881276,0.9883881665151054,0.9709759458489374,0.9578791758336058,0.9438522671340802,0.9297656138008887,0.9207352804481437,0.9077673548952155,0.8930565589064852,0.8798382938455004,0.8728666458654841,0.8665905633103956,0.8602869335664521,0.8530247736414638,0.8465132516458493,0.8368000940445366,0.8282774850862835,0.8209748005648272,0.8130698116547471,0.8058059499898088,0.8013066764271587,0.798534515800826,0.7952484690814937,0.7924821989251933,0.7872499829038567,0.7838016387519486,0.7803750103766766,0.7772910638686714,0.7719639463162203,0.7691280929320449,0.7647941571856858,0.761668154952723,0.7583773092392387,0.7561758286362394,0.752554267918298,0.7491836985316845,0.741983391823025,0.7357555245040753,0.734331736870862],[2.9724770642201834,2.7633876801754833,2.594190613223026,2.455357175863084,2.342659451058989,2.2522008103947893,2.1780329502933355,2.1102109077101394,2.057638633500023,1.982174434811812,1.9017678214728542,1.8509299064438258,1.809519404913267,1.7758618322183892,1.7312871214308878,1.7076545229965276,1.6806248442513656,1.6582526409548553,1.641776926378702,1.613634327556657,1.5831500812997326,1.5584578322995224,1.549055123746149,1.539848903313187,1.5323703596056872,1.5241619711810397,1.5174611298197511,1.4990450938292796,1.4839855818509173,1.4716717418611798,1.4623876752105227,1.452087712713886,1.447555473964439,1.444111350603476,1.441383756960439,1.4381661144751134,1.4342459531191833,1.4237814229342027,1.420821994418131,1.4184248697474817,1.4103004035822833,1.4083985606198381,1.401787018583032,1.3959158498329018,1.3897809080017671,1.3846298903975893,1.3712198374497377,1.360472897118406,1.3355582420863878,1.3153091956727159,1.3146988674831492],[2.090796157311509,2.0738997846159597,2.0531895924867754,2.044793941120082,2.0306989739715586,2.036246244297532,2.03558319349224,2.0318518985439877,2.023311327189617,2.012493220757041,2.010469641425836,2.009495323332784,2.0091453840738276,2.0140793552752427,2.0193873160953597,2.0101867886033964,2.009833933281326,2.0106165925037507,2.011701699969946,2.0225487603762122,2.038923869164344,2.0551799235502988,2.057091959741103,2.0558758258807788,2.0559831819528442,2.0574655483414763,2.059298621871459,2.067357629717044,2.0730346129714907,2.080953581864621,2.082329968252029,2.0811230391581863,2.0815531729392727,2.0810001180177746,2.080111175828426,2.0806992535839255,2.081415200908871,2.0860932925574898,2.087201455743585,2.088342483492288,2.0941952923422655,2.095321894083228,2.100952153816113,2.1063249219919737,2.1053912969578352,2.107045414536823,2.11424349708925,2.120669984398244,2.1143454112293454,2.111519637169874,2.110906123786066],[1.3428571428571427,1.3355212630970137,1.3286608816573529,1.3252615405828692,1.3220115740434266,1.3264627100284478,1.3369123406092902,1.3416242511061551,1.3431533225695602,1.3495382782886736,1.3558140937521654,1.3682329158182256,1.375244461054847,1.397328603668471,1.4129769298796808,1.4104291613562965,1.4134127744889287,1.4197996794695167,1.432278689296384,1.4544847290231182,1.4716486395270165,1.487096160909693,1.491913278114849,1.4945916943584703,1.498049817174407,1.5022075519697475,1.5058939199379113,1.5132487993704022,1.5163573889011916,1.522292014379387,1.5244993992565599,1.5268796245184992,1.5273359231800505,1.5285508498566092,1.5291865391773172,1.5303529939431297,1.532867375553386,1.538576666438686,1.5404706306356404,1.5421751977609737,1.5454186356227313,1.5469838549382984,1.5501130250947817,1.5524034398674433,1.553041897476734,1.557641312861233,1.5652582993003308,1.5713173948847856,1.5682579938708971,1.5655045329713695,1.5648829446826962],[4.371428571428571,4.301060316630124,4.21558750269601,4.181182261641398,4.1237383228891415,4.1462987674158045,4.143598937628066,4.128422137616808,4.093788726733808,4.050128963593049,4.041988179094929,4.038071454496329,4.036665174345168,4.056515649345938,4.07792513240682,4.040850925075636,4.039432439369085,4.042579082051394,4.046943729661971,4.090703488099353,4.157210544248099,4.223764518164212,4.231627330831491,4.226625411440975,4.227066844472942,4.233164482612092,4.240710814041689,4.273967569149275,4.297472506577858,4.330367809875196,4.336098096680495,4.331073104115006,4.332863611773553,4.330561491189992,4.326862503806318,4.329309383864705,4.332289238574517,4.351785225253349,4.356409916858141,4.361174328358736,4.385653922468507,4.390373839824527,4.4139999526245655,4.436604677004494,4.432672513305796,4.439640378920653,4.470025564984181,4.497241182727649,4.47045651798659,4.458515178153997,4.455924663437513]]},{"__meta":{"schema_version":3,"schema_name":"TwoDimTableV3","schema_type":"TwoDimTable"},"name":"Scoring History","description":"","columns":[{"__meta":{"schema_version":-1,"schema_name":"ColumnSpecsBase","schema_type":"Iced"},"name":"","type":"string","format":"%s","description":""},{"__meta":{"schema_version":-1,"schema_name":"ColumnSpecsBase","schema_type":"Iced"},"name":"timestamp","type":"string","format":"%s","description":"Timestamp"},{"__meta":{"schema_version":-1,"schema_name":"ColumnSpecsBase","schema_type":"Iced"},"name":"duration","type":"string","format":"%s","description":"Duration"},{"__meta":{"schema_version":-1,"schema_name":"ColumnSpecsBase","schema_type":"Iced"},"name":"number_of_trees","type":"long","format":"%d","description":"Number of Trees"},{"__meta":{"schema_version":-1,"schema_name":"ColumnSpecsBase","schema_type":"Iced"},"name":"training_rmse","type":"double","format":"%.5f","description":"Training RMSE"},{"__meta":{"schema_version":-1,"schema_name":"ColumnSpecsBase","schema_type":"Iced"},"name":"training_mae","type":"double","format":"%.5f","description":"Training MAE"},{"__meta":{"schema_version":-1,"schema_name":"ColumnSpecsBase","schema_type":"Iced"},"name":"training_deviance","type":"double","format":"%.5f","description":"Training Deviance"},{"__meta":{"schema_version":-1,"schema_name":"ColumnSpecsBase","schema_type":"Iced"},"name":"validation_rmse","type":"double","format":"%.5f","description":"Validation RMSE"},{"__meta":{"schema_version":-1,"schema_name":"ColumnSpecsBase","schema_type":"Iced"},"name":"validation_mae","type":"double","format":"%.5f","description":"Validation MAE"},{"__meta":{"schema_version":-1,"schema_name":"ColumnSpecsBase","schema_type":"Iced"},"name":"validation_deviance","type":"double","format":"%.5f","description":"Validation Deviance"}],"rowcount":51,"data":[["","","","","","","","","","","","","","","","","","","","","","","","","","","","","","","","","","","","","","","","","","","","","","","","","","",""],["2021-08-23 23:32:05","2021-08-23 23:32:05","2021-08-23 23:32:05","2021-08-23 23:32:05","2021-08-23 23:32:05","2021-08-23 23:32:05","2021-08-23 23:32:05","2021-08-23 23:32:05","2021-08-23 23:32:05","2021-08-23 23:32:05","2021-08-23 23:32:05","2021-08-23 23:32:05","2021-08-23 23:32:05","2021-08-23 23:32:05","2021-08-23 23:32:05","2021-08-23 23:32:05","2021-08-23 23:32:05","2021-08-23 23:32:05","2021-08-23 23:32:05","2021-08-23 23:32:05","2021-08-23 23:32:05","2021-08-23 23:32:05","2021-08-23 23:32:05","2021-08-23 23:32:05","2021-08-23 23:32:05","2021-08-23 23:32:05","2021-08-23 23:32:05","2021-08-23 23:32:05","2021-08-23 23:32:05","2021-08-23 23:32:05","2021-08-23 23:32:05","2021-08-23 23:32:05","2021-08-23 23:32:05","2021-08-23 23:32:05","2021-08-23 23:32:05","2021-08-23 23:32:05","2021-08-23 23:32:05","2021-08-23 23:32:05","2021-08-23 23:32:05","2021-08-23 23:32:05","2021-08-23 23:32:05","2021-08-23 23:32:05","2021-08-23 23:32:05","2021-08-23 23:32:05","2021-08-23 23:32:05","2021-08-23 23:32:05","2021-08-23 23:32:05","2021-08-23 23:32:05","2021-08-23 23:32:05","2021-08-23 23:32:05","2021-08-23 23:32:05"],[" 0.014 sec"," 0.021 sec"," 0.024 sec"," 0.027 sec"," 0.030 sec"," 0.037 sec"," 0.040 sec"," 0.043 sec"," 0.045 sec"," 0.048 sec"," 0.051 sec"," 0.053 sec"," 0.056 sec"," 0.059 sec"," 0.061 sec"," 0.063 sec"," 0.065 sec"," 0.067 sec"," 0.068 sec"," 0.070 sec"," 0.072 sec"," 0.074 sec"," 0.076 sec"," 0.078 sec"," 0.080 sec"," 0.082 sec"," 0.084 sec"," 0.087 sec"," 0.089 sec"," 0.091 sec"," 0.093 sec"," 0.096 sec"," 0.098 sec"," 0.100 sec"," 0.101 sec"," 0.103 sec"," 0.105 sec"," 0.107 sec"," 0.110 sec"," 0.112 sec"," 0.146 sec"," 0.180 sec"," 0.182 sec"," 0.184 sec"," 0.186 sec"," 0.188 sec"," 0.190 sec"," 0.193 sec"," 0.195 sec"," 0.197 sec"," 0.198 sec"],[0,1,2,3,4,5,6,7,8,9,10,11,12,13,14,15,16,17,18,19,20,21,22,23,24,25,26,27,28,29,30,31,32,33,34,35,36,37,38,39,40,41,42,43,44,45,46,47,48,49,50],[1.8127857108035939,1.7188434793164709,1.6387108025865569,1.5725100511755497,1.5149056938512784,1.4665885511075738,1.4257388469749757,1.3929287256816052,1.3630842485671264,1.3392687181797116,1.3179276897798646,1.3003827810399757,1.2852853630972696,1.2697445654697244,1.2588238825394613,1.2491098011574042,1.2403524746368668,1.225000015502303,1.2065364248400252,1.196872111524993,1.1892913336690967,1.1852450729470667,1.1756745027603726,1.1710368691795974,1.1656970929195862,1.1620737054811543,1.1591261889240252,1.1437699396396335,1.1412196557317884,1.1389265776949467,1.1371955632689255,1.124964741015542,1.1213674305605146,1.108717030834997,1.1019490214801804,1.0962045876053048,1.0883168663280196,1.0798633855212922,1.0790019611787538,1.075232984214632,1.073823565232189,1.0726805754240607,1.0717441000100583,1.0712006004886874,1.0676963381870663,1.0660028562755834,1.063230380901751,1.0617356951643675,1.0614124200786657,1.0610784935627053,1.0608069479198263],[1.3849583828775256,1.3137422800064087,1.2495327735769337,1.1953675253637905,1.1531615503903092,1.1210595204912384,1.0932532713331025,1.0695991310580024,1.049257453145652,1.0307454220179855,1.0136704835398445,0.9984182962055864,0.9835356720562639,0.9665428060909798,0.954391094117329,0.9429395661271852,0.9343440008574518,0.9234804367196972,0.9067923616746376,0.8981674971251652,0.8876694908429836,0.8807606815264143,0.8735753600967342,0.8660295071273014,0.8613596625369171,0.8553328010542639,0.8502318622737095,0.8333972479248869,0.8279886099285093,0.8236348384927059,0.8191315891413853,0.8043621236394192,0.797561165844572,0.782750532801809,0.7756535592007225,0.7694446897969164,0.7627892429972517,0.7517187586375351,0.7485679132414276,0.7436047473215851,0.7396334026265761,0.7360591880720238,0.7327725920055447,0.730545087235755,0.724371664161826,0.7208676963787655,0.7161232597869018,0.7128344634226684,0.7117542925708252,0.7100873732104384,0.7087182935712666],[3.2861920332936907,2.954422906388751,2.6853730945138774,2.47278786104813,2.2949392612630235,2.1508819782398128,2.032731259773533,1.9402504348289804,1.8579986686918077,1.7936406994947276,1.7369333954884913,1.6909953772252615,1.65195846459208,1.612251261539899,1.5846375672517237,1.5602752953474899,1.538474261337799,1.5006250379806427,1.45573014446575,1.4325028513462952,1.4144138763404186,1.4048058829452974,1.382210536440849,1.3713273489779534,1.3588497124411747,1.3504152969707004,1.3435735218495348,1.308209674823251,1.302382302628582,1.2971537493799234,1.2932137491185285,1.2655456685281654,1.2574649143218903,1.2292534544635714,1.214291645941127,1.2016644978869162,1.1844336015340404,1.1661049313895069,1.164245232227597,1.1561259703431028,1.1530970492479695,1.150643616892094,1.1486354159063699,1.1474707264873243,1.1399754705780705,1.1363620895877022,1.1304588428724822,1.1272826863861627,1.12659632549725,1.1258875695013,1.1253113807549773],[1.8371548698918627,1.8393451902330569,1.8443991819758916,1.872711279150722,1.8918754401783262,1.915865021896096,1.9326345606966264,1.9499584807723453,1.9764129161389632,1.99095162338882,2.0187389444714876,2.0287745033080404,2.0406689224192323,2.0575487213138244,2.0651761765696315,2.0680417615234887,2.0796463819239484,2.0904570710689154,2.10663034190301,2.1133885414305422,2.118518928103903,2.1210186189808504,2.1351282634365676,2.1412257052561543,2.1480813054421235,2.1576558258723946,2.16655866455063,2.1877773980989508,2.1898668470273916,2.1972695070447306,2.205295126452762,2.2259996875153996,2.2343975703666077,2.2544134897452692,2.2641348048742187,2.2649749341598513,2.269971175509238,2.2900399974829213,2.2918094768214714,2.29597913782021,2.296881284386814,2.297728721856032,2.29953676069045,2.303972807851369,2.3112757698821005,2.3143391476002435,2.3178710512119323,2.323102964287905,2.3267302985100744,2.329652307148178,2.3320851626765515],[1.4907635467980302,1.4967665569013762,1.4988359365367976,1.5132905587742085,1.52482412435548,1.5444302925876732,1.5526384717023256,1.5636480753080644,1.5805935711935952,1.5889023793299273,1.603834187888353,1.6085630569577207,1.6107062600598063,1.618754187031229,1.618580607244467,1.6216653372687835,1.6302319972437822,1.6364143171275713,1.653680552175789,1.662040371435616,1.6643140485521422,1.6644806433679817,1.670829066628645,1.6740531788884012,1.680737094425917,1.6855209080846196,1.6887051499883992,1.712382690270353,1.7112948389219533,1.712660741674519,1.7137663021632519,1.7357667690752887,1.7390440709176687,1.7580926465621831,1.7628524184279757,1.7613904779929483,1.7639320451253575,1.7792986017222332,1.7779214134958254,1.7797049170229797,1.7804469369428408,1.781114752311716,1.782675403277181,1.7839023820195654,1.7887412831154392,1.7916384070307572,1.7940888298553173,1.7971230145733395,1.7995716625922682,1.800523654224982,1.8011251052415786],[3.375138015967387,3.38319072883348,3.401808342473338,3.507047535058334,3.579192681149936,3.670538782124928,3.7350763451990425,3.8023380767359933,3.90620801508092,3.9638883666745777,4.075306925925856,4.115925985272787,4.16432965092767,4.233506740580153,4.264952640270761,4.276796727405174,4.324929073849369,4.370010765982029,4.437891397426393,4.466411127049915,4.488122448734511,4.498719982063434,4.558772701325652,4.584847520849715,4.614253294789937,4.655478662921085,4.693976446939409,4.786369943632615,4.7955168077096895,4.827993286588593,4.8633265947563045,4.955074608818657,4.9925325024602,5.082380182745443,5.1263064146428166,5.130111452372423,5.152769137642793,5.244283190071578,5.252390678048706,5.271520201305635,5.2756636345664205,5.279557279242154,5.287869313766728,5.30829069931852,5.341995684444096,5.356165690115022,5.372526210046307,5.396807382683251,5.4136738820047805,5.4272798722008275,5.438621205976117]]},{"__meta":{"schema_version":3,"schema_name":"TwoDimTableV3","schema_type":"TwoDimTable"},"name":"Scoring History","description":"","columns":[{"__meta":{"schema_version":-1,"schema_name":"ColumnSpecsBase","schema_type":"Iced"},"name":"","type":"string","format":"%s","description":""},{"__meta":{"schema_version":-1,"schema_name":"ColumnSpecsBase","schema_type":"Iced"},"name":"timestamp","type":"string","format":"%s","description":"Timestamp"},{"__meta":{"schema_version":-1,"schema_name":"ColumnSpecsBase","schema_type":"Iced"},"name":"duration","type":"string","format":"%s","description":"Duration"},{"__meta":{"schema_version":-1,"schema_name":"ColumnSpecsBase","schema_type":"Iced"},"name":"number_of_trees","type":"long","format":"%d","description":"Number of Trees"},{"__meta":{"schema_version":-1,"schema_name":"ColumnSpecsBase","schema_type":"Iced"},"name":"training_rmse","type":"double","format":"%.5f","description":"Training RMSE"},{"__meta":{"schema_version":-1,"schema_name":"ColumnSpecsBase","schema_type":"Iced"},"name":"training_mae","type":"double","format":"%.5f","description":"Training MAE"},{"__meta":{"schema_version":-1,"schema_name":"ColumnSpecsBase","schema_type":"Iced"},"name":"training_deviance","type":"double","format":"%.5f","description":"Training Deviance"},{"__meta":{"schema_version":-1,"schema_name":"ColumnSpecsBase","schema_type":"Iced"},"name":"validation_rmse","type":"double","format":"%.5f","description":"Validation RMSE"},{"__meta":{"schema_version":-1,"schema_name":"ColumnSpecsBase","schema_type":"Iced"},"name":"validation_mae","type":"double","format":"%.5f","description":"Validation MAE"},{"__meta":{"schema_version":-1,"schema_name":"ColumnSpecsBase","schema_type":"Iced"},"name":"validation_deviance","type":"double","format":"%.5f","description":"Validation Deviance"}],"rowcount":51,"data":[["","","","","","","","","","","","","","","","","","","","","","","","","","","","","","","","","","","","","","","","","","","","","","","","","","",""],["2021-08-23 23:32:05","2021-08-23 23:32:05","2021-08-23 23:32:05","2021-08-23 23:32:05","2021-08-23 23:32:05","2021-08-23 23:32:05","2021-08-23 23:32:05","2021-08-23 23:32:05","2021-08-23 23:32:05","2021-08-23 23:32:05","2021-08-23 23:32:05","2021-08-23 23:32:05","2021-08-23 23:32:05","2021-08-23 23:32:05","2021-08-23 23:32:05","2021-08-23 23:32:05","2021-08-23 23:32:05","2021-08-23 23:32:05","2021-08-23 23:32:05","2021-08-23 23:32:05","2021-08-23 23:32:05","2021-08-23 23:32:05","2021-08-23 23:32:05","2021-08-23 23:32:05","2021-08-23 23:32:05","2021-08-23 23:32:05","2021-08-23 23:32:05","2021-08-23 23:32:05","2021-08-23 23:32:05","2021-08-23 23:32:05","2021-08-23 23:32:05","2021-08-23 23:32:05","2021-08-23 23:32:05","2021-08-23 23:32:05","2021-08-23 23:32:05","2021-08-23 23:32:05","2021-08-23 23:32:05","2021-08-23 23:32:05","2021-08-23 23:32:05","2021-08-23 23:32:05","2021-08-23 23:32:05","2021-08-23 23:32:05","2021-08-23 23:32:05","2021-08-23 23:32:05","2021-08-23 23:32:05","2021-08-23 23:32:05","2021-08-23 23:32:05","2021-08-23 23:32:05","2021-08-23 23:32:05","2021-08-23 23:32:05","2021-08-23 23:32:05"],[" 0.016 sec"," 0.023 sec"," 0.025 sec"," 0.029 sec"," 0.063 sec"," 0.065 sec"," 0.066 sec"," 0.068 sec"," 0.070 sec"," 0.072 sec"," 0.074 sec"," 0.076 sec"," 0.078 sec"," 0.080 sec"," 0.082 sec"," 0.085 sec"," 0.086 sec"," 0.088 sec"," 0.091 sec"," 0.093 sec"," 0.095 sec"," 0.097 sec"," 0.099 sec"," 0.101 sec"," 0.103 sec"," 0.105 sec"," 0.107 sec"," 0.109 sec"," 0.111 sec"," 0.113 sec"," 0.115 sec"," 0.118 sec"," 0.120 sec"," 0.123 sec"," 0.125 sec"," 0.128 sec"," 0.130 sec"," 0.133 sec"," 0.136 sec"," 0.140 sec"," 0.142 sec"," 0.145 sec"," 0.147 sec"," 0.181 sec"," 0.183 sec"," 0.185 sec"," 0.187 sec"," 0.189 sec"," 0.191 sec"," 0.193 sec"," 0.196 sec"],[0,1,2,3,4,5,6,7,8,9,10,11,12,13,14,15,16,17,18,19,20,21,22,23,24,25,26,27,28,29,30,31,32,33,34,35,36,37,38,39,40,41,42,43,44,45,46,47,48,49,50],[1.8431973695754555,1.759350555689275,1.6883850907048827,1.6273468173441121,1.5761740205155046,1.5316321129962371,1.4948685329479119,1.4626279569755043,1.4350724805974153,1.412584861671662,1.392978586841717,1.3709299356774471,1.3538868144012752,1.3373192180320104,1.3245060375768538,1.3071033677834687,1.2938463107599232,1.2829151499932503,1.2704054366762803,1.2613160211080479,1.253044619138332,1.2473629794105978,1.2411562655816433,1.2358566636307569,1.2296501538757894,1.225107260417093,1.2216647773633695,1.2188355259008985,1.2142008932091024,1.2106943643008752,1.2072305281356814,1.2054598876241618,1.2017361272739293,1.1987351263401747,1.1961565844284479,1.1928109142496244,1.184751399522409,1.1688963329710826,1.1629510537956624,1.148715979705093,1.1370104564166255,1.133389607404191,1.1308030022028068,1.1256580885972716,1.1245017849172219,1.1234349741078342,1.1224942055407359,1.121626140193582,1.1212408498045794,1.1147493356169507,1.1141049908716576],[1.3667695473251034,1.305495646264818,1.2529616135138053,1.2064827018313937,1.1750855445861816,1.149846253571687,1.1275882146976612,1.1115194227960374,1.0961665555282876,1.0795973936716716,1.064305102383649,1.0466066665119595,1.0339751442273457,1.018696418514958,1.0075442139749173,0.9881055586867862,0.9724624112800315,0.9586207038826413,0.9435995452933841,0.9304933498303095,0.9193409063197948,0.912607839262044,0.9043106304274665,0.8962339637456117,0.888517650741118,0.8820009537869029,0.8758524281007273,0.8718108341649726,0.8651475031618718,0.8587549682016726,0.8560192499447752,0.8524448733638834,0.8451394024822447,0.8388384006641529,0.8337371972975908,0.8273577905363507,0.8202407077230789,0.8090025259664765,0.8033851114688096,0.7896406992718026,0.7784942141561596,0.772506901787387,0.7690770468778081,0.762361542839143,0.7602968484301258,0.7575093800960867,0.7556460376966883,0.7531104841166072,0.7509769340632139,0.7422927053024372,0.7402207832266059],[3.3973765432098784,3.095314377804161,2.850644214514535,2.648257663920011,2.4843245429480105,2.345896929561318,2.2346319307978426,2.1392805405263378,2.059433024568019,1.9953959914239487,1.940389343399547,1.8794488885365692,1.8330095062096332,1.7884226909177476,1.7543162435775381,1.708519214070886,1.6740382758670636,1.6458712820822041,1.6139299735366501,1.5909181051038377,1.5701208175515273,1.5559144024040836,1.5404688755925704,1.5273416930405457,1.5120395009267524,1.5008877995266747,1.492464828250291,1.48556003919812,1.4742838090697818,1.4657808437499003,1.4574055480627566,1.4531335406708565,1.4441697195953418,1.4369659031217947,1.4307905744715304,1.422797877153025,1.4036358786703071,1.3663186372332443,1.3524551535244416,1.3195484020298318,1.292792778000743,1.284572002171826,1.2787154297908812,1.267106132424463,1.2645042642820177,1.26210614104867,1.259993241472528,1.2580451983655532,1.2571810432704953,1.2426660812584327,1.2412299306851362],[1.7143637915788303,1.652499970135011,1.6112164144842398,1.586701840123494,1.5753552910491728,1.57514034766774,1.581377593647139,1.5920128494189731,1.6071860944256318,1.625194879963344,1.6416680209136667,1.664719455687227,1.6905529974751585,1.7130172941366448,1.7363184526365718,1.766027624729437,1.7951820095616366,1.822545354606708,1.8481634433434355,1.8713029852729295,1.8842581145393573,1.891554091338965,1.900241212015744,1.9200940631295682,1.9289992354567513,1.9377250164666227,1.9449668873154498,1.9488896652768288,1.9498556198839598,1.9537512986363006,1.956371017854479,1.9629683290376594,1.9606591993286304,1.9681673160402369,1.9693881049773097,1.975471111968565,1.9892300454922325,1.9918867680953014,1.9918159409981673,2.0012557306666063,2.012271556690712,2.021265365535839,2.0263300025809245,2.035064731033783,2.036730435157827,2.0378080539401453,2.03932789113225,2.0403347478148155,2.043518790951366,2.046029834498271,2.047207766410026],[1.3765432098765424,1.3192401991576455,1.267667485415406,1.221813435953708,1.1947727314121785,1.1765607419297277,1.1975661688584853,1.2196223687791594,1.2417767641959525,1.256008929996981,1.2705826252514931,1.2875934388304564,1.303751783345949,1.3185607876487067,1.337185441257751,1.3606396523150182,1.3814880099510858,1.3984574229819784,1.4153816086732762,1.428772937390134,1.4364415551569243,1.439729718559456,1.44420394278466,1.454992045781092,1.4604382587851743,1.4642730403357955,1.4679524506833035,1.4702297793225432,1.4649902646012185,1.4656246602164484,1.4675493445911452,1.4712674838301212,1.4681757884932376,1.472475309791521,1.4721815766662791,1.4714099298774181,1.482271506341083,1.4854594324779715,1.4826830283013916,1.4915627909616898,1.501591734785366,1.507710885176914,1.5112480782429343,1.5158384885738556,1.5179988710179981,1.5187767195720037,1.5207244487412395,1.5214323786846624,1.523693467181972,1.529875191027629,1.5311363035942536],[2.9390432098765435,2.730756151296212,2.5960183343034493,2.5176227294512823,2.4817442930366242,2.4810671148508487,2.5007550936892162,2.5345049127151182,2.5830471421151158,2.6412583978590685,2.6950738908905953,2.7712908661435773,2.857969437272243,2.934428250011232,3.014801768966259,3.1188535713074974,3.2226784474537564,3.3216715695984913,3.415708113311064,3.5017748626913776,3.550428642207414,3.5779768804611773,3.6109166638430636,3.6867612112654147,3.7210380503927314,3.7547782394405727,3.7828961927535496,3.79817092742283,3.8019369383930615,3.8171441369230314,3.8273875595009708,3.8532446608049002,3.844184495911986,3.8736825839290296,3.878489508026119,3.9024861142223193,3.957036173889029,3.9676128969131454,3.9673307428144144,4.005024499525933,4.049236817866461,4.085513677914729,4.10601327935961,4.141488459497604,4.148270865498191,4.152661664703322,4.158858247549909,4.162965883140547,4.175969048971333,4.186238083657021,4.191059638849526]]},{"__meta":{"schema_version":3,"schema_name":"TwoDimTableV3","schema_type":"TwoDimTable"},"name":"Scoring History","description":"","columns":[{"__meta":{"schema_version":-1,"schema_name":"ColumnSpecsBase","schema_type":"Iced"},"name":"","type":"string","format":"%s","description":""},{"__meta":{"schema_version":-1,"schema_name":"ColumnSpecsBase","schema_type":"Iced"},"name":"timestamp","type":"string","format":"%s","description":"Timestamp"},{"__meta":{"schema_version":-1,"schema_name":"ColumnSpecsBase","schema_type":"Iced"},"name":"duration","type":"string","format":"%s","description":"Duration"},{"__meta":{"schema_version":-1,"schema_name":"ColumnSpecsBase","schema_type":"Iced"},"name":"number_of_trees","type":"long","format":"%d","description":"Number of Trees"},{"__meta":{"schema_version":-1,"schema_name":"ColumnSpecsBase","schema_type":"Iced"},"name":"training_rmse","type":"double","format":"%.5f","description":"Training RMSE"},{"__meta":{"schema_version":-1,"schema_name":"ColumnSpecsBase","schema_type":"Iced"},"name":"training_mae","type":"double","format":"%.5f","description":"Training MAE"},{"__meta":{"schema_version":-1,"schema_name":"ColumnSpecsBase","schema_type":"Iced"},"name":"training_deviance","type":"double","format":"%.5f","description":"Training Deviance"},{"__meta":{"schema_version":-1,"schema_name":"ColumnSpecsBase","schema_type":"Iced"},"name":"validation_rmse","type":"double","format":"%.5f","description":"Validation RMSE"},{"__meta":{"schema_version":-1,"schema_name":"ColumnSpecsBase","schema_type":"Iced"},"name":"validation_mae","type":"double","format":"%.5f","description":"Validation MAE"},{"__meta":{"schema_version":-1,"schema_name":"ColumnSpecsBase","schema_type":"Iced"},"name":"validation_deviance","type":"double","format":"%.5f","description":"Validation Deviance"}],"rowcount":51,"data":[["","","","","","","","","","","","","","","","","","","","","","","","","","","","","","","","","","","","","","","","","","","","","","","","","","",""],["2021-08-23 23:32:05","2021-08-23 23:32:05","2021-08-23 23:32:05","2021-08-23 23:32:05","2021-08-23 23:32:05","2021-08-23 23:32:05","2021-08-23 23:32:05","2021-08-23 23:32:05","2021-08-23 23:32:05","2021-08-23 23:32:05","2021-08-23 23:32:05","2021-08-23 23:32:05","2021-08-23 23:32:05","2021-08-23 23:32:05","2021-08-23 23:32:05","2021-08-23 23:32:05","2021-08-23 23:32:05","2021-08-23 23:32:05","2021-08-23 23:32:05","2021-08-23 23:32:05","2021-08-23 23:32:05","2021-08-23 23:32:05","2021-08-23 23:32:05","2021-08-23 23:32:05","2021-08-23 23:32:05","2021-08-23 23:32:05","2021-08-23 23:32:05","2021-08-23 23:32:05","2021-08-23 23:32:05","2021-08-23 23:32:05","2021-08-23 23:32:05","2021-08-23 23:32:05","2021-08-23 23:32:05","2021-08-23 23:32:05","2021-08-23 23:32:05","2021-08-23 23:32:05","2021-08-23 23:32:05","2021-08-23 23:32:05","2021-08-23 23:32:05","2021-08-23 23:32:05","2021-08-23 23:32:05","2021-08-23 23:32:05","2021-08-23 23:32:05","2021-08-23 23:32:05","2021-08-23 23:32:05","2021-08-23 23:32:05","2021-08-23 23:32:05","2021-08-23 23:32:05","2021-08-23 23:32:05","2021-08-23 23:32:05","2021-08-23 23:32:05"],[" 0.016 sec"," 0.022 sec"," 0.025 sec"," 0.028 sec"," 0.033 sec"," 0.039 sec"," 0.041 sec"," 0.044 sec"," 0.046 sec"," 0.049 sec"," 0.051 sec"," 0.054 sec"," 0.057 sec"," 0.059 sec"," 0.062 sec"," 0.064 sec"," 0.097 sec"," 0.099 sec"," 0.100 sec"," 0.102 sec"," 0.104 sec"," 0.105 sec"," 0.107 sec"," 0.109 sec"," 0.111 sec"," 0.113 sec"," 0.147 sec"," 0.150 sec"," 0.153 sec"," 0.155 sec"," 0.158 sec"," 0.170 sec"," 0.174 sec"," 0.177 sec"," 0.180 sec"," 0.182 sec"," 0.184 sec"," 0.186 sec"," 0.188 sec"," 0.190 sec"," 0.192 sec"," 0.194 sec"," 0.196 sec"," 0.198 sec"," 0.200 sec"," 0.202 sec"," 0.203 sec"," 0.205 sec"," 0.206 sec"," 0.208 sec"," 0.209 sec"],[0,1,2,3,4,5,6,7,8,9,10,11,12,13,14,15,16,17,18,19,20,21,22,23,24,25,26,27,28,29,30,31,32,33,34,35,36,37,38,39,40,41,42,43,44,45,46,47,48,49,50],[1.8534183762939005,1.758941464458256,1.6782986503558173,1.5948606418927769,1.5236397292445147,1.4591133197631136,1.4030356727646798,1.3649721437522122,1.3239016991333048,1.2901382127609526,1.2624773108404646,1.2324415242508049,1.2098098922717087,1.1910039242133075,1.1697443456594665,1.151410371198702,1.1359244584527155,1.1243462016175383,1.1123202409397916,1.1025728741141967,1.0933036605172335,1.0853486009711029,1.0762925949367492,1.068347823041836,1.0625014598649787,1.0529311225546552,1.0465373463309464,1.0360088806356582,1.027841563031757,1.020877280307829,1.0136255775792846,1.0099010881322241,1.0042254568425768,0.9993332806992961,0.993392941926092,0.9909973470030532,0.9873207964739407,0.9854173264742985,0.982472353003384,0.9809285135871074,0.9777536635195737,0.9708919040210444,0.9653318592310153,0.9633271614007608,0.9621507931873988,0.9576807968204925,0.956093043247518,0.9551923984651065,0.9535335712244383,0.9496782591656707,0.9455451646330033],[1.3770023466993198,1.3098793993092546,1.2491806107338028,1.1909631093343098,1.1441827783680925,1.1021843486362033,1.0670147014386726,1.0416264943402223,1.0103379090627034,0.9843314825886428,0.9656442343586623,0.9410798284742568,0.9228925668832028,0.9068571581985011,0.8857293165091312,0.8699315497369478,0.8559590168673583,0.8409028908219001,0.8288506666819254,0.8160975521261041,0.8060726999032377,0.7979185262111702,0.7856908856016217,0.776192757818434,0.7665603756904602,0.7557766594067968,0.7485945784684384,0.7373068925708232,0.7289212026981392,0.7207842460184386,0.7125724349359069,0.7068343282950045,0.6993762519624498,0.6908380322986178,0.6843851193635151,0.679823448411142,0.6744712740182877,0.6700576352651673,0.6652673797474967,0.6614418067414352,0.6569774471449129,0.64699611624684,0.6383258944207971,0.6349456400582285,0.631019126435723,0.6239710766257662,0.6205294562710656,0.6172653573631036,0.6140989363193512,0.6069651843622478,0.6003979333121368],[3.4351596775839184,3.093875075390554,2.816686359786158,2.54358046705864,2.321478024532298,2.1290116799101346,1.9685090990502376,1.8631489532195096,1.7527157089680516,1.6644566080260252,1.5938489603869712,1.518912110697647,1.4636399754384832,1.4184903474914976,1.3683018342022935,1.3257458429039326,1.2903243753110951,1.2641543810917861,1.2372563184043563,1.21566694273244,1.195312894100382,1.1779815856299305,1.1584057499156812,1.1413670709982302,1.1289093522152107,1.108663948844206,1.0952404172654193,1.0733144007559494,1.0564582786955652,1.0421904214487094,1.0274368115229384,1.0199002078106505,1.008468768170682,0.998667005913218,0.9868295370685759,0.9820757417670898,0.9748023551499365,0.9710473073157542,0.965251924416006,0.9622207487682121,0.9560022265259478,0.9426310892936088,0.9318655984464086,0.9279992198924474,0.9257341488311408,0.9171525085987333,0.9141139073463003,0.9123925180855228,0.9092262714520309,0.9018887959319389,0.8940556583608534],[1.7164526123525792,1.697536396887069,1.6807637172737833,1.6964282400587367,1.7192445561855287,1.7497391839977396,1.7841098532303086,1.7819853878288774,1.807270388748242,1.8366783340659494,1.8309094581638705,1.8578280607752948,1.857782076665386,1.8591242070391636,1.8812659347344405,1.9070521860033733,1.9092879732699246,1.9093725113705993,1.9104787148239157,1.914378254286757,1.916547261787413,1.9144056634112114,1.9243966235092078,1.9355932005949716,1.9438318830786472,1.9455336992221526,1.9523309264906863,1.9606167432439614,1.9685552328967146,1.9732857027447543,1.9755173408279645,1.9826364884652412,1.98443263239955,1.9930394300538647,1.99724459171066,2.0033740395500557,2.0069016065904752,2.012289265366801,2.015495550225759,2.0202266658493784,2.0210642759985573,2.0212377241342017,2.0214646401614615,2.0227715060662073,2.0236414522027144,2.0252667810196683,2.02778011533057,2.0271197457433967,2.027614201910262,2.028001779442849,2.0306187440801455],[1.3308641975308633,1.2987957250924749,1.2616529588700458,1.2709808691783129,1.291050917979571,1.3203590548975643,1.3487661777753013,1.35824400764638,1.3694410347240713,1.3907478449209743,1.3834023352676843,1.397683620883943,1.396062622714408,1.3989903846797682,1.4093264167549546,1.4231106694519358,1.4273701207430844,1.4294405201563127,1.4308835739208434,1.4350477617379533,1.4392669039794606,1.445201046011064,1.4528116445901131,1.4624716877022188,1.4673251496333677,1.4700728305909716,1.4808745505996395,1.4901187396074682,1.4962834496966186,1.5044579428707907,1.5081629396193077,1.5176283294939679,1.5197586888327714,1.527589886354524,1.5306303821694867,1.5383733117729772,1.5422543918283795,1.548682061291438,1.552186531592609,1.5568550930264649,1.5581483837207417,1.5571030126861969,1.5556488379470628,1.5570433887804997,1.5589806271060458,1.5618663179561998,1.5636528547830555,1.5650354730576468,1.5658880887750315,1.572217817830571,1.579655391247868],[2.9462095704519937,2.8816298187563327,2.824966673303986,2.877868773668783,2.955801843973576,3.061587212017076,3.183047968393473,3.175471922435635,3.266226258046222,3.373387302827271,3.3522294439939175,3.4515251034040926,3.4513542443791545,3.4563428171989985,3.539161517192248,3.6368480401402445,3.6453805648731765,3.645703387177669,3.649928919795241,3.664844100486011,3.6731534066648313,3.6649490441009207,3.70330236457364,3.7465210381894862,3.7784823896730795,3.7851013748090336,3.8115960465319816,3.8440180138885576,3.8752097049650382,3.893856464656859,3.9026687639119917,3.9308474453937823,3.9379728725322076,3.9722061697494344,3.9889859591174814,4.013507542343109,4.02765405853543,4.04930808751046,4.062222312979835,4.081315781408897,4.0847008077175735,4.085401937463207,4.0863192914231075,4.091604565753352,4.095124727073111,4.10170553430177,4.111892196130059,4.109214463582774,4.11121935178819,4.1127912174233625,4.123412483809627]]}],"reproducibility_information_table":[{"__meta":{"schema_version":3,"schema_name":"TwoDimTableV3","schema_type":"TwoDimTable"},"name":"Node Information","description":"","columns":[{"__meta":{"schema_version":-1,"schema_name":"ColumnSpecsBase","schema_type":"Iced"},"name":"","type":"string","format":"%s","description":""},{"__meta":{"schema_version":-1,"schema_name":"ColumnSpecsBase","schema_type":"Iced"},"name":"node","type":"int","format":"%d","description":"node"},{"__meta":{"schema_version":-1,"schema_name":"ColumnSpecsBase","schema_type":"Iced"},"name":"h2o","type":"string","format":"%s","description":"h2o"},{"__meta":{"schema_version":-1,"schema_name":"ColumnSpecsBase","schema_type":"Iced"},"name":"healthy","type":"string","format":"%s","description":"healthy"},{"__meta":{"schema_version":-1,"schema_name":"ColumnSpecsBase","schema_type":"Iced"},"name":"last_ping","type":"string","format":"%s","description":"last_ping"},{"__meta":{"schema_version":-1,"schema_name":"ColumnSpecsBase","schema_type":"Iced"},"name":"num_cpus","type":"int","format":"%d","description":"num_cpus"},{"__meta":{"schema_version":-1,"schema_name":"ColumnSpecsBase","schema_type":"Iced"},"name":"sys_load","type":"double","format":"%.5f","description":"sys_load"},{"__meta":{"schema_version":-1,"schema_name":"ColumnSpecsBase","schema_type":"Iced"},"name":"mem_value_size","type":"long","format":"%d","description":"mem_value_size"},{"__meta":{"schema_version":-1,"schema_name":"ColumnSpecsBase","schema_type":"Iced"},"name":"free_mem","type":"long","format":"%d","description":"free_mem"},{"__meta":{"schema_version":-1,"schema_name":"ColumnSpecsBase","schema_type":"Iced"},"name":"pojo_mem","type":"long","format":"%d","description":"pojo_mem"},{"__meta":{"schema_version":-1,"schema_name":"ColumnSpecsBase","schema_type":"Iced"},"name":"swap_mem","type":"long","format":"%d","description":"swap_mem"},{"__meta":{"schema_version":-1,"schema_name":"ColumnSpecsBase","schema_type":"Iced"},"name":"free_disc","type":"long","format":"%d","description":"free_disc"},{"__meta":{"schema_version":-1,"schema_name":"ColumnSpecsBase","schema_type":"Iced"},"name":"max_disc","type":"long","format":"%d","description":"max_disc"},{"__meta":{"schema_version":-1,"schema_name":"ColumnSpecsBase","schema_type":"Iced"},"name":"pid","type":"int","format":"%d","description":"pid"},{"__meta":{"schema_version":-1,"schema_name":"ColumnSpecsBase","schema_type":"Iced"},"name":"num_keys","type":"int","format":"%d","description":"num_keys"},{"__meta":{"schema_version":-1,"schema_name":"ColumnSpecsBase","schema_type":"Iced"},"name":"tcps_active","type":"string","format":"%s","description":"tcps_active"},{"__meta":{"schema_version":-1,"schema_name":"ColumnSpecsBase","schema_type":"Iced"},"name":"open_fds","type":"int","format":"%d","description":"open_fds"},{"__meta":{"schema_version":-1,"schema_name":"ColumnSpecsBase","schema_type":"Iced"},"name":"rpcs_active","type":"string","format":"%s","description":"rpcs_active"},{"__meta":{"schema_version":-1,"schema_name":"ColumnSpecsBase","schema_type":"Iced"},"name":"nthreads","type":"int","format":"%d","description":"nthreads"},{"__meta":{"schema_version":-1,"schema_name":"ColumnSpecsBase","schema_type":"Iced"},"name":"is_leader","type":"string","format":"%s","description":"is_leader"},{"__meta":{"schema_version":-1,"schema_name":"ColumnSpecsBase","schema_type":"Iced"},"name":"total_mem","type":"long","format":"%d","description":"total_mem"},{"__meta":{"schema_version":-1,"schema_name":"ColumnSpecsBase","schema_type":"Iced"},"name":"max_mem","type":"long","format":"%d","description":"max_mem"},{"__meta":{"schema_version":-1,"schema_name":"ColumnSpecsBase","schema_type":"Iced"},"name":"java_version","type":"string","format":"%s","description":"java_version"},{"__meta":{"schema_version":-1,"schema_name":"ColumnSpecsBase","schema_type":"Iced"},"name":"jvm_launch_parameters","type":"string","format":"%s","description":"jvm_launch_parameters"},{"__meta":{"schema_version":-1,"schema_name":"ColumnSpecsBase","schema_type":"Iced"},"name":"os_version","type":"string","format":"%s","description":"os_version"},{"__meta":{"schema_version":-1,"schema_name":"ColumnSpecsBase","schema_type":"Iced"},"name":"machine_physical_mem","type":"long","format":"%d","description":"machine_physical_mem"},{"__meta":{"schema_version":-1,"schema_name":"ColumnSpecsBase","schema_type":"Iced"},"name":"machine_locale","type":"string","format":"%s","description":"machine_locale"}],"rowcount":1,"data":[[""],[0],["127.0.0.1:54321"],["true"],["1629754325836"],[8],[0.19079272],[18670464],[4244839552],[0],[0],[52075429888],[106766008320],[12212],[9729],["\u0000"],[-1],["\u0000"],[8],["true"],[707788800],[4263510016],["Java 11.0.7 (from Oracle Corporation)"],["[]"],["Windows 10 10.0 (amd64)"],[17052135424],["en_US"]]},{"__meta":{"schema_version":3,"schema_name":"TwoDimTableV3","schema_type":"TwoDimTable"},"name":"Cluster Configuration","description":"","columns":[{"__meta":{"schema_version":-1,"schema_name":"ColumnSpecsBase","schema_type":"Iced"},"name":"","type":"string","format":"%s","description":""},{"__meta":{"schema_version":-1,"schema_name":"ColumnSpecsBase","schema_type":"Iced"},"name":"h2o_cluster_uptime","type":"long","format":"%d","description":"H2O cluster uptime"},{"__meta":{"schema_version":-1,"schema_name":"ColumnSpecsBase","schema_type":"Iced"},"name":"h2o_cluster_timezone","type":"string","format":"%s","description":"H2O cluster timezone"},{"__meta":{"schema_version":-1,"schema_name":"ColumnSpecsBase","schema_type":"Iced"},"name":"h2o_data_parsing_timezone","type":"string","format":"%s","description":"H2O data parsing timezone"},{"__meta":{"schema_version":-1,"schema_name":"ColumnSpecsBase","schema_type":"Iced"},"name":"h2o_cluster_version","type":"string","format":"%s","description":"H2O cluster version"},{"__meta":{"schema_version":-1,"schema_name":"ColumnSpecsBase","schema_type":"Iced"},"name":"h2o_cluster_version_age","type":"string","format":"%s","description":"H2O cluster version age"},{"__meta":{"schema_version":-1,"schema_name":"ColumnSpecsBase","schema_type":"Iced"},"name":"h2o_cluster_name","type":"string","format":"%s","description":"H2O cluster name"},{"__meta":{"schema_version":-1,"schema_name":"ColumnSpecsBase","schema_type":"Iced"},"name":"h2o_cluster_total_nodes","type":"int","format":"%d","description":"H2O cluster total nodes"},{"__meta":{"schema_version":-1,"schema_name":"ColumnSpecsBase","schema_type":"Iced"},"name":"h2o_cluster_free_memory","type":"long","format":"%d","description":"H2O cluster free memory"},{"__meta":{"schema_version":-1,"schema_name":"ColumnSpecsBase","schema_type":"Iced"},"name":"h2o_cluster_total_cores","type":"int","format":"%d","description":"H2O cluster total cores"},{"__meta":{"schema_version":-1,"schema_name":"ColumnSpecsBase","schema_type":"Iced"},"name":"h2o_cluster_allowed_cores","type":"int","format":"%d","description":"H2O cluster allowed cores"},{"__meta":{"schema_version":-1,"schema_name":"ColumnSpecsBase","schema_type":"Iced"},"name":"h2o_cluster_status","type":"string","format":"%s","description":"H2O cluster status"},{"__meta":{"schema_version":-1,"schema_name":"ColumnSpecsBase","schema_type":"Iced"},"name":"h2o_internal_security","type":"string","format":"%s","description":"H2O internal security"},{"__meta":{"schema_version":-1,"schema_name":"ColumnSpecsBase","schema_type":"Iced"},"name":"h2o_api_extensions","type":"string","format":"%s","description":"H2O API Extensions"}],"rowcount":1,"data":[[""],[39411419],["Europe/Berlin"],["UTC"],["3.32.1.5"],["19 days"],["H2O_from_python_alina_k478fo"],[1],[4244839552],[8],[8],["locked, healthly"],["false"],["Amazon S3, Algos, AutoML, Core V3, TargetEncoder, Core V4"]]},{"__meta":{"schema_version":3,"schema_name":"TwoDimTableV3","schema_type":"TwoDimTable"},"name":"Input Frames Information","description":"","columns":[{"__meta":{"schema_version":-1,"schema_name":"ColumnSpecsBase","schema_type":"Iced"},"name":"","type":"string","format":"%s","description":""},{"__meta":{"schema_version":-1,"schema_name":"ColumnSpecsBase","schema_type":"Iced"},"name":"input_frame","type":"string","format":"%s","description":"Input Frame"},{"__meta":{"schema_version":-1,"schema_name":"ColumnSpecsBase","schema_type":"Iced"},"name":"checksum","type":"long","format":"%d","description":"Checksum"},{"__meta":{"schema_version":-1,"schema_name":"ColumnSpecsBase","schema_type":"Iced"},"name":"espc","type":"string","format":"%d","description":"ESPC"}],"rowcount":3,"data":[["","",""],["training_frame","validation_frame","calibration_frame"],[1778916202437635795,1517994310976955569,-1],["[0, 144]","[0, 47]","-1"]]}],"training_metrics":{"__meta":{"schema_version":3,"schema_name":"ModelMetricsRegressionV3","schema_type":"ModelMetricsRegression"},"model":{"__meta":{"schema_version":3,"schema_name":"ModelKeyV3","schema_type":"Key<Model>"},"name":"beer_all_gbm_model","type":"Key<Model>","URL":"/3/Models/beer_all_gbm_model"},"model_checksum":2501316353742079368,"frame":{"__meta":{"schema_version":3,"schema_name":"FrameKeyV3","schema_type":"Key<Frame>"},"name":"py_109_sid_b9ee","type":"Key<Frame>","URL":"/3/Frames/py_109_sid_b9ee"},"frame_checksum":8336722498225475520,"description":null,"model_category":"Regression","scoring_time":1629754325949,"predictions":null,"MSE":1.3364971988293124,"RMSE":1.1560697205745476,"nobs":144,"custom_metric_name":null,"custom_metric_value":0.0,"r2":0.5928242082346559,"mean_residual_deviance":1.3364971988293124,"mae":0.7948277338873595,"rmsle":0.18371760889427896},"validation_metrics":{"__meta":{"schema_version":3,"schema_name":"ModelMetricsRegressionV3","schema_type":"ModelMetricsRegression"},"model":{"__meta":{"schema_version":3,"schema_name":"ModelKeyV3","schema_type":"Key<Model>"},"name":"beer_all_gbm_model","type":"Key<Model>","URL":"/3/Models/beer_all_gbm_model"},"model_checksum":2501316353742079368,"frame":{"__meta":{"schema_version":3,"schema_name":"FrameKeyV3","schema_type":"Key<Frame>"},"name":"py_110_sid_b9ee","type":"Key<Frame>","URL":"/3/Frames/py_110_sid_b9ee"},"frame_checksum":-7967856361742046032,"description":null,"model_category":"Regression","scoring_time":1629754325950,"predictions":null,"MSE":5.6804420675169025,"RMSE":2.383367799462958,"nobs":47,"custom_metric_name":null,"custom_metric_value":0.0,"r2":-0.4731270870092563,"mean_residual_deviance":5.6804420675169025,"mae":1.6552006751363926,"rmsle":"Infinity"},"cross_validation_metrics":{"__meta":{"schema_version":3,"schema_name":"ModelMetricsRegressionV3","schema_type":"ModelMetricsRegression"},"model":{"__meta":{"schema_version":3,"schema_name":"ModelKeyV3","schema_type":"Key<Model>"},"name":"beer_all_gbm_model","type":"Key<Model>","URL":"/3/Models/beer_all_gbm_model"},"model_checksum":2501316353742079368,"frame":{"__meta":{"schema_version":3,"schema_name":"FrameKeyV3","schema_type":"Key<Frame>"},"name":"py_109_sid_b9ee","type":"Key<Frame>","URL":"/3/Frames/py_109_sid_b9ee"},"frame_checksum":8336722498225475520,"description":"4-fold cross-validation on training data (Metrics computed for combined holdout predictions)","model_category":"Regression","scoring_time":1629754325952,"predictions":null,"MSE":4.476878234428197,"RMSE":2.115863472539804,"nobs":144,"custom_metric_name":null,"custom_metric_value":0.0,"r2":-0.3639208831391958,"mean_residual_deviance":4.476878234428197,"mae":1.6069986496264288,"rmsle":0.41067893266222566},"cross_validation_metrics_summary":{"__meta":{"schema_version":3,"schema_name":"TwoDimTableV3","schema_type":"TwoDimTable"},"name":"Cross-Validation Metrics Summary","description":"","columns":[{"__meta":{"schema_version":-1,"schema_name":"ColumnSpecsBase","schema_type":"Iced"},"name":"","type":"string","format":"%s","description":""},{"__meta":{"schema_version":-1,"schema_name":"ColumnSpecsBase","schema_type":"Iced"},"name":"mean","type":"string","format":"%s","description":"mean"},{"__meta":{"schema_version":-1,"schema_name":"ColumnSpecsBase","schema_type":"Iced"},"name":"sd","type":"string","format":"%s","description":"sd"},{"__meta":{"schema_version":-1,"schema_name":"ColumnSpecsBase","schema_type":"Iced"},"name":"cv_1_valid","type":"string","format":"%s","description":"cv_1_valid"},{"__meta":{"schema_version":-1,"schema_name":"ColumnSpecsBase","schema_type":"Iced"},"name":"cv_2_valid","type":"string","format":"%s","description":"cv_2_valid"},{"__meta":{"schema_version":-1,"schema_name":"ColumnSpecsBase","schema_type":"Iced"},"name":"cv_3_valid","type":"string","format":"%s","description":"cv_3_valid"},{"__meta":{"schema_version":-1,"schema_name":"ColumnSpecsBase","schema_type":"Iced"},"name":"cv_4_valid","type":"string","format":"%s","description":"cv_4_valid"}],"rowcount":7,"data":[["mae","mean_residual_deviance","mse","r2","residual_deviance","rmse","rmsle"],["1.6192","4.5522547","4.5522547","-0.47851944","4.5522547","2.1302044","0.41023028"],["0.12297165","0.6080824","0.6080824","0.3259758","0.6080824","0.13896523","0.06909703"],["1.564883","4.4559245","4.4559245","-0.15401855","4.4559245","2.1109061","0.46759516"],["1.801125","5.438621","5.438621","-0.93110466","5.438621","2.3320851","0.38523653"],["1.5311363","4.1910596","4.1910596","-0.42937192","4.1910596","2.0472078","0.46434352"],["1.5796554","4.1234126","4.1234126","-0.39958268","4.1234126","2.0306187","0.32374594"]]},"status":null,"start_time":1629754325885,"end_time":1629754325951,"run_time":66,"default_threshold":0.5,"help":{"domains":"Domains for categorical columns", "__meta":"Metadata on this schema instance, to make it self-describing.", "help":"Help information for output fields", "training_metrics":"Training data model metrics", "cross_validation_models":"Cross-validation models (model ids)", "cross_validation_predictions":"Cross-validation predictions, one per cv model (deprecated, use cross_validation_holdout_predictions_frame_id instead)", "cross_validation_metrics_summary":"Cross-validation model metrics summary", "status":"Job status", "reproducibility_information_table":"Model reproducibility information", "variable_importances":"Variable Importances", "model_summary":"Model summary", "end_time":"End time in milliseconds", "names":"Column names", "cross_validation_fold_assignment_frame_id":"Cross-validation fold assignment (each row is assigned to one holdout fold)", "run_time":"Runtime in milliseconds", "default_threshold":"Default threshold used for predictions", "scoring_history":"Scoring history", "cross_validation_holdout_predictions_frame_id":"Cross-validation holdout predictions (full out-of-sample predictions on training data)", "init_f":"The Intercept term, the initial model function value to which trees make adjustments", "model_category":"Category of the model (e.g., Binomial)", "column_types":"Column types", "original_names":"Original column names", "start_time":"Start time in milliseconds", "cv_scoring_history":"Cross-Validation scoring history", "cross_validation_metrics":"Cross-validation model metrics", "validation_metrics":"Validation data model metrics"},"variable_importances":{"__meta":{"schema_version":3,"schema_name":"TwoDimTableV3","schema_type":"TwoDimTable"},"name":"Variable Importances","description":"","columns":[{"__meta":{"schema_version":-1,"schema_name":"ColumnSpecsBase","schema_type":"Iced"},"name":"variable","type":"string","format":"%s","description":"Variable"},{"__meta":{"schema_version":-1,"schema_name":"ColumnSpecsBase","schema_type":"Iced"},"name":"relative_importance","type":"double","format":"%5f","description":"Relative Importance"},{"__meta":{"schema_version":-1,"schema_name":"ColumnSpecsBase","schema_type":"Iced"},"name":"scaled_importance","type":"double","format":"%5f","description":"Scaled Importance"},{"__meta":{"schema_version":-1,"schema_name":"ColumnSpecsBase","schema_type":"Iced"},"name":"percentage","type":"double","format":"%5f","description":"Percentage"}],"rowcount":4,"data":[["style","abv","flavor","perception"],[675.4285888671875,450.75653076171875,268.4517517089844,80.12181854248047],[1.0,0.6673637127467712,0.3974539368539688,0.11862367075231275],[0.45799261499654337,0.30564765195469573,0.18203096788042017,0.0543287651683407]]},"init_f":6.826388888888889},"compatible_frames":null}
