{"__meta":{"schema_version":3,"schema_name":"GBMModelV3","schema_type":"GBMModel"},"model_id":{"__meta":{"schema_version":3,"schema_name":"ModelKeyV3","schema_type":"Key<Model>"},"name":"beer_2std_gbm_model","type":"Key<Model>","URL":"/3/Models/beer_2std_gbm_model"},"algo":"gbm","algo_full_name":"Gradient Boosting Machine","response_column_name":"rating","data_frame":{"__meta":{"schema_version":3,"schema_name":"FrameKeyV3","schema_type":"Key<Frame>"},"name":"py_172_sid_81a4","type":"Key<Frame>","URL":"/3/Frames/py_172_sid_81a4"},"timestamp":1632950537684,"have_pojo":true,"have_mojo":true,"algo":"gbm","algo_full_name":"Gradient Boosting Machine","model_id":{"__meta":{"schema_version":3,"schema_name":"ModelKeyV3","schema_type":"Key<Model>"},"name":"beer_2std_gbm_model","type":"Key<Model>","URL":"/3/Models/beer_2std_gbm_model"},"parameters":[{"__meta":{"schema_version":3,"schema_name":"ModelParameterSchemaV3","schema_type":"Iced"},"name":"model_id","label":"model_id","help":"Destination id for this model; auto-generated if not specified.","required":false,"type":"Key<Model>","default_value":null,"actual_value":{"__meta":{"schema_version":3,"schema_name":"ModelKeyV3","schema_type":"Key<Model>"},"name":"beer_2std_gbm_model","type":"Key<Model>","URL":"/3/Models/beer_2std_gbm_model"},"input_value":null,"level":"critical","values":[],"is_member_of_frames":[],"is_mutually_exclusive_with":[],"gridable":false},{"__meta":{"schema_version":3,"schema_name":"ModelParameterSchemaV3","schema_type":"Iced"},"name":"training_frame","label":"training_frame","help":"Id of the training data frame.","required":false,"type":"Key<Frame>","default_value":null,"actual_value":{"__meta":{"schema_version":3,"schema_name":"FrameKeyV3","schema_type":"Key<Frame>"},"name":"py_172_sid_81a4","type":"Key<Frame>","URL":"/3/Frames/py_172_sid_81a4"},"input_value":{"__meta":{"schema_version":3,"schema_name":"FrameKeyV3","schema_type":"Key<Frame>"},"name":"py_172_sid_81a4","type":"Key<Frame>","URL":"/3/Frames/py_172_sid_81a4"},"level":"critical","values":[],"is_member_of_frames":[],"is_mutually_exclusive_with":[],"gridable":false},{"__meta":{"schema_version":3,"schema_name":"ModelParameterSchemaV3","schema_type":"Iced"},"name":"validation_frame","label":"validation_frame","help":"Id of the validation data frame.","required":false,"type":"Key<Frame>","default_value":null,"actual_value":{"__meta":{"schema_version":3,"schema_name":"FrameKeyV3","schema_type":"Key<Frame>"},"name":"py_173_sid_81a4","type":"Key<Frame>","URL":"/3/Frames/py_173_sid_81a4"},"input_value":{"__meta":{"schema_version":3,"schema_name":"FrameKeyV3","schema_type":"Key<Frame>"},"name":"py_173_sid_81a4","type":"Key<Frame>","URL":"/3/Frames/py_173_sid_81a4"},"level":"critical","values":[],"is_member_of_frames":[],"is_mutually_exclusive_with":[],"gridable":true},{"__meta":{"schema_version":3,"schema_name":"ModelParameterSchemaV3","schema_type":"Iced"},"name":"nfolds","label":"nfolds","help":"Number of folds for K-fold cross-validation (0 to disable or >= 2).","required":false,"type":"int","default_value":0,"actual_value":4,"input_value":4,"level":"critical","values":[],"is_member_of_frames":[],"is_mutually_exclusive_with":[],"gridable":false},{"__meta":{"schema_version":3,"schema_name":"ModelParameterSchemaV3","schema_type":"Iced"},"name":"keep_cross_validation_models","label":"keep_cross_validation_models","help":"Whether to keep the cross-validation models.","required":false,"type":"boolean","default_value":true,"actual_value":true,"input_value":true,"level":"expert","values":[],"is_member_of_frames":[],"is_mutually_exclusive_with":[],"gridable":false},{"__meta":{"schema_version":3,"schema_name":"ModelParameterSchemaV3","schema_type":"Iced"},"name":"keep_cross_validation_predictions","label":"keep_cross_validation_predictions","help":"Whether to keep the predictions of the cross-validation models.","required":false,"type":"boolean","default_value":false,"actual_value":false,"input_value":false,"level":"expert","values":[],"is_member_of_frames":[],"is_mutually_exclusive_with":[],"gridable":false},{"__meta":{"schema_version":3,"schema_name":"ModelParameterSchemaV3","schema_type":"Iced"},"name":"keep_cross_validation_fold_assignment","label":"keep_cross_validation_fold_assignment","help":"Whether to keep the cross-validation fold assignment.","required":false,"type":"boolean","default_value":false,"actual_value":false,"input_value":false,"level":"expert","values":[],"is_member_of_frames":[],"is_mutually_exclusive_with":[],"gridable":false},{"__meta":{"schema_version":3,"schema_name":"ModelParameterSchemaV3","schema_type":"Iced"},"name":"score_each_iteration","label":"score_each_iteration","help":"Whether to score during each iteration of model training.","required":false,"type":"boolean","default_value":false,"actual_value":false,"input_value":false,"level":"secondary","values":[],"is_member_of_frames":[],"is_mutually_exclusive_with":[],"gridable":false},{"__meta":{"schema_version":3,"schema_name":"ModelParameterSchemaV3","schema_type":"Iced"},"name":"score_tree_interval","label":"score_tree_interval","help":"Score the model after every so many trees. Disabled if set to 0.","required":false,"type":"int","default_value":0,"actual_value":0,"input_value":0,"level":"secondary","values":[],"is_member_of_frames":[],"is_mutually_exclusive_with":[],"gridable":false},{"__meta":{"schema_version":3,"schema_name":"ModelParameterSchemaV3","schema_type":"Iced"},"name":"fold_assignment","label":"fold_assignment","help":"Cross-validation fold assignment scheme, if fold_column is not specified. The 'Stratified' option will stratify the folds based on the response variable, for classification problems.","required":false,"type":"enum","default_value":"AUTO","actual_value":"Random","input_value":"Random","level":"secondary","values":["AUTO","Random","Modulo","Stratified"],"is_member_of_frames":[],"is_mutually_exclusive_with":[],"gridable":true},{"__meta":{"schema_version":3,"schema_name":"ModelParameterSchemaV3","schema_type":"Iced"},"name":"fold_column","label":"fold_column","help":"Column with cross-validation fold index assignment per observation.","required":false,"type":"VecSpecifier","default_value":null,"actual_value":null,"input_value":null,"level":"secondary","values":[],"is_member_of_frames":["training_frame"],"is_mutually_exclusive_with":["response_column","weights_column","ignored_columns","offset_column"],"gridable":true},{"__meta":{"schema_version":3,"schema_name":"ModelParameterSchemaV3","schema_type":"Iced"},"name":"response_column","label":"response_column","help":"Response variable column.","required":false,"type":"VecSpecifier","default_value":null,"actual_value":{"__meta":{"schema_version":3,"schema_name":"ColSpecifierV3","schema_type":"VecSpecifier"},"column_name":"rating","is_member_of_frames":null},"input_value":{"__meta":{"schema_version":3,"schema_name":"ColSpecifierV3","schema_type":"VecSpecifier"},"column_name":"rating","is_member_of_frames":null},"level":"critical","values":[],"is_member_of_frames":["training_frame","validation_frame"],"is_mutually_exclusive_with":["weights_column","ignored_columns","offset_column","fold_column"],"gridable":true},{"__meta":{"schema_version":3,"schema_name":"ModelParameterSchemaV3","schema_type":"Iced"},"name":"ignored_columns","label":"ignored_columns","help":"Names of columns to ignore for training.","required":false,"type":"string[]","default_value":null,"actual_value":["filtration","fermentation","name","method","occurrence","split","pasteurization"],"input_value":["filtration","fermentation","name","method","occurrence","split","pasteurization"],"level":"critical","values":[],"is_member_of_frames":["training_frame","validation_frame"],"is_mutually_exclusive_with":["response_column","weights_column","offset_column","fold_column"],"gridable":false},{"__meta":{"schema_version":3,"schema_name":"ModelParameterSchemaV3","schema_type":"Iced"},"name":"ignore_const_cols","label":"ignore_const_cols","help":"Ignore constant columns.","required":false,"type":"boolean","default_value":true,"actual_value":true,"input_value":true,"level":"critical","values":[],"is_member_of_frames":[],"is_mutually_exclusive_with":[],"gridable":false},{"__meta":{"schema_version":3,"schema_name":"ModelParameterSchemaV3","schema_type":"Iced"},"name":"offset_column","label":"offset_column","help":"Offset column. This will be added to the combination of columns before applying the link function.","required":false,"type":"VecSpecifier","default_value":null,"actual_value":null,"input_value":null,"level":"secondary","values":[],"is_member_of_frames":["training_frame","validation_frame"],"is_mutually_exclusive_with":["response_column","weights_column","ignored_columns","fold_column"],"gridable":true},{"__meta":{"schema_version":3,"schema_name":"ModelParameterSchemaV3","schema_type":"Iced"},"name":"weights_column","label":"weights_column","help":"Column with observation weights. Giving some observation a weight of zero is equivalent to excluding it from the dataset; giving an observation a relative weight of 2 is equivalent to repeating that row twice. Negative weights are not allowed. Note: Weights are per-row observation weights and do not increase the size of the data frame. This is typically the number of times a row is repeated, but non-integer values are supported as well. During training, rows with higher weights matter more, due to the larger loss function pre-factor.","required":false,"type":"VecSpecifier","default_value":null,"actual_value":null,"input_value":null,"level":"secondary","values":[],"is_member_of_frames":["training_frame","validation_frame"],"is_mutually_exclusive_with":["response_column","ignored_columns","offset_column","fold_column"],"gridable":true},{"__meta":{"schema_version":3,"schema_name":"ModelParameterSchemaV3","schema_type":"Iced"},"name":"balance_classes","label":"balance_classes","help":"Balance training data class counts via over/under-sampling (for imbalanced data).","required":false,"type":"boolean","default_value":false,"actual_value":false,"input_value":false,"level":"secondary","values":[],"is_member_of_frames":[],"is_mutually_exclusive_with":[],"gridable":true},{"__meta":{"schema_version":3,"schema_name":"ModelParameterSchemaV3","schema_type":"Iced"},"name":"class_sampling_factors","label":"class_sampling_factors","help":"Desired over/under-sampling ratios per class (in lexicographic order). If not specified, sampling factors will be automatically computed to obtain class balance during training. Requires balance_classes.","required":false,"type":"float[]","default_value":null,"actual_value":null,"input_value":null,"level":"expert","values":[],"is_member_of_frames":[],"is_mutually_exclusive_with":[],"gridable":true},{"__meta":{"schema_version":3,"schema_name":"ModelParameterSchemaV3","schema_type":"Iced"},"name":"max_after_balance_size","label":"max_after_balance_size","help":"Maximum relative size of the training data after balancing class counts (can be less than 1.0). Requires balance_classes.","required":false,"type":"float","default_value":5.0,"actual_value":5.0,"input_value":5.0,"level":"expert","values":[],"is_member_of_frames":[],"is_mutually_exclusive_with":[],"gridable":true},{"__meta":{"schema_version":3,"schema_name":"ModelParameterSchemaV3","schema_type":"Iced"},"name":"max_confusion_matrix_size","label":"max_confusion_matrix_size","help":"[Deprecated] Maximum size (# classes) for confusion matrices to be printed in the Logs","required":false,"type":"int","default_value":20,"actual_value":20,"input_value":20,"level":"secondary","values":[],"is_member_of_frames":[],"is_mutually_exclusive_with":[],"gridable":false},{"__meta":{"schema_version":3,"schema_name":"ModelParameterSchemaV3","schema_type":"Iced"},"name":"ntrees","label":"ntrees","help":"Number of trees.","required":false,"type":"int","default_value":50,"actual_value":50,"input_value":50,"level":"critical","values":[],"is_member_of_frames":[],"is_mutually_exclusive_with":[],"gridable":true},{"__meta":{"schema_version":3,"schema_name":"ModelParameterSchemaV3","schema_type":"Iced"},"name":"max_depth","label":"max_depth","help":"Maximum tree depth (0 for unlimited).","required":false,"type":"int","default_value":5,"actual_value":5,"input_value":5,"level":"critical","values":[],"is_member_of_frames":[],"is_mutually_exclusive_with":[],"gridable":true},{"__meta":{"schema_version":3,"schema_name":"ModelParameterSchemaV3","schema_type":"Iced"},"name":"min_rows","label":"min_rows","help":"Fewest allowed (weighted) observations in a leaf.","required":false,"type":"double","default_value":10.0,"actual_value":1.0,"input_value":1.0,"level":"critical","values":[],"is_member_of_frames":[],"is_mutually_exclusive_with":[],"gridable":true},{"__meta":{"schema_version":3,"schema_name":"ModelParameterSchemaV3","schema_type":"Iced"},"name":"nbins","label":"nbins","help":"For numerical columns (real/int), build a histogram of (at least) this many bins, then split at the best point","required":false,"type":"int","default_value":20,"actual_value":13,"input_value":13,"level":"critical","values":[],"is_member_of_frames":[],"is_mutually_exclusive_with":[],"gridable":true},{"__meta":{"schema_version":3,"schema_name":"ModelParameterSchemaV3","schema_type":"Iced"},"name":"nbins_top_level","label":"nbins_top_level","help":"For numerical columns (real/int), build a histogram of (at most) this many bins at the root level, then decrease by factor of two per level","required":false,"type":"int","default_value":1024,"actual_value":16,"input_value":16,"level":"secondary","values":[],"is_member_of_frames":[],"is_mutually_exclusive_with":[],"gridable":true},{"__meta":{"schema_version":3,"schema_name":"ModelParameterSchemaV3","schema_type":"Iced"},"name":"nbins_cats","label":"nbins_cats","help":"For categorical columns (factors), build a histogram of this many bins, then split at the best point. Higher values can lead to more overfitting.","required":false,"type":"int","default_value":1024,"actual_value":1024,"input_value":1024,"level":"secondary","values":[],"is_member_of_frames":[],"is_mutually_exclusive_with":[],"gridable":true},{"__meta":{"schema_version":3,"schema_name":"ModelParameterSchemaV3","schema_type":"Iced"},"name":"r2_stopping","label":"r2_stopping","help":"r2_stopping is no longer supported and will be ignored if set - please use stopping_rounds, stopping_metric and stopping_tolerance instead. Previous version of H2O would stop making trees when the R^2 metric equals or exceeds this","required":false,"type":"double","default_value":1.7976931348623157E308,"actual_value":1.7976931348623157E308,"input_value":1.7976931348623157E308,"level":"secondary","values":[],"is_member_of_frames":[],"is_mutually_exclusive_with":[],"gridable":true},{"__meta":{"schema_version":3,"schema_name":"ModelParameterSchemaV3","schema_type":"Iced"},"name":"stopping_rounds","label":"stopping_rounds","help":"Early stopping based on convergence of stopping_metric. Stop if simple moving average of length k of the stopping_metric does not improve for k:=stopping_rounds scoring events (0 to disable)","required":false,"type":"int","default_value":0,"actual_value":0,"input_value":0,"level":"secondary","values":[],"is_member_of_frames":[],"is_mutually_exclusive_with":[],"gridable":true},{"__meta":{"schema_version":3,"schema_name":"ModelParameterSchemaV3","schema_type":"Iced"},"name":"stopping_metric","label":"stopping_metric","help":"Metric to use for early stopping (AUTO: logloss for classification, deviance for regression and anonomaly_score for Isolation Forest). Note that custom and custom_increasing can only be used in GBM and DRF with the Python client.","required":false,"type":"enum","default_value":"AUTO","actual_value":null,"input_value":"AUTO","level":"secondary","values":["AUTO","deviance","logloss","MSE","RMSE","MAE","RMSLE","AUC","AUCPR","lift_top_group","misclassification","mean_per_class_error","anomaly_score","custom","custom_increasing"],"is_member_of_frames":[],"is_mutually_exclusive_with":[],"gridable":true},{"__meta":{"schema_version":3,"schema_name":"ModelParameterSchemaV3","schema_type":"Iced"},"name":"stopping_tolerance","label":"stopping_tolerance","help":"Relative tolerance for metric-based stopping criterion (stop if relative improvement is not at least this much)","required":false,"type":"double","default_value":0.001,"actual_value":0.001,"input_value":0.001,"level":"secondary","values":[],"is_member_of_frames":[],"is_mutually_exclusive_with":[],"gridable":true},{"__meta":{"schema_version":3,"schema_name":"ModelParameterSchemaV3","schema_type":"Iced"},"name":"max_runtime_secs","label":"max_runtime_secs","help":"Maximum allowed runtime in seconds for model training. Use 0 to disable.","required":false,"type":"double","default_value":0.0,"actual_value":0.0,"input_value":0.0,"level":"secondary","values":[],"is_member_of_frames":[],"is_mutually_exclusive_with":[],"gridable":true},{"__meta":{"schema_version":3,"schema_name":"ModelParameterSchemaV3","schema_type":"Iced"},"name":"seed","label":"seed","help":"Seed for pseudo random number generator (if applicable)","required":false,"type":"long","default_value":-1,"actual_value":12,"input_value":12,"level":"critical","values":[],"is_member_of_frames":[],"is_mutually_exclusive_with":[],"gridable":true},{"__meta":{"schema_version":3,"schema_name":"ModelParameterSchemaV3","schema_type":"Iced"},"name":"build_tree_one_node","label":"build_tree_one_node","help":"Run on one node only; no network overhead but fewer cpus used. Suitable for small datasets.","required":false,"type":"boolean","default_value":false,"actual_value":true,"input_value":true,"level":"expert","values":[],"is_member_of_frames":[],"is_mutually_exclusive_with":[],"gridable":false},{"__meta":{"schema_version":3,"schema_name":"ModelParameterSchemaV3","schema_type":"Iced"},"name":"learn_rate","label":"learn_rate","help":"Learning rate (from 0.0 to 1.0)","required":false,"type":"double","default_value":0.1,"actual_value":0.1,"input_value":0.1,"level":"critical","values":[],"is_member_of_frames":[],"is_mutually_exclusive_with":[],"gridable":true},{"__meta":{"schema_version":3,"schema_name":"ModelParameterSchemaV3","schema_type":"Iced"},"name":"learn_rate_annealing","label":"learn_rate_annealing","help":"Scale the learning rate by this factor after each tree (e.g., 0.99 or 0.999) ","required":false,"type":"double","default_value":1.0,"actual_value":1.0,"input_value":1.0,"level":"secondary","values":[],"is_member_of_frames":[],"is_mutually_exclusive_with":[],"gridable":true},{"__meta":{"schema_version":3,"schema_name":"ModelParameterSchemaV3","schema_type":"Iced"},"name":"distribution","label":"distribution","help":"Distribution function","required":false,"type":"enum","default_value":"AUTO","actual_value":"gaussian","input_value":"gaussian","level":"secondary","values":["AUTO","bernoulli","quasibinomial","ordinal","multinomial","gaussian","poisson","gamma","tweedie","laplace","quantile","huber","custom"],"is_member_of_frames":[],"is_mutually_exclusive_with":[],"gridable":true},{"__meta":{"schema_version":3,"schema_name":"ModelParameterSchemaV3","schema_type":"Iced"},"name":"quantile_alpha","label":"quantile_alpha","help":"Desired quantile for Quantile regression, must be between 0 and 1.","required":false,"type":"double","default_value":0.5,"actual_value":0.5,"input_value":0.5,"level":"secondary","values":[],"is_member_of_frames":[],"is_mutually_exclusive_with":[],"gridable":true},{"__meta":{"schema_version":3,"schema_name":"ModelParameterSchemaV3","schema_type":"Iced"},"name":"tweedie_power","label":"tweedie_power","help":"Tweedie power for Tweedie regression, must be between 1 and 2.","required":false,"type":"double","default_value":1.5,"actual_value":1.5,"input_value":1.5,"level":"secondary","values":[],"is_member_of_frames":[],"is_mutually_exclusive_with":[],"gridable":true},{"__meta":{"schema_version":3,"schema_name":"ModelParameterSchemaV3","schema_type":"Iced"},"name":"huber_alpha","label":"huber_alpha","help":"Desired quantile for Huber/M-regression (threshold between quadratic and linear loss, must be between 0 and 1).","required":false,"type":"double","default_value":0.9,"actual_value":0.9,"input_value":0.9,"level":"secondary","values":[],"is_member_of_frames":[],"is_mutually_exclusive_with":[],"gridable":true},{"__meta":{"schema_version":3,"schema_name":"ModelParameterSchemaV3","schema_type":"Iced"},"name":"checkpoint","label":"checkpoint","help":"Model checkpoint to resume training with.","required":false,"type":"Key<Model>","default_value":null,"actual_value":null,"input_value":null,"level":"secondary","values":[],"is_member_of_frames":[],"is_mutually_exclusive_with":[],"gridable":false},{"__meta":{"schema_version":3,"schema_name":"ModelParameterSchemaV3","schema_type":"Iced"},"name":"sample_rate","label":"sample_rate","help":"Row sample rate per tree (from 0.0 to 1.0)","required":false,"type":"double","default_value":1.0,"actual_value":1.0,"input_value":1.0,"level":"critical","values":[],"is_member_of_frames":[],"is_mutually_exclusive_with":[],"gridable":true},{"__meta":{"schema_version":3,"schema_name":"ModelParameterSchemaV3","schema_type":"Iced"},"name":"sample_rate_per_class","label":"sample_rate_per_class","help":"A list of row sample rates per class (relative fraction for each class, from 0.0 to 1.0), for each tree","required":false,"type":"double[]","default_value":null,"actual_value":null,"input_value":null,"level":"expert","values":[],"is_member_of_frames":[],"is_mutually_exclusive_with":[],"gridable":true},{"__meta":{"schema_version":3,"schema_name":"ModelParameterSchemaV3","schema_type":"Iced"},"name":"col_sample_rate","label":"col_sample_rate","help":"Column sample rate (from 0.0 to 1.0)","required":false,"type":"double","default_value":1.0,"actual_value":1.0,"input_value":1.0,"level":"critical","values":[],"is_member_of_frames":[],"is_mutually_exclusive_with":[],"gridable":true},{"__meta":{"schema_version":3,"schema_name":"ModelParameterSchemaV3","schema_type":"Iced"},"name":"col_sample_rate_change_per_level","label":"col_sample_rate_change_per_level","help":"Relative change of the column sampling rate for every level (must be > 0.0 and <= 2.0)","required":false,"type":"double","default_value":1.0,"actual_value":1.0,"input_value":1.0,"level":"expert","values":[],"is_member_of_frames":[],"is_mutually_exclusive_with":[],"gridable":true},{"__meta":{"schema_version":3,"schema_name":"ModelParameterSchemaV3","schema_type":"Iced"},"name":"col_sample_rate_per_tree","label":"col_sample_rate_per_tree","help":"Column sample rate per tree (from 0.0 to 1.0)","required":false,"type":"double","default_value":1.0,"actual_value":1.0,"input_value":1.0,"level":"secondary","values":[],"is_member_of_frames":[],"is_mutually_exclusive_with":[],"gridable":true},{"__meta":{"schema_version":3,"schema_name":"ModelParameterSchemaV3","schema_type":"Iced"},"name":"min_split_improvement","label":"min_split_improvement","help":"Minimum relative improvement in squared error reduction for a split to happen","required":false,"type":"double","default_value":1.0E-5,"actual_value":1.0E-5,"input_value":1.0E-5,"level":"secondary","values":[],"is_member_of_frames":[],"is_mutually_exclusive_with":[],"gridable":true},{"__meta":{"schema_version":3,"schema_name":"ModelParameterSchemaV3","schema_type":"Iced"},"name":"histogram_type","label":"histogram_type","help":"What type of histogram to use for finding optimal split points","required":false,"type":"enum","default_value":"AUTO","actual_value":"UniformAdaptive","input_value":"AUTO","level":"secondary","values":["AUTO","UniformAdaptive","Random","QuantilesGlobal","RoundRobin"],"is_member_of_frames":[],"is_mutually_exclusive_with":[],"gridable":true},{"__meta":{"schema_version":3,"schema_name":"ModelParameterSchemaV3","schema_type":"Iced"},"name":"max_abs_leafnode_pred","label":"max_abs_leafnode_pred","help":"Maximum absolute value of a leaf node prediction","required":false,"type":"double","default_value":1.7976931348623157E308,"actual_value":1.7976931348623157E308,"input_value":1.7976931348623157E308,"level":"expert","values":[],"is_member_of_frames":[],"is_mutually_exclusive_with":[],"gridable":true},{"__meta":{"schema_version":3,"schema_name":"ModelParameterSchemaV3","schema_type":"Iced"},"name":"pred_noise_bandwidth","label":"pred_noise_bandwidth","help":"Bandwidth (sigma) of Gaussian multiplicative noise ~N(1,sigma) for tree node predictions","required":false,"type":"double","default_value":0.0,"actual_value":0.0,"input_value":0.0,"level":"expert","values":[],"is_member_of_frames":[],"is_mutually_exclusive_with":[],"gridable":true},{"__meta":{"schema_version":3,"schema_name":"ModelParameterSchemaV3","schema_type":"Iced"},"name":"categorical_encoding","label":"categorical_encoding","help":"Encoding scheme for categorical features","required":false,"type":"enum","default_value":"AUTO","actual_value":"Enum","input_value":"Enum","level":"secondary","values":["AUTO","Enum","OneHotInternal","OneHotExplicit","Binary","Eigen","LabelEncoder","SortByResponse","EnumLimited"],"is_member_of_frames":[],"is_mutually_exclusive_with":[],"gridable":true},{"__meta":{"schema_version":3,"schema_name":"ModelParameterSchemaV3","schema_type":"Iced"},"name":"calibrate_model","label":"calibrate_model","help":"Use Platt Scaling to calculate calibrated class probabilities. Calibration can provide more accurate estimates of class probabilities.","required":false,"type":"boolean","default_value":false,"actual_value":false,"input_value":false,"level":"expert","values":[],"is_member_of_frames":[],"is_mutually_exclusive_with":[],"gridable":false},{"__meta":{"schema_version":3,"schema_name":"ModelParameterSchemaV3","schema_type":"Iced"},"name":"calibration_frame","label":"calibration_frame","help":"Calibration frame for Platt Scaling","required":false,"type":"Key<Frame>","default_value":null,"actual_value":null,"input_value":null,"level":"expert","values":[],"is_member_of_frames":[],"is_mutually_exclusive_with":[],"gridable":false},{"__meta":{"schema_version":3,"schema_name":"ModelParameterSchemaV3","schema_type":"Iced"},"name":"custom_metric_func","label":"custom_metric_func","help":"Reference to custom evaluation function, format: `language:keyName=funcName`","required":false,"type":"string","default_value":null,"actual_value":null,"input_value":null,"level":"secondary","values":[],"is_member_of_frames":[],"is_mutually_exclusive_with":[],"gridable":false},{"__meta":{"schema_version":3,"schema_name":"ModelParameterSchemaV3","schema_type":"Iced"},"name":"custom_distribution_func","label":"custom_distribution_func","help":"Reference to custom distribution, format: `language:keyName=funcName`","required":false,"type":"string","default_value":null,"actual_value":null,"input_value":null,"level":"secondary","values":[],"is_member_of_frames":[],"is_mutually_exclusive_with":[],"gridable":false},{"__meta":{"schema_version":3,"schema_name":"ModelParameterSchemaV3","schema_type":"Iced"},"name":"export_checkpoints_dir","label":"export_checkpoints_dir","help":"Automatically export generated models to this directory.","required":false,"type":"string","default_value":null,"actual_value":null,"input_value":null,"level":"secondary","values":[],"is_member_of_frames":[],"is_mutually_exclusive_with":[],"gridable":false},{"__meta":{"schema_version":3,"schema_name":"ModelParameterSchemaV3","schema_type":"Iced"},"name":"monotone_constraints","label":"monotone_constraints","help":"A mapping representing monotonic constraints. Use +1 to enforce an increasing constraint and -1 to specify a decreasing constraint.","required":false,"type":"KeyValue[]","default_value":null,"actual_value":null,"input_value":null,"level":"secondary","values":[],"is_member_of_frames":[],"is_mutually_exclusive_with":[],"gridable":false},{"__meta":{"schema_version":3,"schema_name":"ModelParameterSchemaV3","schema_type":"Iced"},"name":"check_constant_response","label":"check_constant_response","help":"Check if response column is constant. If enabled, then an exception is thrown if the response column is a constant value.If disabled, then model will train regardless of the response column being a constant value or not.","required":false,"type":"boolean","default_value":true,"actual_value":true,"input_value":true,"level":"expert","values":[],"is_member_of_frames":[],"is_mutually_exclusive_with":[],"gridable":false},{"__meta":{"schema_version":3,"schema_name":"ModelParameterSchemaV3","schema_type":"Iced"},"name":"gainslift_bins","label":"gainslift_bins","help":"Gains/Lift table number of bins. 0 means disabled.. Default value -1 means automatic binning.","required":false,"type":"int","default_value":-1,"actual_value":-1,"input_value":-1,"level":"secondary","values":[],"is_member_of_frames":[],"is_mutually_exclusive_with":[],"gridable":false},{"__meta":{"schema_version":3,"schema_name":"ModelParameterSchemaV3","schema_type":"Iced"},"name":"auc_type","label":"auc_type","help":"Set default multinomial AUC type.","required":false,"type":"enum","default_value":"AUTO","actual_value":"AUTO","input_value":"AUTO","level":"secondary","values":["AUTO","NONE","MACRO_OVR","WEIGHTED_OVR","MACRO_OVO","WEIGHTED_OVO"],"is_member_of_frames":[],"is_mutually_exclusive_with":[],"gridable":true}],"output":{"__meta":{"schema_version":3,"schema_name":"GBMModelOutputV3","schema_type":"GBMOutput"},"names":["style","flavor","abv","perception","rating"],"original_names":null,"column_types":["Enum","Enum","Numeric","Enum","Numeric"],"domains":[["ale","alt","blonde","dark","keller","lager","mix","pils","soda","wheat"],["fruit","herb","lemon","standard"],null,["drive","refresh","tasty","too_strong","weak"],null],"cross_validation_models":[{"__meta":{"schema_version":3,"schema_name":"ModelKeyV3","schema_type":"Key<Model>"},"name":"beer_2std_gbm_model_cv_1","type":"Key<Model>","URL":"/3/Models/beer_2std_gbm_model_cv_1"},{"__meta":{"schema_version":3,"schema_name":"ModelKeyV3","schema_type":"Key<Model>"},"name":"beer_2std_gbm_model_cv_2","type":"Key<Model>","URL":"/3/Models/beer_2std_gbm_model_cv_2"},{"__meta":{"schema_version":3,"schema_name":"ModelKeyV3","schema_type":"Key<Model>"},"name":"beer_2std_gbm_model_cv_3","type":"Key<Model>","URL":"/3/Models/beer_2std_gbm_model_cv_3"},{"__meta":{"schema_version":3,"schema_name":"ModelKeyV3","schema_type":"Key<Model>"},"name":"beer_2std_gbm_model_cv_4","type":"Key<Model>","URL":"/3/Models/beer_2std_gbm_model_cv_4"}],"cross_validation_predictions":null,"cross_validation_holdout_predictions_frame_id":null,"cross_validation_fold_assignment_frame_id":null,"model_category":"Regression","model_summary":{"__meta":{"schema_version":3,"schema_name":"TwoDimTableV3","schema_type":"TwoDimTable"},"name":"Model Summary","description":"","columns":[{"__meta":{"schema_version":-1,"schema_name":"ColumnSpecsBase","schema_type":"Iced"},"name":"","type":"string","format":"%s","description":""},{"__meta":{"schema_version":-1,"schema_name":"ColumnSpecsBase","schema_type":"Iced"},"name":"number_of_trees","type":"long","format":"%d","description":"Number of Trees"},{"__meta":{"schema_version":-1,"schema_name":"ColumnSpecsBase","schema_type":"Iced"},"name":"number_of_internal_trees","type":"long","format":"%d","description":"Number of Internal Trees"},{"__meta":{"schema_version":-1,"schema_name":"ColumnSpecsBase","schema_type":"Iced"},"name":"model_size_in_bytes","type":"long","format":"%d","description":"Model Size in Bytes"},{"__meta":{"schema_version":-1,"schema_name":"ColumnSpecsBase","schema_type":"Iced"},"name":"min_depth","type":"long","format":"%d","description":"Min. Depth"},{"__meta":{"schema_version":-1,"schema_name":"ColumnSpecsBase","schema_type":"Iced"},"name":"max_depth","type":"long","format":"%d","description":"Max. Depth"},{"__meta":{"schema_version":-1,"schema_name":"ColumnSpecsBase","schema_type":"Iced"},"name":"mean_depth","type":"double","format":"%.5f","description":"Mean Depth"},{"__meta":{"schema_version":-1,"schema_name":"ColumnSpecsBase","schema_type":"Iced"},"name":"min_leaves","type":"long","format":"%d","description":"Min. Leaves"},{"__meta":{"schema_version":-1,"schema_name":"ColumnSpecsBase","schema_type":"Iced"},"name":"max_leaves","type":"long","format":"%d","description":"Max. Leaves"},{"__meta":{"schema_version":-1,"schema_name":"ColumnSpecsBase","schema_type":"Iced"},"name":"mean_leaves","type":"double","format":"%.5f","description":"Mean Leaves"}],"rowcount":1,"data":[[""],[50],[50],[17955],[5],[5],[5.0],[17],[27],[23.9]]},"scoring_history":{"__meta":{"schema_version":3,"schema_name":"TwoDimTableV3","schema_type":"TwoDimTable"},"name":"Scoring History","description":"","columns":[{"__meta":{"schema_version":-1,"schema_name":"ColumnSpecsBase","schema_type":"Iced"},"name":"","type":"string","format":"%s","description":""},{"__meta":{"schema_version":-1,"schema_name":"ColumnSpecsBase","schema_type":"Iced"},"name":"timestamp","type":"string","format":"%s","description":"Timestamp"},{"__meta":{"schema_version":-1,"schema_name":"ColumnSpecsBase","schema_type":"Iced"},"name":"duration","type":"string","format":"%s","description":"Duration"},{"__meta":{"schema_version":-1,"schema_name":"ColumnSpecsBase","schema_type":"Iced"},"name":"number_of_trees","type":"long","format":"%d","description":"Number of Trees"},{"__meta":{"schema_version":-1,"schema_name":"ColumnSpecsBase","schema_type":"Iced"},"name":"training_rmse","type":"double","format":"%.5f","description":"Training RMSE"},{"__meta":{"schema_version":-1,"schema_name":"ColumnSpecsBase","schema_type":"Iced"},"name":"training_mae","type":"double","format":"%.5f","description":"Training MAE"},{"__meta":{"schema_version":-1,"schema_name":"ColumnSpecsBase","schema_type":"Iced"},"name":"training_deviance","type":"double","format":"%.5f","description":"Training Deviance"},{"__meta":{"schema_version":-1,"schema_name":"ColumnSpecsBase","schema_type":"Iced"},"name":"validation_rmse","type":"double","format":"%.5f","description":"Validation RMSE"},{"__meta":{"schema_version":-1,"schema_name":"ColumnSpecsBase","schema_type":"Iced"},"name":"validation_mae","type":"double","format":"%.5f","description":"Validation MAE"},{"__meta":{"schema_version":-1,"schema_name":"ColumnSpecsBase","schema_type":"Iced"},"name":"validation_deviance","type":"double","format":"%.5f","description":"Validation Deviance"}],"rowcount":51,"data":[["","","","","","","","","","","","","","","","","","","","","","","","","","","","","","","","","","","","","","","","","","","","","","","","","","",""],["2021-09-29 23:22:17","2021-09-29 23:22:17","2021-09-29 23:22:17","2021-09-29 23:22:17","2021-09-29 23:22:17","2021-09-29 23:22:17","2021-09-29 23:22:17","2021-09-29 23:22:17","2021-09-29 23:22:17","2021-09-29 23:22:17","2021-09-29 23:22:17","2021-09-29 23:22:17","2021-09-29 23:22:17","2021-09-29 23:22:17","2021-09-29 23:22:17","2021-09-29 23:22:17","2021-09-29 23:22:17","2021-09-29 23:22:17","2021-09-29 23:22:17","2021-09-29 23:22:17","2021-09-29 23:22:17","2021-09-29 23:22:17","2021-09-29 23:22:17","2021-09-29 23:22:17","2021-09-29 23:22:17","2021-09-29 23:22:17","2021-09-29 23:22:17","2021-09-29 23:22:17","2021-09-29 23:22:17","2021-09-29 23:22:17","2021-09-29 23:22:17","2021-09-29 23:22:17","2021-09-29 23:22:17","2021-09-29 23:22:17","2021-09-29 23:22:17","2021-09-29 23:22:17","2021-09-29 23:22:17","2021-09-29 23:22:17","2021-09-29 23:22:17","2021-09-29 23:22:17","2021-09-29 23:22:17","2021-09-29 23:22:17","2021-09-29 23:22:17","2021-09-29 23:22:17","2021-09-29 23:22:17","2021-09-29 23:22:17","2021-09-29 23:22:17","2021-09-29 23:22:17","2021-09-29 23:22:17","2021-09-29 23:22:17","2021-09-29 23:22:17"],[" 0.106 sec"," 0.122 sec"," 0.122 sec"," 0.122 sec"," 0.122 sec"," 0.122 sec"," 0.122 sec"," 0.122 sec"," 0.122 sec"," 0.122 sec"," 0.122 sec"," 0.122 sec"," 0.138 sec"," 0.138 sec"," 0.138 sec"," 0.138 sec"," 0.138 sec"," 0.138 sec"," 0.138 sec"," 0.138 sec"," 0.138 sec"," 0.138 sec"," 0.138 sec"," 0.153 sec"," 0.153 sec"," 0.153 sec"," 0.153 sec"," 0.153 sec"," 0.153 sec"," 0.153 sec"," 0.153 sec"," 0.153 sec"," 0.153 sec"," 0.169 sec"," 0.169 sec"," 0.169 sec"," 0.169 sec"," 0.169 sec"," 0.169 sec"," 0.169 sec"," 0.169 sec"," 0.169 sec"," 0.169 sec"," 0.185 sec"," 0.185 sec"," 0.185 sec"," 0.185 sec"," 0.185 sec"," 0.185 sec"," 0.185 sec"," 0.185 sec"],[0,1,2,3,4,5,6,7,8,9,10,11,12,13,14,15,16,17,18,19,20,21,22,23,24,25,26,27,28,29,30,31,32,33,34,35,36,37,38,39,40,41,42,43,44,45,46,47,48,49,50],[1.3562637292042443,1.2999532833422671,1.2524093830904983,1.2089267691817465,1.1727795206288056,1.1427144603982835,1.1176335349343811,1.0971177713362665,1.0787448888603026,1.0619484728172086,1.0478092790085902,1.0374490901882225,1.027574491053472,1.019492437933037,1.0124310924361324,1.005906544315956,1.0002474086777626,0.9929758826271284,0.9888822395690237,0.9827939959565148,0.9775785708019519,0.9745667819910072,0.9701650282738421,0.9663141319866201,0.9637318983561188,0.9618687807698759,0.9596609375143442,0.9583678874058563,0.9548255702606239,0.9510042783843548,0.9497775459045243,0.9400194527122748,0.9325427204067848,0.9305273159970072,0.928891078804716,0.9276313417797125,0.922539598108131,0.9193988612587921,0.916839049036591,0.9078733413221315,0.907195847699855,0.8996729763451669,0.8909214111414001,0.8836411420759122,0.877602899292253,0.8773911561619073,0.8772017045684506,0.8717306279208754,0.8714290633804104,0.8712766058358113,0.8670562399542504],[1.0897119341563783,1.046271076908818,1.009801447833026,0.9761736975775824,0.9469037797715929,0.9215326309204102,0.9004415512084961,0.8805374887254503,0.8628670692443847,0.8425970889903881,0.8245339464258264,0.8113184716966417,0.7965407830697518,0.7858163974903248,0.7731518144960756,0.7617782168918186,0.7529686009442365,0.742740352065475,0.7357373025682238,0.7250531302558051,0.7148753024913647,0.7090074963039822,0.7001447395042136,0.6920693821377224,0.6863464567396376,0.6806907583166052,0.6757297727796766,0.6713892972027814,0.6649550473248517,0.6568719581321434,0.6530884389524106,0.6453480084737142,0.6385678291320801,0.6328038498207375,0.6280768571076569,0.6248216452421965,0.6187090343899198,0.6121039319921423,0.6065684919004087,0.5991767706694426,0.5972562048170301,0.5911880740412959,0.5845910531503183,0.5799522187974718,0.5740927519621672,0.5728579309251574,0.5715779622395833,0.567320802476671,0.5656081305609809,0.5647832305343062,0.5614497573287399],[1.8394513031550037,1.6898785388723405,1.5685292628531224,1.4615039332442157,1.3754118040063312,1.3057963380033404,1.2491047184099207,1.2036674041818565,1.1636905352422269,1.1277345589188017,1.0979042851765017,1.0763006147323706,1.0559093346638022,1.0393648310026475,1.0250167169314206,1.0118479758976684,1.000494878566579,0.9860011034791248,0.9778880837350479,0.9658840384881741,0.9556598620911868,0.9497804125603074,0.9412201820855848,0.9337630016770551,0.9287791719090887,0.9251915514197275,0.9209491149909101,0.9184690076107641,0.9116918696235256,0.9044091375053472,0.902077386704421,0.8836365714774846,0.8696359253836868,0.8658810858165941,0.8628386362829891,0.8604999062520299,0.8510793100775118,0.8452942660839636,0.8405938418383205,0.8242340038834115,0.8230043060838583,0.8094114643657712,0.7937409608301836,0.7808216679692224,0.7701868488461683,0.7698152409111285,0.7694828304977953,0.7599142876553237,0.7593886125040592,0.7591229238767718,0.7517865232436027],[1.5162403868901404,1.524366236492171,1.5349845086355756,1.54865786320516,1.5641182161705558,1.5782486371118105,1.593823505823888,1.6038887734218812,1.6175939537411368,1.6287136792195278,1.6392011169651397,1.6515722134991957,1.65995431255133,1.6684404492426876,1.6756431895462907,1.6810757911539451,1.6869557209424688,1.6890107941315158,1.6949524010744936,1.6974243795506316,1.6996484426286766,1.7009775054482181,1.7035603888510333,1.7076008393101259,1.7087833821867566,1.7128880250527363,1.7146905799386731,1.7183194796205845,1.7165497527924236,1.7226964523709123,1.7272178673359007,1.7255946994265878,1.7251447606487968,1.7286154885232228,1.7317933003206645,1.73401718729306,1.7375620283990736,1.7414060811629086,1.7448155595283952,1.742390774237452,1.7420402095159064,1.742303981587665,1.7380717059587627,1.7345281303092803,1.7321536565363718,1.7319727727904835,1.7325265346699337,1.7296076948024244,1.7296764569103003,1.7293189722202595,1.728126174635805],[1.1323456790123452,1.146442851034211,1.1608191924813533,1.1799760387612526,1.198401863833912,1.2145191724995081,1.2324700551638723,1.2460577828512973,1.2608445340470857,1.2697934196706584,1.2766640293994849,1.288888388402691,1.295522621709021,1.3046353294252135,1.3095232070937781,1.3114918715006805,1.3133373328656845,1.3100566781484861,1.316615302236384,1.3191963665307869,1.3194770883190814,1.3198711729082233,1.3191316092390937,1.3208308185506568,1.320742715581264,1.3248921209497644,1.3269328824119184,1.3304797225480647,1.3304113342586033,1.3331202164244689,1.3366720129843341,1.333481273412493,1.3317908960999225,1.3339190900351596,1.3367600290210502,1.3394547822007907,1.3446229616647998,1.3456081366821966,1.3464037806425293,1.344171164573734,1.3424923771276704,1.3429755255278248,1.3358651075469172,1.3300151630957013,1.324105675685602,1.324434621717536,1.3252030564498607,1.320251017073623,1.3203741746806523,1.3201516794953376,1.3159934486450715],[2.298984910836763,2.3236924229573055,2.3561774417511994,2.398341177267172,2.4464657941565613,2.4908687605452875,2.5402733677167495,2.5724591975087465,2.616610199179883,2.652708248876811,2.6869803018597613,2.727690776402633,2.755448319757759,2.7836935326691417,2.8077800986728665,2.826015815603862,2.8458196044205244,2.852757462692774,2.8728636419081908,2.881249524292847,2.888804828530086,2.8933244740408433,2.902117998462284,2.9159006264126464,2.9199406472376115,2.9339853863690633,2.9401637849304234,2.9526218340435566,2.9465430538117308,2.9676830670113272,2.9832815612443766,2.977677066689136,2.9761244451939945,2.9881115071623805,2.999108035035539,3.006815605827735,3.019121802534303,3.0324951395111586,3.044381336772387,3.035925610147787,3.034704091570223,3.0356231642562306,3.0208932550544034,3.008587834834208,3.0003562898523226,2.9997296856875555,3.001648193335409,2.9915427779197565,2.9917806455897695,2.990544107680935,2.9864200754613806]]},"cv_scoring_history":[{"__meta":{"schema_version":3,"schema_name":"TwoDimTableV3","schema_type":"TwoDimTable"},"name":"Scoring History","description":"","columns":[{"__meta":{"schema_version":-1,"schema_name":"ColumnSpecsBase","schema_type":"Iced"},"name":"","type":"string","format":"%s","description":""},{"__meta":{"schema_version":-1,"schema_name":"ColumnSpecsBase","schema_type":"Iced"},"name":"timestamp","type":"string","format":"%s","description":"Timestamp"},{"__meta":{"schema_version":-1,"schema_name":"ColumnSpecsBase","schema_type":"Iced"},"name":"duration","type":"string","format":"%s","description":"Duration"},{"__meta":{"schema_version":-1,"schema_name":"ColumnSpecsBase","schema_type":"Iced"},"name":"number_of_trees","type":"long","format":"%d","description":"Number of Trees"},{"__meta":{"schema_version":-1,"schema_name":"ColumnSpecsBase","schema_type":"Iced"},"name":"training_rmse","type":"double","format":"%.5f","description":"Training RMSE"},{"__meta":{"schema_version":-1,"schema_name":"ColumnSpecsBase","schema_type":"Iced"},"name":"training_mae","type":"double","format":"%.5f","description":"Training MAE"},{"__meta":{"schema_version":-1,"schema_name":"ColumnSpecsBase","schema_type":"Iced"},"name":"training_deviance","type":"double","format":"%.5f","description":"Training Deviance"},{"__meta":{"schema_version":-1,"schema_name":"ColumnSpecsBase","schema_type":"Iced"},"name":"validation_rmse","type":"double","format":"%.5f","description":"Validation RMSE"},{"__meta":{"schema_version":-1,"schema_name":"ColumnSpecsBase","schema_type":"Iced"},"name":"validation_mae","type":"double","format":"%.5f","description":"Validation MAE"},{"__meta":{"schema_version":-1,"schema_name":"ColumnSpecsBase","schema_type":"Iced"},"name":"validation_deviance","type":"double","format":"%.5f","description":"Validation Deviance"}],"rowcount":51,"data":[["","","","","","","","","","","","","","","","","","","","","","","","","","","","","","","","","","","","","","","","","","","","","","","","","","",""],["2021-09-29 23:22:17","2021-09-29 23:22:17","2021-09-29 23:22:17","2021-09-29 23:22:17","2021-09-29 23:22:17","2021-09-29 23:22:17","2021-09-29 23:22:17","2021-09-29 23:22:17","2021-09-29 23:22:17","2021-09-29 23:22:17","2021-09-29 23:22:17","2021-09-29 23:22:17","2021-09-29 23:22:17","2021-09-29 23:22:17","2021-09-29 23:22:17","2021-09-29 23:22:17","2021-09-29 23:22:17","2021-09-29 23:22:17","2021-09-29 23:22:17","2021-09-29 23:22:17","2021-09-29 23:22:17","2021-09-29 23:22:17","2021-09-29 23:22:17","2021-09-29 23:22:17","2021-09-29 23:22:17","2021-09-29 23:22:17","2021-09-29 23:22:17","2021-09-29 23:22:17","2021-09-29 23:22:17","2021-09-29 23:22:17","2021-09-29 23:22:17","2021-09-29 23:22:17","2021-09-29 23:22:17","2021-09-29 23:22:17","2021-09-29 23:22:17","2021-09-29 23:22:17","2021-09-29 23:22:17","2021-09-29 23:22:17","2021-09-29 23:22:17","2021-09-29 23:22:17","2021-09-29 23:22:17","2021-09-29 23:22:17","2021-09-29 23:22:17","2021-09-29 23:22:17","2021-09-29 23:22:17","2021-09-29 23:22:17","2021-09-29 23:22:17","2021-09-29 23:22:17","2021-09-29 23:22:17","2021-09-29 23:22:17","2021-09-29 23:22:17"],[" 0.006 sec"," 0.006 sec"," 0.006 sec"," 0.006 sec"," 0.006 sec"," 0.006 sec"," 0.006 sec"," 0.022 sec"," 0.022 sec"," 0.022 sec"," 0.022 sec"," 0.022 sec"," 0.022 sec"," 0.022 sec"," 0.022 sec"," 0.022 sec"," 0.037 sec"," 0.037 sec"," 0.037 sec"," 0.037 sec"," 0.037 sec"," 0.037 sec"," 0.037 sec"," 0.037 sec"," 0.053 sec"," 0.053 sec"," 0.053 sec"," 0.053 sec"," 0.053 sec"," 0.053 sec"," 0.053 sec"," 0.053 sec"," 0.069 sec"," 0.069 sec"," 0.069 sec"," 0.069 sec"," 0.069 sec"," 0.069 sec"," 0.069 sec"," 0.084 sec"," 0.084 sec"," 0.084 sec"," 0.084 sec"," 0.084 sec"," 0.084 sec"," 0.084 sec"," 0.100 sec"," 0.100 sec"," 0.106 sec"," 0.106 sec"," 0.106 sec"],[0,1,2,3,4,5,6,7,8,9,10,11,12,13,14,15,16,17,18,19,20,21,22,23,24,25,26,27,28,29,30,31,32,33,34,35,36,37,38,39,40,41,42,43,44,45,46,47,48,49,50],[1.332630602644851,1.2766544859765452,1.22944702014097,1.189815016624803,1.1567181185695496,1.1291987307016564,1.1064050184165164,1.086153913336937,1.0704466575537115,1.0563623280092092,1.0455960927488837,1.0367119834121852,1.028884729449748,1.0214248871669944,1.0131451107099265,1.007799654191704,1.0034489698870692,0.9931896192607151,0.9905553213769954,0.9843063220088373,0.9793156718690038,0.9756713136180165,0.9737248111763963,0.9635960373039466,0.962278537313749,0.9612099743571728,0.9570396136088871,0.9563155910276816,0.9433334208509984,0.9322890228599081,0.9306986923318271,0.9294123673616571,0.9204532002499477,0.9150193883413476,0.9062388968393471,0.8990638289340827,0.8978940517786757,0.8927022337132947,0.8875258913460753,0.8802586347766681,0.87398104271242,0.8732438027151338,0.8727377006029736,0.8685058603957796,0.8678467942014724,0.8675149350533672,0.867237249381513,0.861381296297459,0.8587153837457041,0.8582669695414622,0.8500901439456071],[1.043034996568963,1.00395137484711,0.9697630429031825,0.9391549648624835,0.9116077139826104,0.8883885723529475,0.8675143411844084,0.8451226017262676,0.8283505439758301,0.810776408356015,0.79788869442326,0.7868108843812848,0.7761159792985066,0.7655411569198759,0.7552658921421165,0.7475359605090452,0.7406389500835154,0.7309771811608041,0.724470053568925,0.7137540165740665,0.7050340529715661,0.6989914119833767,0.6942538931818292,0.6831816446663129,0.6790033000530583,0.6752452850341797,0.6718178598007353,0.669083562227759,0.6537590971087465,0.6402591620341386,0.635559336973889,0.6313262646741206,0.6217634040530365,0.6161198616027832,0.6069300151107335,0.5986591329669008,0.5963532287295502,0.5890016508574533,0.5819605034176666,0.5751020270999115,0.5679584304885109,0.5659122750310615,0.5639100830153664,0.5590271524863668,0.5574121286373327,0.5555746956626968,0.5538193919871113,0.5475018992282377,0.5434057594525932,0.5414822125198817,0.5341055983363991],[1.7759043231055787,1.6298466765640367,1.5115399753335106,1.41565977378588,1.3379968058270786,1.275089773418232,1.224132064777252,1.1797303234571421,1.145856046667913,1.1159013680370358,1.0932711891717322,1.0747717365504268,1.0586037864948814,1.0433088001241073,1.0264630153554293,1.0156601429889183,1.0069098351674202,0.9864256198072443,0.9811998447082827,0.9688589355465649,0.9590591851682384,0.9519345122171059,0.9481400079005086,0.9285173231078688,0.9259799833746883,0.9239246148037169,0.915924822016648,0.9145395096426239,0.8898779428944469,0.8691628221450822,0.866200055908173,0.8638073486047998,0.8472340938503703,0.8372604810405738,0.8212689381445968,0.8083157684976134,0.8062137282195271,0.7969172780767059,0.7877022078096454,0.7748552640988836,0.7638428630206889,0.7625547389803875,0.7616710940537657,0.7543024295418135,0.7531580582057728,0.7525821625406479,0.7521004467148127,0.7419777376110908,0.7373921102815318,0.7366221910058852,0.7226532528334629],[1.4294254107129607,1.4195841367359616,1.4123197240323613,1.4078701523885695,1.4057034896520118,1.4052494409890004,1.4025993386441482,1.39834578258409,1.3972872199241622,1.3947974623394985,1.3936338158949557,1.395190806455215,1.3922100918845841,1.3916988863865138,1.3913270499176646,1.3936671298114893,1.3959762374083011,1.3961806369970893,1.39659848662027,1.401200238447633,1.4031751244859905,1.4039029824900837,1.4061988346807006,1.4078878374019632,1.4082331261742465,1.4087272003257059,1.4098469426232727,1.4113163946174545,1.418049915511764,1.4220247490205213,1.4239526319093836,1.4254730942551006,1.4353983646067374,1.4354383255117478,1.4411481069468008,1.4468647378343171,1.4501418574359775,1.4516297414096948,1.4576965404068716,1.4559579794720954,1.457969685242583,1.460504794250013,1.463390484811101,1.4663248303988685,1.4684314639615996,1.4694891382578212,1.470842850987192,1.47366466686434,1.4788469665229769,1.4801453879377349,1.4919023819325552],[1.201223063482819,1.201801833294193,1.2026075237763132,1.2005524123255673,1.1987028105407367,1.1977058778878737,1.194415603159565,1.192330648271279,1.189575764786693,1.1878533928140338,1.184955193056363,1.183866635866704,1.1815751941496833,1.1795754568383094,1.18008200470689,1.1796246324918067,1.179212992981317,1.1775032238300887,1.1777324434348106,1.1835818762256405,1.184869185486789,1.185791722758599,1.1854593397681956,1.1856869120481779,1.1847135382323222,1.1838841537070706,1.1842209940038921,1.184141345708584,1.196060324330384,1.2069283228034289,1.2077975324898327,1.208489258978606,1.2161707266063222,1.217396890774069,1.2205846952569464,1.2234537212322478,1.226517375909971,1.2262561942971706,1.2289972806897793,1.2217542822048737,1.2178739810636936,1.2201471320573143,1.2216621453600454,1.2245913900076013,1.2266017502033957,1.2268523382025247,1.2271980560234166,1.2291021561551532,1.2333051875853522,1.2342380679852927,1.2425952551944779],[2.0432570047919163,2.015219121272385,1.994647002890845,1.982098365986614,1.9760023008198435,1.9747259913998982,1.9672849047650018,1.955370927670711,1.9524115749633941,1.9454599609487047,1.9422152128059356,1.9465573864171533,1.9382489399452822,1.9368257903694626,1.9357909598325918,1.9423080687169947,1.9487496554086376,1.9493203711255978,1.9504873328300287,1.9633621082257036,1.968900429976275,1.9709435842445524,1.9773951626573605,1.9821481627043767,1.9831205376544911,1.9845123249375012,1.9876684016241897,1.9918139657160108,2.010865562882921,2.0221543868268768,2.0276410979216606,2.0319735424452112,2.060368465115696,2.0604831863479705,2.076907866156348,2.093417569588367,2.1029114066878667,2.107228906145177,2.124879203914162,2.1198136379884667,2.1256756030863566,2.1330742540272722,2.141511711035669,2.1501085082442706,2.1562909643524066,2.1593983274577138,2.1633786923001312,2.1716875503643864,2.1869883503942105,2.190830369433348,2.2257727172160315]]},{"__meta":{"schema_version":3,"schema_name":"TwoDimTableV3","schema_type":"TwoDimTable"},"name":"Scoring History","description":"","columns":[{"__meta":{"schema_version":-1,"schema_name":"ColumnSpecsBase","schema_type":"Iced"},"name":"","type":"string","format":"%s","description":""},{"__meta":{"schema_version":-1,"schema_name":"ColumnSpecsBase","schema_type":"Iced"},"name":"timestamp","type":"string","format":"%s","description":"Timestamp"},{"__meta":{"schema_version":-1,"schema_name":"ColumnSpecsBase","schema_type":"Iced"},"name":"duration","type":"string","format":"%s","description":"Duration"},{"__meta":{"schema_version":-1,"schema_name":"ColumnSpecsBase","schema_type":"Iced"},"name":"number_of_trees","type":"long","format":"%d","description":"Number of Trees"},{"__meta":{"schema_version":-1,"schema_name":"ColumnSpecsBase","schema_type":"Iced"},"name":"training_rmse","type":"double","format":"%.5f","description":"Training RMSE"},{"__meta":{"schema_version":-1,"schema_name":"ColumnSpecsBase","schema_type":"Iced"},"name":"training_mae","type":"double","format":"%.5f","description":"Training MAE"},{"__meta":{"schema_version":-1,"schema_name":"ColumnSpecsBase","schema_type":"Iced"},"name":"training_deviance","type":"double","format":"%.5f","description":"Training Deviance"},{"__meta":{"schema_version":-1,"schema_name":"ColumnSpecsBase","schema_type":"Iced"},"name":"validation_rmse","type":"double","format":"%.5f","description":"Validation RMSE"},{"__meta":{"schema_version":-1,"schema_name":"ColumnSpecsBase","schema_type":"Iced"},"name":"validation_mae","type":"double","format":"%.5f","description":"Validation MAE"},{"__meta":{"schema_version":-1,"schema_name":"ColumnSpecsBase","schema_type":"Iced"},"name":"validation_deviance","type":"double","format":"%.5f","description":"Validation Deviance"}],"rowcount":51,"data":[["","","","","","","","","","","","","","","","","","","","","","","","","","","","","","","","","","","","","","","","","","","","","","","","","","",""],["2021-09-29 23:22:17","2021-09-29 23:22:17","2021-09-29 23:22:17","2021-09-29 23:22:17","2021-09-29 23:22:17","2021-09-29 23:22:17","2021-09-29 23:22:17","2021-09-29 23:22:17","2021-09-29 23:22:17","2021-09-29 23:22:17","2021-09-29 23:22:17","2021-09-29 23:22:17","2021-09-29 23:22:17","2021-09-29 23:22:17","2021-09-29 23:22:17","2021-09-29 23:22:17","2021-09-29 23:22:17","2021-09-29 23:22:17","2021-09-29 23:22:17","2021-09-29 23:22:17","2021-09-29 23:22:17","2021-09-29 23:22:17","2021-09-29 23:22:17","2021-09-29 23:22:17","2021-09-29 23:22:17","2021-09-29 23:22:17","2021-09-29 23:22:17","2021-09-29 23:22:17","2021-09-29 23:22:17","2021-09-29 23:22:17","2021-09-29 23:22:17","2021-09-29 23:22:17","2021-09-29 23:22:17","2021-09-29 23:22:17","2021-09-29 23:22:17","2021-09-29 23:22:17","2021-09-29 23:22:17","2021-09-29 23:22:17","2021-09-29 23:22:17","2021-09-29 23:22:17","2021-09-29 23:22:17","2021-09-29 23:22:17","2021-09-29 23:22:17","2021-09-29 23:22:17","2021-09-29 23:22:17","2021-09-29 23:22:17","2021-09-29 23:22:17","2021-09-29 23:22:17","2021-09-29 23:22:17","2021-09-29 23:22:17","2021-09-29 23:22:17"],[" 0.006 sec"," 0.006 sec"," 0.006 sec"," 0.006 sec"," 0.006 sec"," 0.006 sec"," 0.006 sec"," 0.022 sec"," 0.022 sec"," 0.022 sec"," 0.022 sec"," 0.022 sec"," 0.022 sec"," 0.022 sec"," 0.022 sec"," 0.022 sec"," 0.022 sec"," 0.037 sec"," 0.037 sec"," 0.037 sec"," 0.037 sec"," 0.037 sec"," 0.037 sec"," 0.037 sec"," 0.037 sec"," 0.053 sec"," 0.053 sec"," 0.053 sec"," 0.053 sec"," 0.053 sec"," 0.053 sec"," 0.053 sec"," 0.069 sec"," 0.069 sec"," 0.069 sec"," 0.069 sec"," 0.069 sec"," 0.069 sec"," 0.069 sec"," 0.069 sec"," 0.084 sec"," 0.084 sec"," 0.084 sec"," 0.084 sec"," 0.084 sec"," 0.084 sec"," 0.084 sec"," 0.100 sec"," 0.100 sec"," 0.100 sec"," 0.106 sec"],[0,1,2,3,4,5,6,7,8,9,10,11,12,13,14,15,16,17,18,19,20,21,22,23,24,25,26,27,28,29,30,31,32,33,34,35,36,37,38,39,40,41,42,43,44,45,46,47,48,49,50],[1.3979027975524485,1.3416559448004723,1.2954985924004043,1.2543992698627828,1.2202393726850926,1.1899357985245536,1.1660130144712377,1.144766752629467,1.1279995713564126,1.1122539801221651,1.0991951742063961,1.0878770646860851,1.0748476095614028,1.0628061260523618,1.052956449393442,1.0464660285626206,1.038859842763762,1.0272004785900435,1.0175938198326937,1.0116536924152932,1.0032712465804954,0.9964056661972067,0.990004256399596,0.9840012182013845,0.9771750630418073,0.9731985372386716,0.9692488662474974,0.9534082818698406,0.9403496299835624,0.9283745269161842,0.9231446661410687,0.9145418810369099,0.9085010123405838,0.9062685170139083,0.9044543230037894,0.9031821557817706,0.8965316630187876,0.8873670753880009,0.8865683255512465,0.8813145025684609,0.8806473991587609,0.8672636144865746,0.862215039610657,0.8513981586613518,0.8425316674048244,0.835368494809076,0.8289328227888586,0.8236822643236539,0.820351061272479,0.816171572055094,0.8151214541851115],[1.1280991735537191,1.0825958902185613,1.0459415695884011,1.0121760541742497,0.983143932169134,0.9576546799052845,0.9365248333324085,0.9167872428894043,0.8990713683041659,0.8812938386743719,0.8666979876431552,0.8524440245194869,0.8362586628306996,0.8190033132379705,0.8043812968514182,0.7934925989671187,0.784153092991222,0.7697525978088379,0.7575043244795365,0.748356819152832,0.7368960250507701,0.7265207247300581,0.7169219060377641,0.7079312021082098,0.6977343255823308,0.6898727937178178,0.6824338912963868,0.6643021106719971,0.6484708525917747,0.6352800065820867,0.627746243910356,0.6203143033114347,0.611465818231756,0.6063105799935081,0.6017055424776945,0.5981255661357533,0.5883516875180331,0.5830570784482089,0.5803914460268887,0.5741839235479181,0.5720359152013605,0.5616891080682928,0.5573415062644265,0.5502756942402233,0.5441758285869251,0.53836125460538,0.5327605507590554,0.5285661870783026,0.5247749545357444,0.5213203365152532,0.5180058674378829],[1.954132231404962,1.8000406742184478,1.678316602911429,1.5735175282322829,1.4889841266509083,1.4159472046102668,1.359586349916303,1.310490917925815,1.2723830329802508,1.2371089162975977,1.2082300309986294,1.1834765078700127,1.1552973837798617,1.1295568615744287,1.1087172843192443,1.0950911489356236,1.0792297729071483,1.0551408232156145,1.0354971821616925,1.0234431933774968,1.006553194215181,0.9928242516298993,0.9801084276893169,0.9682583974218087,0.9548711038307601,0.94711539288349,0.9394433647220591,0.9089873519380014,0.8842574266102227,0.8618792622268487,0.8521960746247053,0.8363868521705295,0.8253740894238656,0.8213226249305886,0.818037622400243,0.8157380065226065,0.8037690227952329,0.787420326482654,0.7860033958707411,0.7767152524374937,0.7755398416450899,0.7521461770123179,0.7434147745308068,0.7248788245719404,0.7098596105799536,0.6978405221195813,0.6871296246967052,0.6784524725613417,0.6729758637308826,0.6661360350308836,0.6644229850728509],[1.155404118776608,1.1476608220304387,1.1454569403007995,1.1453158720928387,1.1486332035966291,1.1466910155935741,1.1516436875088594,1.1531366259979199,1.1589406773519428,1.166976286033465,1.1730953045541432,1.1821675654414638,1.1835521364834707,1.1823006462781596,1.194604859381575,1.2025308487718538,1.2107830977670748,1.2113150411184175,1.2153302089368163,1.2169595330991179,1.2103921696149658,1.2122492581244768,1.2072587011122697,1.2173956989522783,1.2228948248681595,1.225744230326252,1.2352929463336535,1.242506092137187,1.2501318369749252,1.259215093794903,1.2654886272588453,1.2693092872123295,1.2758374927758651,1.277901415900338,1.2801682046055844,1.2805473988366598,1.2829314447528346,1.290201598015239,1.2925578190266682,1.3048608240758761,1.3078493077845172,1.3218926079090887,1.329656498705136,1.3443096646596013,1.358223361258004,1.368478666179648,1.3847437114906416,1.3997652375040963,1.4013164287881905,1.4141482428873604,1.41792628284268],[0.9181818181818183,0.9088922073488886,0.9065966861491854,0.9133757903765549,0.9211201066117396,0.9213067045494576,0.9249086923677136,0.9252079701203515,0.9282624016784724,0.9345088061027822,0.9360391665332612,0.9417530223064717,0.9421939386603084,0.9369930690236983,0.9375326135464606,0.9411089632183907,0.9483882230640898,0.9475932532669553,0.9500742594273338,0.9513544574873098,0.9419231675537726,0.9445447697835466,0.9367943595590027,0.9418446746708783,0.9424126923522668,0.9465270848638134,0.9573311321955803,0.9569185599143516,0.9580434129590999,0.960716836882652,0.9642103865108352,0.9725536875211533,0.9832532786921497,0.9855133215774682,0.9883054718561602,0.988829544882769,0.9854561056266671,1.0005084513197786,1.000957592178615,1.015874054920873,1.01593848479913,1.022295330394131,1.0326449110955713,1.0511086430531709,1.0675978165716646,1.0802078378238498,1.096716222180125,1.1116748814322768,1.1174865360398094,1.1300537562210362,1.1361316270733501],[1.3349586776859501,1.3171253624235826,1.3120716020832695,1.3117484468677798,1.3193582364046554,1.3149002852430223,1.3262831829790034,1.3297240782178668,1.3431434936209803,1.3618336521644594,1.3761525935669778,1.3975201527817978,1.400795659774588,1.397834818189754,1.4270807700580728,1.4460804422479552,1.465995709838434,1.4672841288397134,1.4770275167544054,1.4809905052008232,1.4650492042652241,1.4695482638233446,1.4574735714112845,1.482052287827506,1.4954717526893264,1.5024489181780958,1.5259486632616786,1.5438213889980241,1.5628296098183012,1.585622652440906,1.6014614657214767,1.6111460666034718,1.6277613079726054,1.6330320287600883,1.6388306320830857,1.6398016406673355,1.6459130919355953,1.6646201635210764,1.670705715526977,1.7026617702079745,1.7104698118724408,1.7474000668446914,1.7679864045488016,1.8071684744972096,1.8447706990669903,1.8727338597888283,1.9175151465128772,1.9593427201248992,1.9636877335916876,1.9998152528614086,2.0105149435760596]]},{"__meta":{"schema_version":3,"schema_name":"TwoDimTableV3","schema_type":"TwoDimTable"},"name":"Scoring History","description":"","columns":[{"__meta":{"schema_version":-1,"schema_name":"ColumnSpecsBase","schema_type":"Iced"},"name":"","type":"string","format":"%s","description":""},{"__meta":{"schema_version":-1,"schema_name":"ColumnSpecsBase","schema_type":"Iced"},"name":"timestamp","type":"string","format":"%s","description":"Timestamp"},{"__meta":{"schema_version":-1,"schema_name":"ColumnSpecsBase","schema_type":"Iced"},"name":"duration","type":"string","format":"%s","description":"Duration"},{"__meta":{"schema_version":-1,"schema_name":"ColumnSpecsBase","schema_type":"Iced"},"name":"number_of_trees","type":"long","format":"%d","description":"Number of Trees"},{"__meta":{"schema_version":-1,"schema_name":"ColumnSpecsBase","schema_type":"Iced"},"name":"training_rmse","type":"double","format":"%.5f","description":"Training RMSE"},{"__meta":{"schema_version":-1,"schema_name":"ColumnSpecsBase","schema_type":"Iced"},"name":"training_mae","type":"double","format":"%.5f","description":"Training MAE"},{"__meta":{"schema_version":-1,"schema_name":"ColumnSpecsBase","schema_type":"Iced"},"name":"training_deviance","type":"double","format":"%.5f","description":"Training Deviance"},{"__meta":{"schema_version":-1,"schema_name":"ColumnSpecsBase","schema_type":"Iced"},"name":"validation_rmse","type":"double","format":"%.5f","description":"Validation RMSE"},{"__meta":{"schema_version":-1,"schema_name":"ColumnSpecsBase","schema_type":"Iced"},"name":"validation_mae","type":"double","format":"%.5f","description":"Validation MAE"},{"__meta":{"schema_version":-1,"schema_name":"ColumnSpecsBase","schema_type":"Iced"},"name":"validation_deviance","type":"double","format":"%.5f","description":"Validation Deviance"}],"rowcount":51,"data":[["","","","","","","","","","","","","","","","","","","","","","","","","","","","","","","","","","","","","","","","","","","","","","","","","","",""],["2021-09-29 23:22:17","2021-09-29 23:22:17","2021-09-29 23:22:17","2021-09-29 23:22:17","2021-09-29 23:22:17","2021-09-29 23:22:17","2021-09-29 23:22:17","2021-09-29 23:22:17","2021-09-29 23:22:17","2021-09-29 23:22:17","2021-09-29 23:22:17","2021-09-29 23:22:17","2021-09-29 23:22:17","2021-09-29 23:22:17","2021-09-29 23:22:17","2021-09-29 23:22:17","2021-09-29 23:22:17","2021-09-29 23:22:17","2021-09-29 23:22:17","2021-09-29 23:22:17","2021-09-29 23:22:17","2021-09-29 23:22:17","2021-09-29 23:22:17","2021-09-29 23:22:17","2021-09-29 23:22:17","2021-09-29 23:22:17","2021-09-29 23:22:17","2021-09-29 23:22:17","2021-09-29 23:22:17","2021-09-29 23:22:17","2021-09-29 23:22:17","2021-09-29 23:22:17","2021-09-29 23:22:17","2021-09-29 23:22:17","2021-09-29 23:22:17","2021-09-29 23:22:17","2021-09-29 23:22:17","2021-09-29 23:22:17","2021-09-29 23:22:17","2021-09-29 23:22:17","2021-09-29 23:22:17","2021-09-29 23:22:17","2021-09-29 23:22:17","2021-09-29 23:22:17","2021-09-29 23:22:17","2021-09-29 23:22:17","2021-09-29 23:22:17","2021-09-29 23:22:17","2021-09-29 23:22:17","2021-09-29 23:22:17","2021-09-29 23:22:17"],[" 0.006 sec"," 0.006 sec"," 0.006 sec"," 0.006 sec"," 0.006 sec"," 0.006 sec"," 0.006 sec"," 0.022 sec"," 0.022 sec"," 0.022 sec"," 0.022 sec"," 0.022 sec"," 0.022 sec"," 0.022 sec"," 0.022 sec"," 0.037 sec"," 0.037 sec"," 0.037 sec"," 0.037 sec"," 0.037 sec"," 0.037 sec"," 0.037 sec"," 0.037 sec"," 0.037 sec"," 0.053 sec"," 0.053 sec"," 0.053 sec"," 0.053 sec"," 0.053 sec"," 0.053 sec"," 0.053 sec"," 0.053 sec"," 0.069 sec"," 0.069 sec"," 0.069 sec"," 0.069 sec"," 0.069 sec"," 0.069 sec"," 0.069 sec"," 0.084 sec"," 0.084 sec"," 0.084 sec"," 0.084 sec"," 0.084 sec"," 0.084 sec"," 0.084 sec"," 0.100 sec"," 0.100 sec"," 0.106 sec"," 0.106 sec"," 0.106 sec"],[0,1,2,3,4,5,6,7,8,9,10,11,12,13,14,15,16,17,18,19,20,21,22,23,24,25,26,27,28,29,30,31,32,33,34,35,36,37,38,39,40,41,42,43,44,45,46,47,48,49,50],[1.3309162058309627,1.2655417737778765,1.2099835654830693,1.1627161077140866,1.122601765656225,1.0884457384165256,1.0597424599950176,1.035116306300651,1.0133580503665116,0.9956720782161051,0.9811550372736015,0.9689782113472211,0.9546327034060416,0.942787695069494,0.9305309726581881,0.9197146084668069,0.9099921504027636,0.9030393223272045,0.8972161242278569,0.8888765087983143,0.8804075361632877,0.8739997099716745,0.8637743070153315,0.8577399947010257,0.8486242868276603,0.841091503595035,0.8350342401816336,0.8282418879714626,0.8232403811290938,0.8093332964789655,0.8054115897846258,0.794089826048358,0.7914520090604409,0.7821446707129797,0.7744478140098362,0.771906507749836,0.7653197994183024,0.7600130161496972,0.7583698016512473,0.7538326437538019,0.7521162068386935,0.7484299276909876,0.7473356733787351,0.7443983917604147,0.7437337878165359,0.7401323839992852,0.739285906651517,0.736046138542064,0.730414036018853,0.7268011197211115,0.723819479050565],[1.0847750865051904,1.0383638727898692,0.997068863289029,0.9608994044509589,0.9301656788470698,0.9014964617934882,0.8783118070340624,0.8556511402130127,0.8363298668580896,0.8193564601972991,0.8045225610920027,0.7921571778316124,0.7784654953900505,0.766030606101541,0.7525347775103999,0.7425230250639074,0.7325968648873123,0.7227634962867288,0.7149251302083334,0.7034368702009612,0.6926149293488147,0.6838197474386177,0.6718048348146326,0.6628695609522801,0.6521098566990272,0.6421966879975562,0.6346604403327493,0.6248772985794965,0.6159911903680539,0.6006791404649323,0.5935192762636671,0.5800922057207893,0.5749948585734648,0.5634665535945519,0.5525163295222264,0.5482995042613908,0.5388026798472685,0.530043831058577,0.5258588323406145,0.5183042918934542,0.5138822443345014,0.5069097070132985,0.5036717068915274,0.49831263224283856,0.49613304231681077,0.4908140734130261,0.488405470754586,0.4832829073363659,0.47715306749530867,0.4727817282957189,0.4697271889331294],[1.7713379469434856,1.6015959811768536,1.4640602287391211,1.3519087471377957,1.2602347242544738,1.1847141254770956,1.1230540815162915,1.071465767569503,1.0268945382426173,0.9913628873391778,0.9626652071673624,0.9389187740656597,0.9113235984123272,0.8888486379744492,0.8658878910761935,0.8458749610272519,0.8280857137946459,0.8154800176691768,0.8049967735744571,0.7901014478934797,0.7751174297331108,0.7638754930305711,0.7461060534598163,0.7357178985097156,0.7201631801937551,0.7074349174197568,0.6972821822757183,0.6859846249905327,0.6777247251215756,0.6550203847895091,0.6486878289593982,0.6305786518335115,0.6263962826458082,0.6117502859247154,0.5997694166246139,0.5958396567065477,0.5857143953816706,0.5776197847169598,0.5751247560565522,0.5682636547888464,0.5656787885894243,0.5601473566635369,0.5585106087044475,0.5541289656554917,0.5531399471399321,0.5477959458444653,0.5465436517735556,0.5417639180626833,0.5335046640133504,0.5282398676278615,0.5239146382530313],[1.4378257822047629,1.4170273475175899,1.401774794452641,1.391698452316768,1.3810110650981673,1.3774399242363482,1.3731416486867851,1.3730018401687607,1.372032129632511,1.3741911905830166,1.3758886655744351,1.3791577727267048,1.3752624246926748,1.3779978907449464,1.3785464489664776,1.3777455007692763,1.379628665875247,1.3796549721172902,1.3790363298428254,1.3795295733702146,1.3794258466196818,1.3809890086835672,1.3770823121921216,1.3776841035990488,1.3847639344577605,1.3919510472222576,1.3991366984200266,1.4086488115754845,1.4055703773875785,1.4066761688960459,1.4043580455274818,1.4061566161939172,1.407774980411793,1.411586765994235,1.415977459401814,1.417793168110692,1.4248919575332908,1.430069781638598,1.430487885212549,1.4382928639301296,1.437825296191881,1.445632195965433,1.4460923693625407,1.4526871159192452,1.4545526113726734,1.4554506288341387,1.4558808244211465,1.4576175835306382,1.4592974804,1.4617171179967479,1.465939069514794],[1.1345811051693402,1.108345217557886,1.084657163902081,1.0686255366592907,1.047835817049239,1.0352044172100257,1.0198809669997189,1.009754008247472,0.9995868430303165,0.9945173101188819,0.9888534924268984,0.9884894336235531,0.9815223807920975,0.9826132096011945,0.9782016805006661,0.9719803297949071,0.9723304974545233,0.9696304668201742,0.9677241349093942,0.968267524209448,0.966287675529051,0.9681878037449412,0.9567990423302182,0.9579009204689605,0.95864571013842,0.9593398686395529,0.9639583127626309,0.9727080112771448,0.9704532593570092,0.9703935180121646,0.9679852650960633,0.9735098087859729,0.9735616730818322,0.9790139940060514,0.9842482721585047,0.9862978411425979,0.9940646922550385,0.997920520236357,0.9971584987568497,1.004883246663472,1.0031405437011198,1.011122383190795,1.010677049079645,1.0165098747611785,1.0176204520820278,1.0223903284149956,1.022389465142468,1.0227957973647612,1.0245021683886455,1.0274008882184595,1.0323484931756937],[2.067342979972738,2.007966503612736,1.9649725743627444,1.9368245821808872,1.9071915619235744,1.8973407448802369,1.8855179873582621,1.8851340531068028,1.882472164743924,1.8884014282759687,1.8930696200562,1.9020761620724849,1.891346736771575,1.898878186897521,1.9003903119580854,1.8981826648899838,1.9033752557047139,1.9034478420879608,1.9017411990263697,1.9031018438030063,1.902815666322426,1.9071306421048217,1.8963556945524,1.8980134893095146,1.9175711541749365,1.9375277178631394,1.9575835008656925,1.9842914743530249,1.9756280857894597,1.9787378441400572,1.9722215200377684,1.9772764292659275,1.9818303954734242,1.9925771979300628,2.0049921655340155,2.0101374675413526,2.0303170906430537,2.0450995803558674,2.0462955897398714,2.068686362432334,2.06734158236927,2.08985244601184,2.091183140728567,2.1102998567577744,2.1157232992510635,2.1183365329736894,2.1195889749171974,2.124649019817697,2.1295491363017884,2.1366169330447184,2.1489773555299]]},{"__meta":{"schema_version":3,"schema_name":"TwoDimTableV3","schema_type":"TwoDimTable"},"name":"Scoring History","description":"","columns":[{"__meta":{"schema_version":-1,"schema_name":"ColumnSpecsBase","schema_type":"Iced"},"name":"","type":"string","format":"%s","description":""},{"__meta":{"schema_version":-1,"schema_name":"ColumnSpecsBase","schema_type":"Iced"},"name":"timestamp","type":"string","format":"%s","description":"Timestamp"},{"__meta":{"schema_version":-1,"schema_name":"ColumnSpecsBase","schema_type":"Iced"},"name":"duration","type":"string","format":"%s","description":"Duration"},{"__meta":{"schema_version":-1,"schema_name":"ColumnSpecsBase","schema_type":"Iced"},"name":"number_of_trees","type":"long","format":"%d","description":"Number of Trees"},{"__meta":{"schema_version":-1,"schema_name":"ColumnSpecsBase","schema_type":"Iced"},"name":"training_rmse","type":"double","format":"%.5f","description":"Training RMSE"},{"__meta":{"schema_version":-1,"schema_name":"ColumnSpecsBase","schema_type":"Iced"},"name":"training_mae","type":"double","format":"%.5f","description":"Training MAE"},{"__meta":{"schema_version":-1,"schema_name":"ColumnSpecsBase","schema_type":"Iced"},"name":"training_deviance","type":"double","format":"%.5f","description":"Training Deviance"},{"__meta":{"schema_version":-1,"schema_name":"ColumnSpecsBase","schema_type":"Iced"},"name":"validation_rmse","type":"double","format":"%.5f","description":"Validation RMSE"},{"__meta":{"schema_version":-1,"schema_name":"ColumnSpecsBase","schema_type":"Iced"},"name":"validation_mae","type":"double","format":"%.5f","description":"Validation MAE"},{"__meta":{"schema_version":-1,"schema_name":"ColumnSpecsBase","schema_type":"Iced"},"name":"validation_deviance","type":"double","format":"%.5f","description":"Validation Deviance"}],"rowcount":51,"data":[["","","","","","","","","","","","","","","","","","","","","","","","","","","","","","","","","","","","","","","","","","","","","","","","","","",""],["2021-09-29 23:22:17","2021-09-29 23:22:17","2021-09-29 23:22:17","2021-09-29 23:22:17","2021-09-29 23:22:17","2021-09-29 23:22:17","2021-09-29 23:22:17","2021-09-29 23:22:17","2021-09-29 23:22:17","2021-09-29 23:22:17","2021-09-29 23:22:17","2021-09-29 23:22:17","2021-09-29 23:22:17","2021-09-29 23:22:17","2021-09-29 23:22:17","2021-09-29 23:22:17","2021-09-29 23:22:17","2021-09-29 23:22:17","2021-09-29 23:22:17","2021-09-29 23:22:17","2021-09-29 23:22:17","2021-09-29 23:22:17","2021-09-29 23:22:17","2021-09-29 23:22:17","2021-09-29 23:22:17","2021-09-29 23:22:17","2021-09-29 23:22:17","2021-09-29 23:22:17","2021-09-29 23:22:17","2021-09-29 23:22:17","2021-09-29 23:22:17","2021-09-29 23:22:17","2021-09-29 23:22:17","2021-09-29 23:22:17","2021-09-29 23:22:17","2021-09-29 23:22:17","2021-09-29 23:22:17","2021-09-29 23:22:17","2021-09-29 23:22:17","2021-09-29 23:22:17","2021-09-29 23:22:17","2021-09-29 23:22:17","2021-09-29 23:22:17","2021-09-29 23:22:17","2021-09-29 23:22:17","2021-09-29 23:22:17","2021-09-29 23:22:17","2021-09-29 23:22:17","2021-09-29 23:22:17","2021-09-29 23:22:17","2021-09-29 23:22:17"],[" 0.006 sec"," 0.006 sec"," 0.006 sec"," 0.006 sec"," 0.006 sec"," 0.006 sec"," 0.006 sec"," 0.022 sec"," 0.022 sec"," 0.022 sec"," 0.022 sec"," 0.022 sec"," 0.022 sec"," 0.022 sec"," 0.022 sec"," 0.037 sec"," 0.037 sec"," 0.037 sec"," 0.037 sec"," 0.037 sec"," 0.037 sec"," 0.037 sec"," 0.037 sec"," 0.053 sec"," 0.053 sec"," 0.053 sec"," 0.053 sec"," 0.053 sec"," 0.053 sec"," 0.053 sec"," 0.053 sec"," 0.069 sec"," 0.069 sec"," 0.069 sec"," 0.069 sec"," 0.069 sec"," 0.069 sec"," 0.069 sec"," 0.069 sec"," 0.084 sec"," 0.084 sec"," 0.084 sec"," 0.084 sec"," 0.084 sec"," 0.084 sec"," 0.100 sec"," 0.100 sec"," 0.100 sec"," 0.106 sec"," 0.106 sec"," 0.106 sec"],[0,1,2,3,4,5,6,7,8,9,10,11,12,13,14,15,16,17,18,19,20,21,22,23,24,25,26,27,28,29,30,31,32,33,34,35,36,37,38,39,40,41,42,43,44,45,46,47,48,49,50],[1.3559973205944613,1.2971622157463345,1.2471518674700393,1.2051230670095885,1.1697098989046322,1.1352775353861981,1.106594822705104,1.0809643971239484,1.062562915354464,1.04390295235192,1.027703103496382,1.0147246321270922,1.0037124457463165,0.9946684629838922,0.987082560802577,0.9820280931387387,0.9776251549965699,0.9736941420112225,0.9678654099247602,0.965030715787437,0.9607512996682395,0.9559328619345044,0.951964104739494,0.9447317881494472,0.9415161154632485,0.938976167423106,0.9369381901277027,0.935296601606196,0.9325722164955254,0.9278531366639138,0.924430949993503,0.9225520159457197,0.9198328423542765,0.9178789751627572,0.9166766694705871,0.9156050222676066,0.9015144378078593,0.8884187259119454,0.8769710195052736,0.8764470998501442,0.8670511100933317,0.8665315561250282,0.866174160836116,0.8583488719190583,0.8542754194990384,0.8498773313458609,0.8469196955264834,0.8418580296194247,0.8414325990562482,0.8355413695663388,0.8351522574550152],[1.094517958412099,1.0471784135569697,1.0084852291190105,0.9780459870462832,0.9509114648984827,0.9179661222126173,0.8901968624280847,0.8678452709446782,0.8486477810403575,0.8279070698696634,0.8129158020019531,0.7954681178797847,0.7800848898680314,0.765940873519234,0.7544967713563339,0.7441006639729375,0.7347651616386746,0.7266659788463427,0.7170337905054507,0.7099476949028347,0.7005866299504819,0.6921995411748472,0.6844052957451862,0.6745257999586023,0.6663919272630111,0.6591391718905905,0.6529871484507686,0.6475121352983557,0.6426346975824108,0.6371984844622405,0.6313988177672677,0.6275055978609168,0.6225767394770747,0.6164305832075037,0.6118981216264807,0.6078588962554932,0.5980827445569246,0.5880311986674434,0.5785531634869783,0.5766234294227932,0.5681926634000696,0.566420404807381,0.5649688036545463,0.558911188789036,0.5540558825368467,0.5514597685440726,0.5489775616189708,0.5432359498480092,0.5419993296913479,0.537850981173308,0.5364272179810897],[1.8387287334593585,1.68262981395994,1.5553877805340064,1.4523216066385969,1.368221247595485,1.2888550823525604,1.2245521016377403,1.1684840278495412,1.1290399490865777,1.0897333739290551,1.0561736689360952,1.0296660790454626,1.0074386737460521,0.9893653512547387,0.974331981840573,0.9643791757137073,0.9557509436820674,0.9480802821869707,0.9367634517288242,0.931284282413213,0.9230430598142112,0.9138076365262924,0.9062356567124662,0.8925181515400521,0.8864525956770051,0.8816762429885848,0.8778531721197752,0.8747797329760992,0.869690938979377,0.8609114432170635,0.8545725813058904,0.8511022221255115,0.8460924578735474,0.8425018130458334,0.8402961163516881,0.8383325568016645,0.8127282815760207,0.7892878325510043,0.7690781690521189,0.7681595188357287,0.7517776275140788,0.7508769377604628,0.7502576769001498,0.73676278592472,0.729786492360258,0.7222914783355622,0.7172729706706713,0.7087249420347002,0.708008818754553,0.6981293802567932,0.6974792931322079],[1.3568339115408625,1.3332685627387149,1.318050496991301,1.309183796710266,1.3046174300209523,1.3039149189184438,1.3047256267523397,1.3178628073820486,1.319179499569507,1.3236514780810231,1.3366659518815613,1.3414388095038652,1.3482069724868357,1.3525609040109565,1.3592127331826853,1.3680533368585168,1.375740447643041,1.3840458934173523,1.3898092415501206,1.3982526011826275,1.397050315573716,1.4038349128457621,1.4098385593195668,1.4192332043423912,1.4231491307622541,1.4282387295762873,1.4331663527325422,1.4364698482664002,1.4371894139142194,1.4396184510034193,1.445535423003598,1.4461267949749737,1.4497155351661049,1.4502461137927916,1.4511039644996506,1.4523334478807266,1.4501067136350316,1.4465603915772538,1.4429921945945487,1.44573359512019,1.4434049153033235,1.4456678901005189,1.4481102459838475,1.4501088497634553,1.4544700770111472,1.459118906989502,1.4633420786942186,1.462777804620162,1.4639665924290344,1.4680653620599102,1.4689269108731935],[1.0796258847320528,1.0685591770578986,1.0656742923888327,1.068952816115698,1.0761456130857836,1.0856876326903806,1.0928651758095793,1.114601181148322,1.1246728154632764,1.1330456664176358,1.1488319921066077,1.156244649594832,1.1651036646214166,1.1706270781710921,1.1772318938960693,1.1854244683349142,1.1917639313341253,1.1974314468555178,1.2002467339392517,1.2069809475685993,1.203921645588413,1.2068454422348833,1.2082466254844422,1.214555475863924,1.2143785073777675,1.2151086500032062,1.2163705376338056,1.2162476478657331,1.2146145593822797,1.2143943427827484,1.2183701666739135,1.217197897878241,1.2193734921142496,1.2164529938521893,1.2151715400959082,1.214953822355067,1.2158048699702195,1.2106912616635124,1.2048066449763333,1.2062543190149582,1.2010116409191118,1.2017999303635678,1.2031191466219369,1.2030903034183125,1.2035481310401017,1.2068393149365115,1.2124912378336046,1.2087696086475221,1.209166506081691,1.2116769898137985,1.2113606911826524],[1.840998263507277,1.7776050603873585,1.7372571126190155,1.7139622135687071,1.7020266387144742,1.700194115778092,1.7023089611042859,1.7367623790808946,1.740234552084455,1.7520532354260772,1.7866758669194402,1.7994580796431472,1.8176620406621193,1.8294209990589358,1.8474592540459456,1.8715699324897224,1.8926617792810752,1.915583035085437,1.9315697278981216,1.9551103367139837,1.9517495842446195,1.9707524625246686,1.9876447633442718,2.0142228883079714,2.0253534483893594,2.039865868661687,2.0539657946046974,2.063445624978495,2.0655134114670974,2.072501284469485,2.089572659158191,2.091282707144589,2.101675132901946,2.1032137905710946,2.1057027157866033,2.109272443833119,2.1028094809293916,2.0925369664801377,2.082226473660792,2.0901456280591493,2.0834177495217947,2.089955648467686,2.097023284523399,2.1028156761622916,2.1154832049208125,2.1290279847342393,2.1413700392771164,2.139718905689381,2.1431981837482788,2.1552159072800956,2.157746269487463]]}],"reproducibility_information_table":[{"__meta":{"schema_version":3,"schema_name":"TwoDimTableV3","schema_type":"TwoDimTable"},"name":"Node Information","description":"","columns":[{"__meta":{"schema_version":-1,"schema_name":"ColumnSpecsBase","schema_type":"Iced"},"name":"","type":"string","format":"%s","description":""},{"__meta":{"schema_version":-1,"schema_name":"ColumnSpecsBase","schema_type":"Iced"},"name":"node","type":"int","format":"%d","description":"node"},{"__meta":{"schema_version":-1,"schema_name":"ColumnSpecsBase","schema_type":"Iced"},"name":"h2o","type":"string","format":"%s","description":"h2o"},{"__meta":{"schema_version":-1,"schema_name":"ColumnSpecsBase","schema_type":"Iced"},"name":"healthy","type":"string","format":"%s","description":"healthy"},{"__meta":{"schema_version":-1,"schema_name":"ColumnSpecsBase","schema_type":"Iced"},"name":"last_ping","type":"string","format":"%s","description":"last_ping"},{"__meta":{"schema_version":-1,"schema_name":"ColumnSpecsBase","schema_type":"Iced"},"name":"num_cpus","type":"int","format":"%d","description":"num_cpus"},{"__meta":{"schema_version":-1,"schema_name":"ColumnSpecsBase","schema_type":"Iced"},"name":"sys_load","type":"double","format":"%.5f","description":"sys_load"},{"__meta":{"schema_version":-1,"schema_name":"ColumnSpecsBase","schema_type":"Iced"},"name":"mem_value_size","type":"long","format":"%d","description":"mem_value_size"},{"__meta":{"schema_version":-1,"schema_name":"ColumnSpecsBase","schema_type":"Iced"},"name":"free_mem","type":"long","format":"%d","description":"free_mem"},{"__meta":{"schema_version":-1,"schema_name":"ColumnSpecsBase","schema_type":"Iced"},"name":"pojo_mem","type":"long","format":"%d","description":"pojo_mem"},{"__meta":{"schema_version":-1,"schema_name":"ColumnSpecsBase","schema_type":"Iced"},"name":"swap_mem","type":"long","format":"%d","description":"swap_mem"},{"__meta":{"schema_version":-1,"schema_name":"ColumnSpecsBase","schema_type":"Iced"},"name":"free_disc","type":"long","format":"%d","description":"free_disc"},{"__meta":{"schema_version":-1,"schema_name":"ColumnSpecsBase","schema_type":"Iced"},"name":"max_disc","type":"long","format":"%d","description":"max_disc"},{"__meta":{"schema_version":-1,"schema_name":"ColumnSpecsBase","schema_type":"Iced"},"name":"pid","type":"int","format":"%d","description":"pid"},{"__meta":{"schema_version":-1,"schema_name":"ColumnSpecsBase","schema_type":"Iced"},"name":"num_keys","type":"int","format":"%d","description":"num_keys"},{"__meta":{"schema_version":-1,"schema_name":"ColumnSpecsBase","schema_type":"Iced"},"name":"tcps_active","type":"string","format":"%s","description":"tcps_active"},{"__meta":{"schema_version":-1,"schema_name":"ColumnSpecsBase","schema_type":"Iced"},"name":"open_fds","type":"int","format":"%d","description":"open_fds"},{"__meta":{"schema_version":-1,"schema_name":"ColumnSpecsBase","schema_type":"Iced"},"name":"rpcs_active","type":"string","format":"%s","description":"rpcs_active"},{"__meta":{"schema_version":-1,"schema_name":"ColumnSpecsBase","schema_type":"Iced"},"name":"nthreads","type":"int","format":"%d","description":"nthreads"},{"__meta":{"schema_version":-1,"schema_name":"ColumnSpecsBase","schema_type":"Iced"},"name":"is_leader","type":"string","format":"%s","description":"is_leader"},{"__meta":{"schema_version":-1,"schema_name":"ColumnSpecsBase","schema_type":"Iced"},"name":"total_mem","type":"long","format":"%d","description":"total_mem"},{"__meta":{"schema_version":-1,"schema_name":"ColumnSpecsBase","schema_type":"Iced"},"name":"max_mem","type":"long","format":"%d","description":"max_mem"},{"__meta":{"schema_version":-1,"schema_name":"ColumnSpecsBase","schema_type":"Iced"},"name":"java_version","type":"string","format":"%s","description":"java_version"},{"__meta":{"schema_version":-1,"schema_name":"ColumnSpecsBase","schema_type":"Iced"},"name":"jvm_launch_parameters","type":"string","format":"%s","description":"jvm_launch_parameters"},{"__meta":{"schema_version":-1,"schema_name":"ColumnSpecsBase","schema_type":"Iced"},"name":"os_version","type":"string","format":"%s","description":"os_version"},{"__meta":{"schema_version":-1,"schema_name":"ColumnSpecsBase","schema_type":"Iced"},"name":"machine_physical_mem","type":"long","format":"%d","description":"machine_physical_mem"},{"__meta":{"schema_version":-1,"schema_name":"ColumnSpecsBase","schema_type":"Iced"},"name":"machine_locale","type":"string","format":"%s","description":"machine_locale"}],"rowcount":1,"data":[[""],[0],["127.0.0.1:54321"],["true"],["1632950536774"],[8],[0.018739717],[19850496],[4056176020],[187483500],[180561],[48637149184],[106766008320],[15096],[10472],["\u0000"],[-1],["\u0000"],[8],["true"],[2593128448],[4263510016],["Java 11.0.7 (from Oracle Corporation)"],["[]"],["Windows 10 10.0 (amd64)"],[17052135424],["en_US"]]},{"__meta":{"schema_version":3,"schema_name":"TwoDimTableV3","schema_type":"TwoDimTable"},"name":"Cluster Configuration","description":"","columns":[{"__meta":{"schema_version":-1,"schema_name":"ColumnSpecsBase","schema_type":"Iced"},"name":"","type":"string","format":"%s","description":""},{"__meta":{"schema_version":-1,"schema_name":"ColumnSpecsBase","schema_type":"Iced"},"name":"h2o_cluster_uptime","type":"long","format":"%d","description":"H2O cluster uptime"},{"__meta":{"schema_version":-1,"schema_name":"ColumnSpecsBase","schema_type":"Iced"},"name":"h2o_cluster_timezone","type":"string","format":"%s","description":"H2O cluster timezone"},{"__meta":{"schema_version":-1,"schema_name":"ColumnSpecsBase","schema_type":"Iced"},"name":"h2o_data_parsing_timezone","type":"string","format":"%s","description":"H2O data parsing timezone"},{"__meta":{"schema_version":-1,"schema_name":"ColumnSpecsBase","schema_type":"Iced"},"name":"h2o_cluster_version","type":"string","format":"%s","description":"H2O cluster version"},{"__meta":{"schema_version":-1,"schema_name":"ColumnSpecsBase","schema_type":"Iced"},"name":"h2o_cluster_version_age","type":"string","format":"%s","description":"H2O cluster version age"},{"__meta":{"schema_version":-1,"schema_name":"ColumnSpecsBase","schema_type":"Iced"},"name":"h2o_cluster_name","type":"string","format":"%s","description":"H2O cluster name"},{"__meta":{"schema_version":-1,"schema_name":"ColumnSpecsBase","schema_type":"Iced"},"name":"h2o_cluster_total_nodes","type":"int","format":"%d","description":"H2O cluster total nodes"},{"__meta":{"schema_version":-1,"schema_name":"ColumnSpecsBase","schema_type":"Iced"},"name":"h2o_cluster_free_memory","type":"long","format":"%d","description":"H2O cluster free memory"},{"__meta":{"schema_version":-1,"schema_name":"ColumnSpecsBase","schema_type":"Iced"},"name":"h2o_cluster_total_cores","type":"int","format":"%d","description":"H2O cluster total cores"},{"__meta":{"schema_version":-1,"schema_name":"ColumnSpecsBase","schema_type":"Iced"},"name":"h2o_cluster_allowed_cores","type":"int","format":"%d","description":"H2O cluster allowed cores"},{"__meta":{"schema_version":-1,"schema_name":"ColumnSpecsBase","schema_type":"Iced"},"name":"h2o_cluster_status","type":"string","format":"%s","description":"H2O cluster status"},{"__meta":{"schema_version":-1,"schema_name":"ColumnSpecsBase","schema_type":"Iced"},"name":"h2o_internal_security","type":"string","format":"%s","description":"H2O internal security"},{"__meta":{"schema_version":-1,"schema_name":"ColumnSpecsBase","schema_type":"Iced"},"name":"h2o_api_extensions","type":"string","format":"%s","description":"H2O API Extensions"}],"rowcount":1,"data":[[""],[7340988],["Europe/Berlin"],["UTC"],["3.32.1.5"],["1 month and 25 days"],["H2O_from_python_alina_6vfftn"],[1],[4056176020],[8],[8],["locked, healthly"],["false"],["Amazon S3, Algos, AutoML, Core V3, TargetEncoder, Core V4"]]},{"__meta":{"schema_version":3,"schema_name":"TwoDimTableV3","schema_type":"TwoDimTable"},"name":"Input Frames Information","description":"","columns":[{"__meta":{"schema_version":-1,"schema_name":"ColumnSpecsBase","schema_type":"Iced"},"name":"","type":"string","format":"%s","description":""},{"__meta":{"schema_version":-1,"schema_name":"ColumnSpecsBase","schema_type":"Iced"},"name":"input_frame","type":"string","format":"%s","description":"Input Frame"},{"__meta":{"schema_version":-1,"schema_name":"ColumnSpecsBase","schema_type":"Iced"},"name":"checksum","type":"long","format":"%d","description":"Checksum"},{"__meta":{"schema_version":-1,"schema_name":"ColumnSpecsBase","schema_type":"Iced"},"name":"espc","type":"string","format":"%d","description":"ESPC"}],"rowcount":3,"data":[["","",""],["training_frame","validation_frame","calibration_frame"],[5180263637559664985,6830553473148329346,-1],["[0, 135]","[0, 45]","-1"]]}],"training_metrics":{"__meta":{"schema_version":3,"schema_name":"ModelMetricsRegressionV3","schema_type":"ModelMetricsRegression"},"model":{"__meta":{"schema_version":3,"schema_name":"ModelKeyV3","schema_type":"Key<Model>"},"name":"beer_2std_gbm_model","type":"Key<Model>","URL":"/3/Models/beer_2std_gbm_model"},"model_checksum":-5412282160687533032,"frame":{"__meta":{"schema_version":3,"schema_name":"FrameKeyV3","schema_type":"Key<Frame>"},"name":"py_172_sid_81a4","type":"Key<Frame>","URL":"/3/Frames/py_172_sid_81a4"},"frame_checksum":5805067725615137936,"description":null,"model_category":"Regression","scoring_time":1632950537662,"predictions":null,"MSE":0.7517865232436027,"RMSE":0.8670562399542504,"nobs":135,"custom_metric_name":null,"custom_metric_value":0.0,"r2":0.5912984910477674,"mean_residual_deviance":0.7517865232436027,"mae":0.5614497573287399,"rmsle":0.11434821027639926},"validation_metrics":{"__meta":{"schema_version":3,"schema_name":"ModelMetricsRegressionV3","schema_type":"ModelMetricsRegression"},"model":{"__meta":{"schema_version":3,"schema_name":"ModelKeyV3","schema_type":"Key<Model>"},"name":"beer_2std_gbm_model","type":"Key<Model>","URL":"/3/Models/beer_2std_gbm_model"},"model_checksum":-5412282160687533032,"frame":{"__meta":{"schema_version":3,"schema_name":"FrameKeyV3","schema_type":"Key<Frame>"},"name":"py_173_sid_81a4","type":"Key<Frame>","URL":"/3/Frames/py_173_sid_81a4"},"frame_checksum":-8537544564036231696,"description":null,"model_category":"Regression","scoring_time":1632950537662,"predictions":null,"MSE":2.9864200754613806,"RMSE":1.728126174635805,"nobs":45,"custom_metric_name":null,"custom_metric_value":0.0,"r2":-0.31868745155021694,"mean_residual_deviance":2.9864200754613806,"mae":1.3159934486450715,"rmsle":0.230642327234098},"cross_validation_metrics":{"__meta":{"schema_version":3,"schema_name":"ModelMetricsRegressionV3","schema_type":"ModelMetricsRegression"},"model":{"__meta":{"schema_version":3,"schema_name":"ModelKeyV3","schema_type":"Key<Model>"},"name":"beer_2std_gbm_model","type":"Key<Model>","URL":"/3/Models/beer_2std_gbm_model"},"model_checksum":-5412282160687533032,"frame":{"__meta":{"schema_version":3,"schema_name":"FrameKeyV3","schema_type":"Key<Frame>"},"name":"py_172_sid_81a4","type":"Key<Frame>","URL":"/3/Frames/py_172_sid_81a4"},"frame_checksum":5805067725615137936,"description":"4-fold cross-validation on training data (Metrics computed for combined holdout predictions)","model_category":"Regression","scoring_time":1632950537677,"predictions":null,"MSE":2.145470283668105,"RMSE":1.4647423949855842,"nobs":135,"custom_metric_name":null,"custom_metric_value":0.0,"r2":-0.16636427394854914,"mean_residual_deviance":2.145470283668105,"mae":1.1615373285118367,"rmsle":0.18652964977044362},"cross_validation_metrics_summary":{"__meta":{"schema_version":3,"schema_name":"TwoDimTableV3","schema_type":"TwoDimTable"},"name":"Cross-Validation Metrics Summary","description":"","columns":[{"__meta":{"schema_version":-1,"schema_name":"ColumnSpecsBase","schema_type":"Iced"},"name":"","type":"string","format":"%s","description":""},{"__meta":{"schema_version":-1,"schema_name":"ColumnSpecsBase","schema_type":"Iced"},"name":"mean","type":"string","format":"%s","description":"mean"},{"__meta":{"schema_version":-1,"schema_name":"ColumnSpecsBase","schema_type":"Iced"},"name":"sd","type":"string","format":"%s","description":"sd"},{"__meta":{"schema_version":-1,"schema_name":"ColumnSpecsBase","schema_type":"Iced"},"name":"cv_1_valid","type":"string","format":"%s","description":"cv_1_valid"},{"__meta":{"schema_version":-1,"schema_name":"ColumnSpecsBase","schema_type":"Iced"},"name":"cv_2_valid","type":"string","format":"%s","description":"cv_2_valid"},{"__meta":{"schema_version":-1,"schema_name":"ColumnSpecsBase","schema_type":"Iced"},"name":"cv_3_valid","type":"string","format":"%s","description":"cv_3_valid"},{"__meta":{"schema_version":-1,"schema_name":"ColumnSpecsBase","schema_type":"Iced"},"name":"cv_4_valid","type":"string","format":"%s","description":"cv_4_valid"}],"rowcount":7,"data":[["mae","mean_residual_deviance","mse","r2","residual_deviance","rmse","rmsle"],["1.155609","2.135753","2.135753","-0.21932717","2.135753","1.4611737","0.1854193"],["0.093536764","0.09027127","0.09027127","0.19550608","0.09027127","0.031077387","0.008111218"],["1.2425952","2.2257726","2.2257726","-0.12210783","2.2257726","1.4919024","0.18797521"],["1.1361316","2.010515","2.010515","-0.50668085","2.010515","1.4179263","0.17341578"],["1.0323485","2.1489773","2.1489773","-0.07646566","2.1489773","1.465939","0.19117497"],["1.2113607","2.1577463","2.1577463","-0.1720543","2.1577463","1.4689269","0.18911128"]]},"status":null,"start_time":1632950537583,"end_time":1632950537677,"run_time":94,"default_threshold":0.5,"help":{"domains":"Domains for categorical columns", "__meta":"Metadata on this schema instance, to make it self-describing.", "help":"Help information for output fields", "training_metrics":"Training data model metrics", "cross_validation_models":"Cross-validation models (model ids)", "cross_validation_predictions":"Cross-validation predictions, one per cv model (deprecated, use cross_validation_holdout_predictions_frame_id instead)", "cross_validation_metrics_summary":"Cross-validation model metrics summary", "status":"Job status", "reproducibility_information_table":"Model reproducibility information", "variable_importances":"Variable Importances", "model_summary":"Model summary", "end_time":"End time in milliseconds", "names":"Column names", "cross_validation_fold_assignment_frame_id":"Cross-validation fold assignment (each row is assigned to one holdout fold)", "run_time":"Runtime in milliseconds", "default_threshold":"Default threshold used for predictions", "scoring_history":"Scoring history", "cross_validation_holdout_predictions_frame_id":"Cross-validation holdout predictions (full out-of-sample predictions on training data)", "init_f":"The Intercept term, the initial model function value to which trees make adjustments", "model_category":"Category of the model (e.g., Binomial)", "column_types":"Column types", "original_names":"Original column names", "start_time":"Start time in milliseconds", "cv_scoring_history":"Cross-Validation scoring history", "cross_validation_metrics":"Cross-validation model metrics", "validation_metrics":"Validation data model metrics"},"variable_importances":{"__meta":{"schema_version":3,"schema_name":"TwoDimTableV3","schema_type":"TwoDimTable"},"name":"Variable Importances","description":"","columns":[{"__meta":{"schema_version":-1,"schema_name":"ColumnSpecsBase","schema_type":"Iced"},"name":"variable","type":"string","format":"%s","description":"Variable"},{"__meta":{"schema_version":-1,"schema_name":"ColumnSpecsBase","schema_type":"Iced"},"name":"relative_importance","type":"double","format":"%5f","description":"Relative Importance"},{"__meta":{"schema_version":-1,"schema_name":"ColumnSpecsBase","schema_type":"Iced"},"name":"scaled_importance","type":"double","format":"%5f","description":"Scaled Importance"},{"__meta":{"schema_version":-1,"schema_name":"ColumnSpecsBase","schema_type":"Iced"},"name":"percentage","type":"double","format":"%5f","description":"Percentage"}],"rowcount":4,"data":[["style","abv","flavor","perception"],[310.0965881347656,210.52996826171875,166.3359832763672,85.85177612304688],[1.0,0.6789173964410857,0.5364005591834465,0.27685495232129526],[0.40125626789846197,0.27241986070729063,0.21523408647659784,0.11108978491764958]]},"init_f":7.140740740740741},"compatible_frames":null}
