{"__meta":{"schema_version":3,"schema_name":"DRFModelV3","schema_type":"DRFModel"},"model_id":{"__meta":{"schema_version":3,"schema_name":"ModelKeyV3","schema_type":"Key<Model>"},"name":"alc_free_all_drf_model","type":"Key<Model>","URL":"/3/Models/alc_free_all_drf_model"},"algo":"drf","algo_full_name":"Distributed Random Forest","response_column_name":"rating","data_frame":{"__meta":{"schema_version":3,"schema_name":"FrameKeyV3","schema_type":"Key<Frame>"},"name":"py_5_sid_ad02","type":"Key<Frame>","URL":"/3/Frames/py_5_sid_ad02"},"timestamp":1633026191012,"have_pojo":true,"have_mojo":true,"algo":"drf","algo_full_name":"Distributed Random Forest","model_id":{"__meta":{"schema_version":3,"schema_name":"ModelKeyV3","schema_type":"Key<Model>"},"name":"alc_free_all_drf_model","type":"Key<Model>","URL":"/3/Models/alc_free_all_drf_model"},"parameters":[{"__meta":{"schema_version":3,"schema_name":"ModelParameterSchemaV3","schema_type":"Iced"},"name":"model_id","label":"model_id","help":"Destination id for this model; auto-generated if not specified.","required":false,"type":"Key<Model>","default_value":null,"actual_value":{"__meta":{"schema_version":3,"schema_name":"ModelKeyV3","schema_type":"Key<Model>"},"name":"alc_free_all_drf_model","type":"Key<Model>","URL":"/3/Models/alc_free_all_drf_model"},"input_value":null,"level":"critical","values":[],"is_member_of_frames":[],"is_mutually_exclusive_with":[],"gridable":false},{"__meta":{"schema_version":3,"schema_name":"ModelParameterSchemaV3","schema_type":"Iced"},"name":"training_frame","label":"training_frame","help":"Id of the training data frame.","required":false,"type":"Key<Frame>","default_value":null,"actual_value":{"__meta":{"schema_version":3,"schema_name":"FrameKeyV3","schema_type":"Key<Frame>"},"name":"py_5_sid_ad02","type":"Key<Frame>","URL":"/3/Frames/py_5_sid_ad02"},"input_value":{"__meta":{"schema_version":3,"schema_name":"FrameKeyV3","schema_type":"Key<Frame>"},"name":"py_5_sid_ad02","type":"Key<Frame>","URL":"/3/Frames/py_5_sid_ad02"},"level":"critical","values":[],"is_member_of_frames":[],"is_mutually_exclusive_with":[],"gridable":false},{"__meta":{"schema_version":3,"schema_name":"ModelParameterSchemaV3","schema_type":"Iced"},"name":"validation_frame","label":"validation_frame","help":"Id of the validation data frame.","required":false,"type":"Key<Frame>","default_value":null,"actual_value":{"__meta":{"schema_version":3,"schema_name":"FrameKeyV3","schema_type":"Key<Frame>"},"name":"py_6_sid_ad02","type":"Key<Frame>","URL":"/3/Frames/py_6_sid_ad02"},"input_value":{"__meta":{"schema_version":3,"schema_name":"FrameKeyV3","schema_type":"Key<Frame>"},"name":"py_6_sid_ad02","type":"Key<Frame>","URL":"/3/Frames/py_6_sid_ad02"},"level":"critical","values":[],"is_member_of_frames":[],"is_mutually_exclusive_with":[],"gridable":true},{"__meta":{"schema_version":3,"schema_name":"ModelParameterSchemaV3","schema_type":"Iced"},"name":"nfolds","label":"nfolds","help":"Number of folds for K-fold cross-validation (0 to disable or >= 2).","required":false,"type":"int","default_value":0,"actual_value":4,"input_value":4,"level":"critical","values":[],"is_member_of_frames":[],"is_mutually_exclusive_with":[],"gridable":false},{"__meta":{"schema_version":3,"schema_name":"ModelParameterSchemaV3","schema_type":"Iced"},"name":"keep_cross_validation_models","label":"keep_cross_validation_models","help":"Whether to keep the cross-validation models.","required":false,"type":"boolean","default_value":true,"actual_value":true,"input_value":true,"level":"expert","values":[],"is_member_of_frames":[],"is_mutually_exclusive_with":[],"gridable":false},{"__meta":{"schema_version":3,"schema_name":"ModelParameterSchemaV3","schema_type":"Iced"},"name":"keep_cross_validation_predictions","label":"keep_cross_validation_predictions","help":"Whether to keep the predictions of the cross-validation models.","required":false,"type":"boolean","default_value":false,"actual_value":false,"input_value":false,"level":"expert","values":[],"is_member_of_frames":[],"is_mutually_exclusive_with":[],"gridable":false},{"__meta":{"schema_version":3,"schema_name":"ModelParameterSchemaV3","schema_type":"Iced"},"name":"keep_cross_validation_fold_assignment","label":"keep_cross_validation_fold_assignment","help":"Whether to keep the cross-validation fold assignment.","required":false,"type":"boolean","default_value":false,"actual_value":false,"input_value":false,"level":"expert","values":[],"is_member_of_frames":[],"is_mutually_exclusive_with":[],"gridable":false},{"__meta":{"schema_version":3,"schema_name":"ModelParameterSchemaV3","schema_type":"Iced"},"name":"score_each_iteration","label":"score_each_iteration","help":"Whether to score during each iteration of model training.","required":false,"type":"boolean","default_value":false,"actual_value":false,"input_value":false,"level":"secondary","values":[],"is_member_of_frames":[],"is_mutually_exclusive_with":[],"gridable":false},{"__meta":{"schema_version":3,"schema_name":"ModelParameterSchemaV3","schema_type":"Iced"},"name":"score_tree_interval","label":"score_tree_interval","help":"Score the model after every so many trees. Disabled if set to 0.","required":false,"type":"int","default_value":0,"actual_value":0,"input_value":0,"level":"secondary","values":[],"is_member_of_frames":[],"is_mutually_exclusive_with":[],"gridable":false},{"__meta":{"schema_version":3,"schema_name":"ModelParameterSchemaV3","schema_type":"Iced"},"name":"fold_assignment","label":"fold_assignment","help":"Cross-validation fold assignment scheme, if fold_column is not specified. The 'Stratified' option will stratify the folds based on the response variable, for classification problems.","required":false,"type":"enum","default_value":"AUTO","actual_value":"Random","input_value":"Random","level":"secondary","values":["AUTO","Random","Modulo","Stratified"],"is_member_of_frames":[],"is_mutually_exclusive_with":[],"gridable":true},{"__meta":{"schema_version":3,"schema_name":"ModelParameterSchemaV3","schema_type":"Iced"},"name":"fold_column","label":"fold_column","help":"Column with cross-validation fold index assignment per observation.","required":false,"type":"VecSpecifier","default_value":null,"actual_value":null,"input_value":null,"level":"secondary","values":[],"is_member_of_frames":["training_frame"],"is_mutually_exclusive_with":["response_column","weights_column","ignored_columns","offset_column"],"gridable":true},{"__meta":{"schema_version":3,"schema_name":"ModelParameterSchemaV3","schema_type":"Iced"},"name":"response_column","label":"response_column","help":"Response variable column.","required":false,"type":"VecSpecifier","default_value":null,"actual_value":{"__meta":{"schema_version":3,"schema_name":"ColSpecifierV3","schema_type":"VecSpecifier"},"column_name":"rating","is_member_of_frames":null},"input_value":{"__meta":{"schema_version":3,"schema_name":"ColSpecifierV3","schema_type":"VecSpecifier"},"column_name":"rating","is_member_of_frames":null},"level":"critical","values":[],"is_member_of_frames":["training_frame","validation_frame"],"is_mutually_exclusive_with":["weights_column","ignored_columns","offset_column","fold_column"],"gridable":true},{"__meta":{"schema_version":3,"schema_name":"ModelParameterSchemaV3","schema_type":"Iced"},"name":"ignored_columns","label":"ignored_columns","help":"Names of columns to ignore for training.","required":false,"type":"string[]","default_value":null,"actual_value":["filtration","occurrence","name","pasteurization","method","abv","perception","split","fermentation"],"input_value":["filtration","occurrence","name","pasteurization","method","abv","perception","split","fermentation"],"level":"critical","values":[],"is_member_of_frames":["training_frame","validation_frame"],"is_mutually_exclusive_with":["response_column","weights_column","offset_column","fold_column"],"gridable":false},{"__meta":{"schema_version":3,"schema_name":"ModelParameterSchemaV3","schema_type":"Iced"},"name":"ignore_const_cols","label":"ignore_const_cols","help":"Ignore constant columns.","required":false,"type":"boolean","default_value":true,"actual_value":true,"input_value":true,"level":"critical","values":[],"is_member_of_frames":[],"is_mutually_exclusive_with":[],"gridable":false},{"__meta":{"schema_version":3,"schema_name":"ModelParameterSchemaV3","schema_type":"Iced"},"name":"offset_column","label":"offset_column","help":"Offset column. This will be added to the combination of columns before applying the link function.","required":false,"type":"VecSpecifier","default_value":null,"actual_value":null,"input_value":null,"level":"secondary","values":[],"is_member_of_frames":["training_frame","validation_frame"],"is_mutually_exclusive_with":["response_column","weights_column","ignored_columns","fold_column"],"gridable":true},{"__meta":{"schema_version":3,"schema_name":"ModelParameterSchemaV3","schema_type":"Iced"},"name":"weights_column","label":"weights_column","help":"Column with observation weights. Giving some observation a weight of zero is equivalent to excluding it from the dataset; giving an observation a relative weight of 2 is equivalent to repeating that row twice. Negative weights are not allowed. Note: Weights are per-row observation weights and do not increase the size of the data frame. This is typically the number of times a row is repeated, but non-integer values are supported as well. During training, rows with higher weights matter more, due to the larger loss function pre-factor.","required":false,"type":"VecSpecifier","default_value":null,"actual_value":null,"input_value":null,"level":"secondary","values":[],"is_member_of_frames":["training_frame","validation_frame"],"is_mutually_exclusive_with":["response_column","ignored_columns","offset_column","fold_column"],"gridable":true},{"__meta":{"schema_version":3,"schema_name":"ModelParameterSchemaV3","schema_type":"Iced"},"name":"balance_classes","label":"balance_classes","help":"Balance training data class counts via over/under-sampling (for imbalanced data).","required":false,"type":"boolean","default_value":false,"actual_value":false,"input_value":false,"level":"secondary","values":[],"is_member_of_frames":[],"is_mutually_exclusive_with":[],"gridable":true},{"__meta":{"schema_version":3,"schema_name":"ModelParameterSchemaV3","schema_type":"Iced"},"name":"class_sampling_factors","label":"class_sampling_factors","help":"Desired over/under-sampling ratios per class (in lexicographic order). If not specified, sampling factors will be automatically computed to obtain class balance during training. Requires balance_classes.","required":false,"type":"float[]","default_value":null,"actual_value":null,"input_value":null,"level":"expert","values":[],"is_member_of_frames":[],"is_mutually_exclusive_with":[],"gridable":true},{"__meta":{"schema_version":3,"schema_name":"ModelParameterSchemaV3","schema_type":"Iced"},"name":"max_after_balance_size","label":"max_after_balance_size","help":"Maximum relative size of the training data after balancing class counts (can be less than 1.0). Requires balance_classes.","required":false,"type":"float","default_value":5.0,"actual_value":5.0,"input_value":5.0,"level":"expert","values":[],"is_member_of_frames":[],"is_mutually_exclusive_with":[],"gridable":true},{"__meta":{"schema_version":3,"schema_name":"ModelParameterSchemaV3","schema_type":"Iced"},"name":"max_confusion_matrix_size","label":"max_confusion_matrix_size","help":"[Deprecated] Maximum size (# classes) for confusion matrices to be printed in the Logs","required":false,"type":"int","default_value":20,"actual_value":20,"input_value":20,"level":"secondary","values":[],"is_member_of_frames":[],"is_mutually_exclusive_with":[],"gridable":false},{"__meta":{"schema_version":3,"schema_name":"ModelParameterSchemaV3","schema_type":"Iced"},"name":"ntrees","label":"ntrees","help":"Number of trees.","required":false,"type":"int","default_value":50,"actual_value":50,"input_value":50,"level":"critical","values":[],"is_member_of_frames":[],"is_mutually_exclusive_with":[],"gridable":true},{"__meta":{"schema_version":3,"schema_name":"ModelParameterSchemaV3","schema_type":"Iced"},"name":"max_depth","label":"max_depth","help":"Maximum tree depth (0 for unlimited).","required":false,"type":"int","default_value":20,"actual_value":20,"input_value":20,"level":"critical","values":[],"is_member_of_frames":[],"is_mutually_exclusive_with":[],"gridable":true},{"__meta":{"schema_version":3,"schema_name":"ModelParameterSchemaV3","schema_type":"Iced"},"name":"min_rows","label":"min_rows","help":"Fewest allowed (weighted) observations in a leaf.","required":false,"type":"double","default_value":1.0,"actual_value":1.0,"input_value":1.0,"level":"critical","values":[],"is_member_of_frames":[],"is_mutually_exclusive_with":[],"gridable":true},{"__meta":{"schema_version":3,"schema_name":"ModelParameterSchemaV3","schema_type":"Iced"},"name":"nbins","label":"nbins","help":"For numerical columns (real/int), build a histogram of (at least) this many bins, then split at the best point","required":false,"type":"int","default_value":20,"actual_value":13,"input_value":13,"level":"critical","values":[],"is_member_of_frames":[],"is_mutually_exclusive_with":[],"gridable":true},{"__meta":{"schema_version":3,"schema_name":"ModelParameterSchemaV3","schema_type":"Iced"},"name":"nbins_top_level","label":"nbins_top_level","help":"For numerical columns (real/int), build a histogram of (at most) this many bins at the root level, then decrease by factor of two per level","required":false,"type":"int","default_value":1024,"actual_value":16,"input_value":16,"level":"secondary","values":[],"is_member_of_frames":[],"is_mutually_exclusive_with":[],"gridable":true},{"__meta":{"schema_version":3,"schema_name":"ModelParameterSchemaV3","schema_type":"Iced"},"name":"nbins_cats","label":"nbins_cats","help":"For categorical columns (factors), build a histogram of this many bins, then split at the best point. Higher values can lead to more overfitting.","required":false,"type":"int","default_value":1024,"actual_value":1024,"input_value":1024,"level":"secondary","values":[],"is_member_of_frames":[],"is_mutually_exclusive_with":[],"gridable":true},{"__meta":{"schema_version":3,"schema_name":"ModelParameterSchemaV3","schema_type":"Iced"},"name":"r2_stopping","label":"r2_stopping","help":"r2_stopping is no longer supported and will be ignored if set - please use stopping_rounds, stopping_metric and stopping_tolerance instead. Previous version of H2O would stop making trees when the R^2 metric equals or exceeds this","required":false,"type":"double","default_value":1.7976931348623157E308,"actual_value":1.7976931348623157E308,"input_value":1.7976931348623157E308,"level":"secondary","values":[],"is_member_of_frames":[],"is_mutually_exclusive_with":[],"gridable":true},{"__meta":{"schema_version":3,"schema_name":"ModelParameterSchemaV3","schema_type":"Iced"},"name":"stopping_rounds","label":"stopping_rounds","help":"Early stopping based on convergence of stopping_metric. Stop if simple moving average of length k of the stopping_metric does not improve for k:=stopping_rounds scoring events (0 to disable)","required":false,"type":"int","default_value":0,"actual_value":0,"input_value":0,"level":"secondary","values":[],"is_member_of_frames":[],"is_mutually_exclusive_with":[],"gridable":true},{"__meta":{"schema_version":3,"schema_name":"ModelParameterSchemaV3","schema_type":"Iced"},"name":"stopping_metric","label":"stopping_metric","help":"Metric to use for early stopping (AUTO: logloss for classification, deviance for regression and anonomaly_score for Isolation Forest). Note that custom and custom_increasing can only be used in GBM and DRF with the Python client.","required":false,"type":"enum","default_value":"AUTO","actual_value":null,"input_value":"AUTO","level":"secondary","values":["AUTO","deviance","logloss","MSE","RMSE","MAE","RMSLE","AUC","AUCPR","lift_top_group","misclassification","mean_per_class_error","anomaly_score","custom","custom_increasing"],"is_member_of_frames":[],"is_mutually_exclusive_with":[],"gridable":true},{"__meta":{"schema_version":3,"schema_name":"ModelParameterSchemaV3","schema_type":"Iced"},"name":"stopping_tolerance","label":"stopping_tolerance","help":"Relative tolerance for metric-based stopping criterion (stop if relative improvement is not at least this much)","required":false,"type":"double","default_value":0.001,"actual_value":0.001,"input_value":0.001,"level":"secondary","values":[],"is_member_of_frames":[],"is_mutually_exclusive_with":[],"gridable":true},{"__meta":{"schema_version":3,"schema_name":"ModelParameterSchemaV3","schema_type":"Iced"},"name":"max_runtime_secs","label":"max_runtime_secs","help":"Maximum allowed runtime in seconds for model training. Use 0 to disable.","required":false,"type":"double","default_value":0.0,"actual_value":0.0,"input_value":0.0,"level":"secondary","values":[],"is_member_of_frames":[],"is_mutually_exclusive_with":[],"gridable":true},{"__meta":{"schema_version":3,"schema_name":"ModelParameterSchemaV3","schema_type":"Iced"},"name":"seed","label":"seed","help":"Seed for pseudo random number generator (if applicable)","required":false,"type":"long","default_value":-1,"actual_value":12,"input_value":12,"level":"critical","values":[],"is_member_of_frames":[],"is_mutually_exclusive_with":[],"gridable":true},{"__meta":{"schema_version":3,"schema_name":"ModelParameterSchemaV3","schema_type":"Iced"},"name":"build_tree_one_node","label":"build_tree_one_node","help":"Run on one node only; no network overhead but fewer cpus used. Suitable for small datasets.","required":false,"type":"boolean","default_value":false,"actual_value":true,"input_value":true,"level":"expert","values":[],"is_member_of_frames":[],"is_mutually_exclusive_with":[],"gridable":false},{"__meta":{"schema_version":3,"schema_name":"ModelParameterSchemaV3","schema_type":"Iced"},"name":"mtries","label":"mtries","help":"Number of variables randomly sampled as candidates at each split. If set to -1, defaults to sqrt{p} for classification and p/3 for regression (where p is the # of predictors","required":false,"type":"int","default_value":-1,"actual_value":2,"input_value":2,"level":"critical","values":[],"is_member_of_frames":[],"is_mutually_exclusive_with":[],"gridable":true},{"__meta":{"schema_version":3,"schema_name":"ModelParameterSchemaV3","schema_type":"Iced"},"name":"sample_rate","label":"sample_rate","help":"Row sample rate per tree (from 0.0 to 1.0)","required":false,"type":"double","default_value":0.632,"actual_value":0.632,"input_value":0.632,"level":"critical","values":[],"is_member_of_frames":[],"is_mutually_exclusive_with":[],"gridable":true},{"__meta":{"schema_version":3,"schema_name":"ModelParameterSchemaV3","schema_type":"Iced"},"name":"sample_rate_per_class","label":"sample_rate_per_class","help":"A list of row sample rates per class (relative fraction for each class, from 0.0 to 1.0), for each tree","required":false,"type":"double[]","default_value":null,"actual_value":null,"input_value":null,"level":"expert","values":[],"is_member_of_frames":[],"is_mutually_exclusive_with":[],"gridable":true},{"__meta":{"schema_version":3,"schema_name":"ModelParameterSchemaV3","schema_type":"Iced"},"name":"binomial_double_trees","label":"binomial_double_trees","help":"For binary classification: Build 2x as many trees (one per class) - can lead to higher accuracy.","required":false,"type":"boolean","default_value":false,"actual_value":false,"input_value":false,"level":"expert","values":[],"is_member_of_frames":[],"is_mutually_exclusive_with":[],"gridable":false},{"__meta":{"schema_version":3,"schema_name":"ModelParameterSchemaV3","schema_type":"Iced"},"name":"checkpoint","label":"checkpoint","help":"Model checkpoint to resume training with.","required":false,"type":"Key<Model>","default_value":null,"actual_value":null,"input_value":null,"level":"secondary","values":[],"is_member_of_frames":[],"is_mutually_exclusive_with":[],"gridable":false},{"__meta":{"schema_version":3,"schema_name":"ModelParameterSchemaV3","schema_type":"Iced"},"name":"col_sample_rate_change_per_level","label":"col_sample_rate_change_per_level","help":"Relative change of the column sampling rate for every level (must be > 0.0 and <= 2.0)","required":false,"type":"double","default_value":1.0,"actual_value":1.0,"input_value":1.0,"level":"expert","values":[],"is_member_of_frames":[],"is_mutually_exclusive_with":[],"gridable":true},{"__meta":{"schema_version":3,"schema_name":"ModelParameterSchemaV3","schema_type":"Iced"},"name":"col_sample_rate_per_tree","label":"col_sample_rate_per_tree","help":"Column sample rate per tree (from 0.0 to 1.0)","required":false,"type":"double","default_value":1.0,"actual_value":1.0,"input_value":1.0,"level":"secondary","values":[],"is_member_of_frames":[],"is_mutually_exclusive_with":[],"gridable":true},{"__meta":{"schema_version":3,"schema_name":"ModelParameterSchemaV3","schema_type":"Iced"},"name":"min_split_improvement","label":"min_split_improvement","help":"Minimum relative improvement in squared error reduction for a split to happen","required":false,"type":"double","default_value":1.0E-5,"actual_value":1.0E-5,"input_value":1.0E-5,"level":"secondary","values":[],"is_member_of_frames":[],"is_mutually_exclusive_with":[],"gridable":true},{"__meta":{"schema_version":3,"schema_name":"ModelParameterSchemaV3","schema_type":"Iced"},"name":"histogram_type","label":"histogram_type","help":"What type of histogram to use for finding optimal split points","required":false,"type":"enum","default_value":"AUTO","actual_value":"UniformAdaptive","input_value":"AUTO","level":"secondary","values":["AUTO","UniformAdaptive","Random","QuantilesGlobal","RoundRobin"],"is_member_of_frames":[],"is_mutually_exclusive_with":[],"gridable":true},{"__meta":{"schema_version":3,"schema_name":"ModelParameterSchemaV3","schema_type":"Iced"},"name":"categorical_encoding","label":"categorical_encoding","help":"Encoding scheme for categorical features","required":false,"type":"enum","default_value":"AUTO","actual_value":"Enum","input_value":"Enum","level":"secondary","values":["AUTO","Enum","OneHotInternal","OneHotExplicit","Binary","Eigen","LabelEncoder","SortByResponse","EnumLimited"],"is_member_of_frames":[],"is_mutually_exclusive_with":[],"gridable":true},{"__meta":{"schema_version":3,"schema_name":"ModelParameterSchemaV3","schema_type":"Iced"},"name":"calibrate_model","label":"calibrate_model","help":"Use Platt Scaling to calculate calibrated class probabilities. Calibration can provide more accurate estimates of class probabilities.","required":false,"type":"boolean","default_value":false,"actual_value":false,"input_value":false,"level":"expert","values":[],"is_member_of_frames":[],"is_mutually_exclusive_with":[],"gridable":false},{"__meta":{"schema_version":3,"schema_name":"ModelParameterSchemaV3","schema_type":"Iced"},"name":"calibration_frame","label":"calibration_frame","help":"Calibration frame for Platt Scaling","required":false,"type":"Key<Frame>","default_value":null,"actual_value":null,"input_value":null,"level":"expert","values":[],"is_member_of_frames":[],"is_mutually_exclusive_with":[],"gridable":false},{"__meta":{"schema_version":3,"schema_name":"ModelParameterSchemaV3","schema_type":"Iced"},"name":"distribution","label":"distribution","help":"Distribution function","required":false,"type":"enum","default_value":"AUTO","actual_value":"gaussian","input_value":"gaussian","level":"secondary","values":["AUTO","bernoulli","quasibinomial","ordinal","multinomial","gaussian","poisson","gamma","tweedie","laplace","quantile","huber","custom"],"is_member_of_frames":[],"is_mutually_exclusive_with":[],"gridable":true},{"__meta":{"schema_version":3,"schema_name":"ModelParameterSchemaV3","schema_type":"Iced"},"name":"custom_metric_func","label":"custom_metric_func","help":"Reference to custom evaluation function, format: `language:keyName=funcName`","required":false,"type":"string","default_value":null,"actual_value":null,"input_value":null,"level":"secondary","values":[],"is_member_of_frames":[],"is_mutually_exclusive_with":[],"gridable":false},{"__meta":{"schema_version":3,"schema_name":"ModelParameterSchemaV3","schema_type":"Iced"},"name":"export_checkpoints_dir","label":"export_checkpoints_dir","help":"Automatically export generated models to this directory.","required":false,"type":"string","default_value":null,"actual_value":null,"input_value":null,"level":"secondary","values":[],"is_member_of_frames":[],"is_mutually_exclusive_with":[],"gridable":false},{"__meta":{"schema_version":3,"schema_name":"ModelParameterSchemaV3","schema_type":"Iced"},"name":"check_constant_response","label":"check_constant_response","help":"Check if response column is constant. If enabled, then an exception is thrown if the response column is a constant value.If disabled, then model will train regardless of the response column being a constant value or not.","required":false,"type":"boolean","default_value":true,"actual_value":true,"input_value":true,"level":"expert","values":[],"is_member_of_frames":[],"is_mutually_exclusive_with":[],"gridable":false},{"__meta":{"schema_version":3,"schema_name":"ModelParameterSchemaV3","schema_type":"Iced"},"name":"gainslift_bins","label":"gainslift_bins","help":"Gains/Lift table number of bins. 0 means disabled.. Default value -1 means automatic binning.","required":false,"type":"int","default_value":-1,"actual_value":-1,"input_value":-1,"level":"secondary","values":[],"is_member_of_frames":[],"is_mutually_exclusive_with":[],"gridable":false},{"__meta":{"schema_version":3,"schema_name":"ModelParameterSchemaV3","schema_type":"Iced"},"name":"auc_type","label":"auc_type","help":"Set default multinomial AUC type.","required":false,"type":"enum","default_value":"AUTO","actual_value":"AUTO","input_value":"AUTO","level":"secondary","values":["AUTO","NONE","MACRO_OVR","WEIGHTED_OVR","MACRO_OVO","WEIGHTED_OVO"],"is_member_of_frames":[],"is_mutually_exclusive_with":[],"gridable":true}],"output":{"__meta":{"schema_version":3,"schema_name":"DRFModelOutputV3","schema_type":"DRFOutput"},"names":["style","flavor","rating"],"original_names":null,"column_types":["Enum","Enum","Numeric"],"domains":[["blonde","keller","lager","pils","soda","wheat"],["fruit","herb","lemon","standard"],null],"cross_validation_models":[{"__meta":{"schema_version":3,"schema_name":"ModelKeyV3","schema_type":"Key<Model>"},"name":"alc_free_all_drf_model_cv_1","type":"Key<Model>","URL":"/3/Models/alc_free_all_drf_model_cv_1"},{"__meta":{"schema_version":3,"schema_name":"ModelKeyV3","schema_type":"Key<Model>"},"name":"alc_free_all_drf_model_cv_2","type":"Key<Model>","URL":"/3/Models/alc_free_all_drf_model_cv_2"},{"__meta":{"schema_version":3,"schema_name":"ModelKeyV3","schema_type":"Key<Model>"},"name":"alc_free_all_drf_model_cv_3","type":"Key<Model>","URL":"/3/Models/alc_free_all_drf_model_cv_3"},{"__meta":{"schema_version":3,"schema_name":"ModelKeyV3","schema_type":"Key<Model>"},"name":"alc_free_all_drf_model_cv_4","type":"Key<Model>","URL":"/3/Models/alc_free_all_drf_model_cv_4"}],"cross_validation_predictions":null,"cross_validation_holdout_predictions_frame_id":null,"cross_validation_fold_assignment_frame_id":null,"model_category":"Regression","model_summary":{"__meta":{"schema_version":3,"schema_name":"TwoDimTableV3","schema_type":"TwoDimTable"},"name":"Model Summary","description":"","columns":[{"__meta":{"schema_version":-1,"schema_name":"ColumnSpecsBase","schema_type":"Iced"},"name":"","type":"string","format":"%s","description":""},{"__meta":{"schema_version":-1,"schema_name":"ColumnSpecsBase","schema_type":"Iced"},"name":"number_of_trees","type":"long","format":"%d","description":"Number of Trees"},{"__meta":{"schema_version":-1,"schema_name":"ColumnSpecsBase","schema_type":"Iced"},"name":"number_of_internal_trees","type":"long","format":"%d","description":"Number of Internal Trees"},{"__meta":{"schema_version":-1,"schema_name":"ColumnSpecsBase","schema_type":"Iced"},"name":"model_size_in_bytes","type":"long","format":"%d","description":"Model Size in Bytes"},{"__meta":{"schema_version":-1,"schema_name":"ColumnSpecsBase","schema_type":"Iced"},"name":"min_depth","type":"long","format":"%d","description":"Min. Depth"},{"__meta":{"schema_version":-1,"schema_name":"ColumnSpecsBase","schema_type":"Iced"},"name":"max_depth","type":"long","format":"%d","description":"Max. Depth"},{"__meta":{"schema_version":-1,"schema_name":"ColumnSpecsBase","schema_type":"Iced"},"name":"mean_depth","type":"double","format":"%.5f","description":"Mean Depth"},{"__meta":{"schema_version":-1,"schema_name":"ColumnSpecsBase","schema_type":"Iced"},"name":"min_leaves","type":"long","format":"%d","description":"Min. Leaves"},{"__meta":{"schema_version":-1,"schema_name":"ColumnSpecsBase","schema_type":"Iced"},"name":"max_leaves","type":"long","format":"%d","description":"Max. Leaves"},{"__meta":{"schema_version":-1,"schema_name":"ColumnSpecsBase","schema_type":"Iced"},"name":"mean_leaves","type":"double","format":"%.5f","description":"Mean Leaves"}],"rowcount":1,"data":[[""],[50],[50],[7163],[3],[5],[3.58],[5],[9],[6.78]]},"scoring_history":{"__meta":{"schema_version":3,"schema_name":"TwoDimTableV3","schema_type":"TwoDimTable"},"name":"Scoring History","description":"","columns":[{"__meta":{"schema_version":-1,"schema_name":"ColumnSpecsBase","schema_type":"Iced"},"name":"","type":"string","format":"%s","description":""},{"__meta":{"schema_version":-1,"schema_name":"ColumnSpecsBase","schema_type":"Iced"},"name":"timestamp","type":"string","format":"%s","description":"Timestamp"},{"__meta":{"schema_version":-1,"schema_name":"ColumnSpecsBase","schema_type":"Iced"},"name":"duration","type":"string","format":"%s","description":"Duration"},{"__meta":{"schema_version":-1,"schema_name":"ColumnSpecsBase","schema_type":"Iced"},"name":"number_of_trees","type":"long","format":"%d","description":"Number of Trees"},{"__meta":{"schema_version":-1,"schema_name":"ColumnSpecsBase","schema_type":"Iced"},"name":"training_rmse","type":"double","format":"%.5f","description":"Training RMSE"},{"__meta":{"schema_version":-1,"schema_name":"ColumnSpecsBase","schema_type":"Iced"},"name":"training_mae","type":"double","format":"%.5f","description":"Training MAE"},{"__meta":{"schema_version":-1,"schema_name":"ColumnSpecsBase","schema_type":"Iced"},"name":"training_deviance","type":"double","format":"%.5f","description":"Training Deviance"},{"__meta":{"schema_version":-1,"schema_name":"ColumnSpecsBase","schema_type":"Iced"},"name":"validation_rmse","type":"double","format":"%.5f","description":"Validation RMSE"},{"__meta":{"schema_version":-1,"schema_name":"ColumnSpecsBase","schema_type":"Iced"},"name":"validation_mae","type":"double","format":"%.5f","description":"Validation MAE"},{"__meta":{"schema_version":-1,"schema_name":"ColumnSpecsBase","schema_type":"Iced"},"name":"validation_deviance","type":"double","format":"%.5f","description":"Validation Deviance"}],"rowcount":51,"data":[["","","","","","","","","","","","","","","","","","","","","","","","","","","","","","","","","","","","","","","","","","","","","","","","","","",""],["2021-09-30 20:23:10","2021-09-30 20:23:10","2021-09-30 20:23:10","2021-09-30 20:23:10","2021-09-30 20:23:10","2021-09-30 20:23:10","2021-09-30 20:23:10","2021-09-30 20:23:10","2021-09-30 20:23:10","2021-09-30 20:23:10","2021-09-30 20:23:10","2021-09-30 20:23:10","2021-09-30 20:23:10","2021-09-30 20:23:10","2021-09-30 20:23:10","2021-09-30 20:23:10","2021-09-30 20:23:10","2021-09-30 20:23:10","2021-09-30 20:23:10","2021-09-30 20:23:10","2021-09-30 20:23:10","2021-09-30 20:23:10","2021-09-30 20:23:10","2021-09-30 20:23:10","2021-09-30 20:23:10","2021-09-30 20:23:10","2021-09-30 20:23:10","2021-09-30 20:23:10","2021-09-30 20:23:10","2021-09-30 20:23:10","2021-09-30 20:23:10","2021-09-30 20:23:10","2021-09-30 20:23:10","2021-09-30 20:23:10","2021-09-30 20:23:10","2021-09-30 20:23:10","2021-09-30 20:23:10","2021-09-30 20:23:10","2021-09-30 20:23:10","2021-09-30 20:23:10","2021-09-30 20:23:10","2021-09-30 20:23:10","2021-09-30 20:23:10","2021-09-30 20:23:10","2021-09-30 20:23:10","2021-09-30 20:23:10","2021-09-30 20:23:10","2021-09-30 20:23:10","2021-09-30 20:23:10","2021-09-30 20:23:10","2021-09-30 20:23:10"],[" 0.218 sec"," 0.223 sec"," 0.225 sec"," 0.228 sec"," 0.231 sec"," 0.233 sec"," 0.236 sec"," 0.238 sec"," 0.240 sec"," 0.243 sec"," 0.245 sec"," 0.247 sec"," 0.250 sec"," 0.252 sec"," 0.254 sec"," 0.256 sec"," 0.259 sec"," 0.261 sec"," 0.264 sec"," 0.266 sec"," 0.269 sec"," 0.271 sec"," 0.275 sec"," 0.277 sec"," 0.280 sec"," 0.282 sec"," 0.286 sec"," 0.289 sec"," 0.292 sec"," 0.295 sec"," 0.298 sec"," 0.301 sec"," 0.304 sec"," 0.307 sec"," 0.310 sec"," 0.313 sec"," 0.316 sec"," 0.320 sec"," 0.322 sec"," 0.326 sec"," 0.329 sec"," 0.332 sec"," 0.336 sec"," 0.340 sec"," 0.343 sec"," 0.347 sec"," 0.350 sec"," 0.353 sec"," 0.356 sec"," 0.359 sec"," 0.362 sec"],[0,1,2,3,4,5,6,7,8,9,10,11,12,13,14,15,16,17,18,19,20,21,22,23,24,25,26,27,28,29,30,31,32,33,34,35,36,37,38,39,40,41,42,43,44,45,46,47,48,49,50],["NaN",1.9217652869645185,2.0951056859801565,2.050801619494178,1.8538957793293718,1.8113177847751911,1.7724347526725623,1.664225169760511,1.6390028015043703,1.6606141353545254,1.6615019812195992,1.69198459878133,1.7016503022435134,1.7111179330607087,1.7103676389854083,1.7386304084270678,1.7376697712956959,1.7159121466591623,1.7159406501453236,1.7460271857015943,1.747670247507003,1.7590252467321223,1.7976084224397162,1.8047154574303266,1.8032599492957078,1.806887546343981,1.8147855506766015,1.800227266070764,1.8087997503917779,1.817188430745796,1.8222172518603184,1.8223569651937952,1.818852597823773,1.802980572611895,1.8014078904023394,1.8123216841924128,1.81318913396699,1.8199059095382883,1.8157845352456756,1.8103391544782503,1.8015883029821986,1.8030808655487063,1.7999513121051245,1.7938023477026521,1.7933470108700527,1.7988255062743013,1.8015609509406685,1.8007323539977038,1.8068656153819713,1.8011413103785048,1.804173566284095],["NaN",1.2727272727272727,1.4212963845994737,1.3861112117767334,1.3049769467777677,1.2594445482889811,1.212553528027657,1.1946925242741904,1.1645125186362237,1.1925879207598107,1.1442248346043278,1.1744827669494007,1.1789045496051813,1.188679208885245,1.1802738209430321,1.2177183075286364,1.2082543904622594,1.1908621953458203,1.1896375480997285,1.2313502800471625,1.230685488923607,1.2433554970737777,1.2665456922834273,1.2695834166682691,1.2668152969907271,1.2729886341527477,1.281794843131976,1.2694771663068356,1.2846060225556155,1.2961459314607844,1.2866219622177362,1.2906175925759897,1.3006697490863568,1.2953967425053585,1.2921797602183054,1.3107565381744977,1.3137891626955471,1.3136008267100512,1.3186857054254773,1.3143081988444234,1.308766089254997,1.3132540758991704,1.3100482628427403,1.3056598791583096,1.3070677464732612,1.3136541115158404,1.3123893933603266,1.3076704915046629,1.3118631960954394,1.3073427870895293,1.3085873323336357],["NaN",3.6931818181818183,4.389467835426381,4.205787282519944,3.436929560615259,3.2808721174429056,3.141524952481447,2.7696454156644017,2.686330183339174,2.7576393065392577,2.7605888335966537,2.8628118825132183,2.895613751125441,2.9279245808419523,2.92535746048852,3.022835697107273,3.0194962340748357,2.9443544950524543,2.944452314821156,3.04861093320903,3.054351294021189,3.0941698186410043,3.231396040426205,3.2569978822879526,3.2517464447339584,3.2648426051329724,3.2934465949445757,3.240818209504618,3.271756537017358,3.3021737928363684,3.3204757129773705,3.3209849085903396,3.3082247726102882,3.2507389452159168,3.2450703876038065,3.2845098869940235,3.287654835535964,3.312057519572385,3.2970734784373543,3.2773278542370265,3.245720413442278,3.251100607707872,3.239824725948959,3.2177268626235467,3.216093501396553,3.235773202022996,3.245621859954246,3.242637010734112,3.26476335204967,3.244110019951997,3.2550422572782693],["NaN",1.08397416943394,1.259133359761829,1.1490737363673833,1.1090301806091376,1.1392248918954362,1.1735373216088054,1.099319015913344,1.0743392794474407,1.0284278996549026,1.0536323512196728,1.001297146943208,1.0041722451652015,0.9831894123706155,0.9901636449151328,0.9616261990031827,0.959611472990103,0.9545864579367004,0.9463738518746656,0.917078819005353,0.9190082280311024,0.9269160454761161,0.9399896145508547,0.92677919037821,0.9377780487451934,0.9324846643110798,0.9192056493297762,0.9230838410308687,0.9016512681414521,0.8911606019789029,0.914522015136989,0.9147067748126868,0.9007016270015017,0.9074119566788267,0.9046859770962292,0.8949100811321934,0.902852795539864,0.9116640808308473,0.9141158125782735,0.9191839964621975,0.9215732466343206,0.920647458006468,0.9204359892550817,0.9172868730664381,0.9151138228028658,0.9053225025818346,0.9129776249020816,0.9108229014306876,0.905515373177382,0.9103219262282632,0.9102424835438734],["NaN",1.0,1.2000000476837158,1.1000000317891439,1.0541666746139526,1.083333339691162,1.1127777894337973,1.0490476335797991,1.0241666793823243,0.977037048339844,1.0093333435058593,0.9539394031871449,0.9494444529215496,0.9302564180814304,0.9380952426365443,0.9075555610656739,0.9050000071525574,0.8988235361435833,0.8877777841356066,0.8550877269945646,0.8563333415985108,0.8679365158081055,0.885303037816828,0.870000005804974,0.8825000047683715,0.8765333366394042,0.8612820551945614,0.8647530908937808,0.8410119090761459,0.8281034535375135,0.8555000050862631,0.8556451674430601,0.8393229216337204,0.8466161670106829,0.8432843180263744,0.8320476232256209,0.8436574114693535,0.8565315349681958,0.8587280725177966,0.8636324809147761,0.8657083344459533,0.8657317115039358,0.8653571469443186,0.8615116318991017,0.8589772766286675,0.8478888935512966,0.8564130472100299,0.8537943292171398,0.8476736148198445,0.8528231328847455,0.8524333381652832],["NaN",1.175,1.5854168176651116,1.3203704516092987,1.2299479415019363,1.2978333543141685,1.377189845208769,1.2085022987486826,1.1542048873636461,1.0576639447885945,1.110141131536696,1.0025959764766081,1.0083618979601217,0.9666614205976762,0.9804240437116212,0.9247249466093088,0.9208541790942352,0.9112353056761358,0.8956234675120915,0.8410335602682532,0.8445761231888668,0.8591733553610812,0.8835804754634644,0.8589196677180905,0.8794276687083423,0.8695276491753472,0.8449390257597755,0.852083777572302,0.8129750093410889,0.7941672185194006,0.8363505161702193,0.8366884838882273,0.8112634208831523,0.8233964591236967,0.8184567171545589,0.800864053312029,0.8151431704141474,0.8311313962771536,0.8356077188056371,0.8448992193522171,0.8492972489121223,0.8475917419337712,0.8472024103159809,0.8414152075000036,0.8374333086848749,0.8196088336810359,0.8335281435718459,0.829598357770616,0.8199580910605734,0.8286860093719355,0.8285413788481186]]},"cv_scoring_history":[{"__meta":{"schema_version":3,"schema_name":"TwoDimTableV3","schema_type":"TwoDimTable"},"name":"Scoring History","description":"","columns":[{"__meta":{"schema_version":-1,"schema_name":"ColumnSpecsBase","schema_type":"Iced"},"name":"","type":"string","format":"%s","description":""},{"__meta":{"schema_version":-1,"schema_name":"ColumnSpecsBase","schema_type":"Iced"},"name":"timestamp","type":"string","format":"%s","description":"Timestamp"},{"__meta":{"schema_version":-1,"schema_name":"ColumnSpecsBase","schema_type":"Iced"},"name":"duration","type":"string","format":"%s","description":"Duration"},{"__meta":{"schema_version":-1,"schema_name":"ColumnSpecsBase","schema_type":"Iced"},"name":"number_of_trees","type":"long","format":"%d","description":"Number of Trees"},{"__meta":{"schema_version":-1,"schema_name":"ColumnSpecsBase","schema_type":"Iced"},"name":"training_rmse","type":"double","format":"%.5f","description":"Training RMSE"},{"__meta":{"schema_version":-1,"schema_name":"ColumnSpecsBase","schema_type":"Iced"},"name":"training_mae","type":"double","format":"%.5f","description":"Training MAE"},{"__meta":{"schema_version":-1,"schema_name":"ColumnSpecsBase","schema_type":"Iced"},"name":"training_deviance","type":"double","format":"%.5f","description":"Training Deviance"},{"__meta":{"schema_version":-1,"schema_name":"ColumnSpecsBase","schema_type":"Iced"},"name":"validation_rmse","type":"double","format":"%.5f","description":"Validation RMSE"},{"__meta":{"schema_version":-1,"schema_name":"ColumnSpecsBase","schema_type":"Iced"},"name":"validation_mae","type":"double","format":"%.5f","description":"Validation MAE"},{"__meta":{"schema_version":-1,"schema_name":"ColumnSpecsBase","schema_type":"Iced"},"name":"validation_deviance","type":"double","format":"%.5f","description":"Validation Deviance"}],"rowcount":51,"data":[["","","","","","","","","","","","","","","","","","","","","","","","","","","","","","","","","","","","","","","","","","","","","","","","","","",""],["2021-09-30 20:23:10","2021-09-30 20:23:10","2021-09-30 20:23:10","2021-09-30 20:23:10","2021-09-30 20:23:10","2021-09-30 20:23:10","2021-09-30 20:23:10","2021-09-30 20:23:10","2021-09-30 20:23:10","2021-09-30 20:23:10","2021-09-30 20:23:10","2021-09-30 20:23:10","2021-09-30 20:23:10","2021-09-30 20:23:10","2021-09-30 20:23:10","2021-09-30 20:23:10","2021-09-30 20:23:10","2021-09-30 20:23:10","2021-09-30 20:23:10","2021-09-30 20:23:10","2021-09-30 20:23:10","2021-09-30 20:23:10","2021-09-30 20:23:10","2021-09-30 20:23:10","2021-09-30 20:23:10","2021-09-30 20:23:10","2021-09-30 20:23:10","2021-09-30 20:23:10","2021-09-30 20:23:10","2021-09-30 20:23:10","2021-09-30 20:23:10","2021-09-30 20:23:10","2021-09-30 20:23:10","2021-09-30 20:23:10","2021-09-30 20:23:10","2021-09-30 20:23:10","2021-09-30 20:23:10","2021-09-30 20:23:10","2021-09-30 20:23:10","2021-09-30 20:23:10","2021-09-30 20:23:10","2021-09-30 20:23:10","2021-09-30 20:23:10","2021-09-30 20:23:10","2021-09-30 20:23:10","2021-09-30 20:23:10","2021-09-30 20:23:10","2021-09-30 20:23:10","2021-09-30 20:23:10","2021-09-30 20:23:10","2021-09-30 20:23:10"],[" 0.009 sec"," 0.015 sec"," 0.019 sec"," 0.023 sec"," 0.026 sec"," 0.029 sec"," 0.032 sec"," 0.035 sec"," 0.039 sec"," 0.042 sec"," 0.045 sec"," 0.048 sec"," 0.050 sec"," 0.053 sec"," 0.056 sec"," 0.059 sec"," 0.061 sec"," 0.065 sec"," 0.068 sec"," 0.071 sec"," 0.074 sec"," 0.077 sec"," 0.080 sec"," 0.095 sec"," 0.098 sec"," 0.101 sec"," 0.105 sec"," 0.108 sec"," 0.111 sec"," 0.115 sec"," 0.118 sec"," 0.121 sec"," 0.125 sec"," 0.127 sec"," 0.131 sec"," 0.135 sec"," 0.139 sec"," 0.142 sec"," 0.145 sec"," 0.149 sec"," 0.152 sec"," 0.156 sec"," 0.160 sec"," 0.164 sec"," 0.167 sec"," 0.170 sec"," 0.174 sec"," 0.178 sec"," 0.183 sec"," 0.189 sec"," 0.194 sec"],[0,1,2,3,4,5,6,7,8,9,10,11,12,13,14,15,16,17,18,19,20,21,22,23,24,25,26,27,28,29,30,31,32,33,34,35,36,37,38,39,40,41,42,43,44,45,46,47,48,49,50],["NaN",1.136515141415488,1.886821753937501,1.7452758643552992,1.6093212624656175,1.590986764112856,1.5506954269343876,1.5875001013367336,1.5797218211554394,1.5908734154818045,1.5924095606615893,1.6111703192859113,1.610617483584662,1.6161998256498669,1.6064438762879194,1.627593952151153,1.6273307615381283,1.6172772533749658,1.613135014775664,1.6338383033394344,1.6329140385597967,1.6262216026591327,1.6444596924678565,1.6526222827193815,1.648398667703155,1.6521621394895676,1.6627091475346578,1.6625073495145355,1.682446010713729,1.6900920750409871,1.6993188699067112,1.69800695916042,1.7102811963213669,1.6982888268452552,1.7004229742238286,1.717631725152695,1.7269221614607584,1.7374196256377155,1.7371365869895503,1.7273444721828322,1.7112901227706574,1.712001196196395,1.7073137264503873,1.7078240356526586,1.7091922460878652,1.7196181934174792,1.717749840678555,1.7194385997849841,1.7229114865561928,1.7152022562035711,1.7151690724180269],["NaN",0.8888888888888888,1.1923076923076923,1.0259259329901802,1.053921606026444,1.0334967912412156,0.9841821635210957,1.0253858689908628,1.0145062340630426,1.0411266044334129,0.9763889842563205,0.9944445362797489,0.9985671167020445,1.0165565460447281,1.0062390468738698,1.0433054775157302,1.0408944626047154,1.030957964740733,1.026787822737997,1.0571835433191055,1.0586897813874365,1.0369299829353908,1.0451895274201588,1.050530914910925,1.04190747563954,1.0459859572027246,1.0599464361349835,1.0719095007033193,1.088778247109357,1.1008276659067844,1.0987485302800886,1.0967502196062329,1.1150700246156688,1.1087407004416994,1.1139487990244317,1.142666627093952,1.1451979338760232,1.1441814380675008,1.147490839937618,1.1398503892263767,1.131012975176146,1.1314587968027487,1.1270740196998312,1.1262684204482416,1.1276669606396348,1.1422604041614264,1.1414212912450405,1.1459974171411855,1.149803746804225,1.1447195566844908,1.1446341953573929],["NaN",1.2916666666666667,3.5600963311317875,3.0459878427011366,2.589914925823929,2.531238883582296,2.4046563071152227,2.520156571744139,2.495521032234658,2.5308782240867425,2.5357682088864357,2.5958697977478655,2.594088678428589,2.61210187643066,2.5806619276629563,2.64906207307901,2.6482054074482644,2.615585714284073,2.602204575895282,2.6694276014590814,2.6664082573256653,2.6445967009552382,2.7042476801514774,2.731160409340619,2.7172181676855365,2.7296397351627455,2.7646017092954285,2.7639306871898457,2.8306245789665407,2.85641122211635,2.887684621621022,2.8832276333572167,2.925061770490446,2.884184939387433,2.8914382912682113,2.950258743251023,2.9822601517442977,3.0186269555510994,3.017643521857704,2.983718925580587,2.928513884292412,2.9309480957778873,2.914920160525908,2.9166629367529335,2.9213381340868816,2.9570867311323954,2.950664515151201,2.956469098430547,2.9684239905072696,2.941918779685821,2.941804946979315],["NaN",2.8559149146989657,2.9561905418744945,2.93809588335198,2.998871320259604,2.9567437083483075,2.984867315090116,2.9735512134655138,2.9690295902780517,2.991844193112586,2.992476676174405,3.009889574738366,3.0195926556930877,3.031036040546388,3.0295786723479736,3.0260542688435557,3.0192934268375238,3.0121488415363573,3.0137894653399107,3.022140773782023,3.026557677241124,3.0378355983370304,3.0359861458450905,3.0446288348914274,3.040304622306054,3.0457042440524393,3.043165329424872,3.0449470387279276,3.0404021559292467,3.0450509298707207,3.0348567874747494,3.0303477715673464,3.034731444642243,3.03090443212464,3.0287769395782584,3.02359456213019,3.0274137012144413,3.02476187417015,3.024428615331961,3.0277915174993035,3.0316247777534198,3.025230129241416,3.0231007818128233,3.027042336166568,3.02275067043503,3.0259319250776637,3.02278505601766,3.025685807048542,3.028521574794107,3.0255403197012756,3.0229153592274103],["NaN",1.975,2.1375,2.1499999999999995,2.262500011920929,2.1900000095367433,2.220833341280619,2.214285721097674,2.217708331346512,2.2629629611968993,2.2566666650772094,2.2924242409792814,2.309722220897674,2.3282051269824686,2.3290476185934885,2.3304444440205896,2.3227083295583726,2.314019604290233,2.317407404051887,2.3305263117740025,2.3364999961853026,2.357380948747907,2.3513636328957297,2.367971011866694,2.3599305530389145,2.3679333305358883,2.3672435870537383,2.3699818399217394,2.369268202781677,2.376649757911419,2.3574280993143715,2.351543321917134,2.3580575928092005,2.3514497858105283,2.348171849811778,2.341081225531442,2.343412302600013,2.3368335917189316,2.3369169185036105,2.339816484695826,2.344654406309128,2.335435192759444,2.333202607291086,2.3394071978191997,2.3339661251414907,2.339877989027235,2.3342284679412844,2.338181053323949,2.3425939480463667,2.337643051147461,2.3342235231399533],["NaN",8.15625,8.739062519868218,8.632407419769853,8.99322919547558,8.742333356857301,8.90943288869328,8.84200681910223,8.815136707946657,8.9511316758615,8.954916657447814,9.059435252118702,9.117939806315634,9.187179479091125,9.178346931945711,9.157004437986306,9.116132797344276,9.07304064356882,9.082926941393826,9.133334856555805,9.160051373667189,9.228445122523704,9.217211877763328,9.269764742252331,9.243452196415559,9.27631434223904,9.26085522221359,9.271702468657974,9.244045269779212,9.27233516550654,9.210355720481555,9.183007616643183,9.209594941100393,9.186381676672786,9.173489749721043,9.142124076143256,9.165233718300923,9.149184395433318,9.147168449238801,9.167521473440734,9.19074879308847,9.152017334870035,9.139138336997302,9.162985304944755,9.137021615615424,9.156264015204217,9.13722949488369,9.154774602974987,9.171942928993378,9.153894226138096,9.138017269052982]]},{"__meta":{"schema_version":3,"schema_name":"TwoDimTableV3","schema_type":"TwoDimTable"},"name":"Scoring History","description":"","columns":[{"__meta":{"schema_version":-1,"schema_name":"ColumnSpecsBase","schema_type":"Iced"},"name":"","type":"string","format":"%s","description":""},{"__meta":{"schema_version":-1,"schema_name":"ColumnSpecsBase","schema_type":"Iced"},"name":"timestamp","type":"string","format":"%s","description":"Timestamp"},{"__meta":{"schema_version":-1,"schema_name":"ColumnSpecsBase","schema_type":"Iced"},"name":"duration","type":"string","format":"%s","description":"Duration"},{"__meta":{"schema_version":-1,"schema_name":"ColumnSpecsBase","schema_type":"Iced"},"name":"number_of_trees","type":"long","format":"%d","description":"Number of Trees"},{"__meta":{"schema_version":-1,"schema_name":"ColumnSpecsBase","schema_type":"Iced"},"name":"training_rmse","type":"double","format":"%.5f","description":"Training RMSE"},{"__meta":{"schema_version":-1,"schema_name":"ColumnSpecsBase","schema_type":"Iced"},"name":"training_mae","type":"double","format":"%.5f","description":"Training MAE"},{"__meta":{"schema_version":-1,"schema_name":"ColumnSpecsBase","schema_type":"Iced"},"name":"training_deviance","type":"double","format":"%.5f","description":"Training Deviance"},{"__meta":{"schema_version":-1,"schema_name":"ColumnSpecsBase","schema_type":"Iced"},"name":"validation_rmse","type":"double","format":"%.5f","description":"Validation RMSE"},{"__meta":{"schema_version":-1,"schema_name":"ColumnSpecsBase","schema_type":"Iced"},"name":"validation_mae","type":"double","format":"%.5f","description":"Validation MAE"},{"__meta":{"schema_version":-1,"schema_name":"ColumnSpecsBase","schema_type":"Iced"},"name":"validation_deviance","type":"double","format":"%.5f","description":"Validation Deviance"}],"rowcount":51,"data":[["","","","","","","","","","","","","","","","","","","","","","","","","","","","","","","","","","","","","","","","","","","","","","","","","","",""],["2021-09-30 20:23:10","2021-09-30 20:23:10","2021-09-30 20:23:10","2021-09-30 20:23:10","2021-09-30 20:23:10","2021-09-30 20:23:10","2021-09-30 20:23:10","2021-09-30 20:23:10","2021-09-30 20:23:10","2021-09-30 20:23:10","2021-09-30 20:23:10","2021-09-30 20:23:10","2021-09-30 20:23:10","2021-09-30 20:23:10","2021-09-30 20:23:10","2021-09-30 20:23:10","2021-09-30 20:23:10","2021-09-30 20:23:10","2021-09-30 20:23:10","2021-09-30 20:23:10","2021-09-30 20:23:10","2021-09-30 20:23:10","2021-09-30 20:23:10","2021-09-30 20:23:10","2021-09-30 20:23:10","2021-09-30 20:23:10","2021-09-30 20:23:10","2021-09-30 20:23:10","2021-09-30 20:23:10","2021-09-30 20:23:10","2021-09-30 20:23:10","2021-09-30 20:23:10","2021-09-30 20:23:10","2021-09-30 20:23:10","2021-09-30 20:23:10","2021-09-30 20:23:10","2021-09-30 20:23:10","2021-09-30 20:23:10","2021-09-30 20:23:10","2021-09-30 20:23:10","2021-09-30 20:23:10","2021-09-30 20:23:10","2021-09-30 20:23:10","2021-09-30 20:23:10","2021-09-30 20:23:10","2021-09-30 20:23:10","2021-09-30 20:23:10","2021-09-30 20:23:10","2021-09-30 20:23:10","2021-09-30 20:23:10","2021-09-30 20:23:10"],[" 0.009 sec"," 0.019 sec"," 0.022 sec"," 0.025 sec"," 0.027 sec"," 0.030 sec"," 0.032 sec"," 0.035 sec"," 0.039 sec"," 0.042 sec"," 0.045 sec"," 0.048 sec"," 0.050 sec"," 0.053 sec"," 0.056 sec"," 0.059 sec"," 0.061 sec"," 0.064 sec"," 0.067 sec"," 0.071 sec"," 0.074 sec"," 0.077 sec"," 0.081 sec"," 0.095 sec"," 0.098 sec"," 0.102 sec"," 0.105 sec"," 0.108 sec"," 0.111 sec"," 0.116 sec"," 0.120 sec"," 0.124 sec"," 0.128 sec"," 0.132 sec"," 0.135 sec"," 0.139 sec"," 0.142 sec"," 0.146 sec"," 0.150 sec"," 0.153 sec"," 0.156 sec"," 0.160 sec"," 0.164 sec"," 0.167 sec"," 0.171 sec"," 0.174 sec"," 0.178 sec"," 0.182 sec"," 0.186 sec"," 0.194 sec"," 0.198 sec"],[0,1,2,3,4,5,6,7,8,9,10,11,12,13,14,15,16,17,18,19,20,21,22,23,24,25,26,27,28,29,30,31,32,33,34,35,36,37,38,39,40,41,42,43,44,45,46,47,48,49,50],["NaN",2.035790882831318,2.1330525546894523,2.0993418020376375,1.9589711685821896,1.9245054785525044,1.9011874330364171,1.7959472645220025,1.7746645583533533,1.7933966180064884,1.7863305953440334,1.8320337538772211,1.8532498609730517,1.8656406674719288,1.866759516883514,1.8811763822593608,1.8774615846604192,1.85888480245623,1.8620456744834208,1.9328107271514585,1.9364120975400951,1.9458936118059915,1.9727092154165464,1.9764219763299173,1.976359026315474,1.9767319423639498,1.9758162829733803,1.968731284597462,1.9723998160574276,1.9745846581791822,1.9766546972072896,1.9778731191737813,1.9701280494522555,1.9506380857838101,1.948235266512475,1.9903955368663178,1.9836125546926688,1.982612057512681,1.9786528548708064,1.9764942517573971,1.9635806788223038,1.9653249185870656,1.9627697874624548,1.9551337453143363,1.9539879074677962,1.9836403080748042,1.9859387931285475,1.9845567921822742,1.992530820107604,1.9897491565446372,1.992819232139455],["NaN",1.3333333492279054,1.4010416865348816,1.3858024985701949,1.3048942126925027,1.280303073651863,1.264492799233699,1.2688888905843099,1.2399682268415182,1.2470237929934547,1.2036904571169895,1.252468231927781,1.267428556169782,1.269312684921991,1.2618801466018434,1.279320612983098,1.2644959376584228,1.2612735101609003,1.2615362119607993,1.351319289382442,1.3541930794488817,1.3634649565234433,1.3820991666279143,1.382121193576169,1.3739686134140212,1.365946244309991,1.3655302799964089,1.3778721675873922,1.3883218417047403,1.391879738864936,1.3805652925728555,1.3864821316802365,1.391003340672965,1.3829137102225098,1.377403334162108,1.432995430520272,1.4314776955078343,1.4252272463872528,1.4351690627268059,1.4239878436620572,1.4166488636295747,1.4213157074146374,1.4187277140940209,1.4124073859946213,1.413230072499293,1.4414501521537664,1.4376471814805327,1.432178458525365,1.4368168497862406,1.4336379313437473,1.4347579708778928],["NaN",4.144444518619116,4.5499132010671985,4.4072360017826355,3.837568039336269,3.7037213369786044,3.6145136555356014,3.2254265769440638,3.1494342946755025,3.21627142947711,3.1909769958621688,3.3563476753454626,3.4345350471966354,3.480615100125104,3.484791093875171,3.5388245811704166,3.5248620018756127,3.455452708802737,3.4672140938624176,3.73575730699175,3.749691811499631,3.7865019484673668,3.891581648589366,3.906243828519856,3.905995000898648,3.9074691719619534,3.9038499840627447,3.875902870952773,3.8903610343833743,3.8989845723165972,3.9071637919916413,3.911982075550223,3.8814045312385486,3.804988941710327,3.795620653682934,3.9616743931773573,3.9347187671343757,3.930750570594667,3.9150671200883926,3.9065295272300333,3.8556490822442595,3.8625020356192556,3.8524652385754097,3.8225479620668636,3.818068742530377,3.9348288718191045,3.9439528900528718,3.938465661396798,3.970179069078681,3.9591017059700953,3.9713284919848877],["NaN",1.5153535801596498,1.3557149236224588,1.3661095034548345,1.3008188270467629,1.326929055426525,1.3711834303122372,1.324517336885097,1.324842757965388,1.3348756555908066,1.3089435944047914,1.3032064755620367,1.2994835164845255,1.3088230434261725,1.2989562818911633,1.3066858823588283,1.298648250896453,1.3061924360114558,1.3135100538626414,1.3592812302188018,1.3527749375964746,1.3523655932228225,1.3378918061042566,1.3361298462439244,1.3225870285530879,1.3169099690356592,1.3224096476706002,1.3298709133988578,1.3435514175397265,1.3482616642525163,1.3301814690254852,1.3309845424978493,1.339559649664864,1.3325248242226535,1.3332612515636117,1.3598052510640646,1.3453781302047452,1.330875916701433,1.3315058034195417,1.3239646890197188,1.3152077492354224,1.311927454374678,1.3152113192124426,1.3162068261665234,1.3131325318627975,1.327445854967842,1.3182531776890998,1.3154427306952083,1.3233016575824768,1.3181877623276017,1.318868765621682],["NaN",1.3333333333333333,1.3333333333333333,1.3333333333333333,1.25,1.2666666666666666,1.2777777777777777,1.2857142857142856,1.2916666666666667,1.2962962962962965,1.2666666666666666,1.2424242424242424,1.25,1.2564102564102564,1.2380952380952381,1.2444444444444445,1.2291666666666667,1.2352941176470589,1.2407407407407407,1.2456140350877192,1.2333333333333334,1.2380952380952381,1.2424242424242424,1.2318840579710146,1.236111111111111,1.2266666666666666,1.2307692307692308,1.2386831295343093,1.242063493955703,1.2452107297963109,1.2370370388031005,1.240143370884721,1.24305555721124,1.245791247396758,1.2483660146301867,1.2507936523074195,1.243827161965547,1.2372372386691808,1.2397660832656057,1.2421652435237525,1.236111112435659,1.230352304815277,1.2328042340657068,1.2351421200951866,1.229797981002114,1.2246913592020672,1.2198067644368047,1.2151300247679364,1.2175925936963823,1.2199546496073406,1.2222222232818603],["NaN",2.296296472902668,1.8379629541326494,1.8662551754296146,1.6921296207993162,1.76074071813513,1.880143999562834,1.75434617570919,1.7552083333333357,1.7818930158889854,1.7133333333333347,1.6983471179468257,1.688657409614988,1.7130177590033486,1.6872874222645151,1.7074279951558697,1.6864872795564168,1.706138679893541,1.7253086615982391,1.8476454628251393,1.8300000317891456,1.8288926977329167,1.7899544848409097,1.7852429660238132,1.7492364480968863,1.734251866545501,1.7487672762522812,1.7685566463043125,1.8051304115730087,1.817809515292965,1.7693827405387978,1.7715198523682092,1.7944200550102536,1.7756224071696136,1.7775855649209682,1.8490703208214034,1.8100423132332164,1.7712307056558798,1.772907704539919,1.7528824977710808,1.7297714236489055,1.7211536455420227,1.7297808141845339,1.7324004092473526,1.7243170462364013,1.7621124978713052,1.737791440487409,1.7303895777388663,1.7511272769605306,1.7376189767502497,1.739414820932459]]},{"__meta":{"schema_version":3,"schema_name":"TwoDimTableV3","schema_type":"TwoDimTable"},"name":"Scoring History","description":"","columns":[{"__meta":{"schema_version":-1,"schema_name":"ColumnSpecsBase","schema_type":"Iced"},"name":"","type":"string","format":"%s","description":""},{"__meta":{"schema_version":-1,"schema_name":"ColumnSpecsBase","schema_type":"Iced"},"name":"timestamp","type":"string","format":"%s","description":"Timestamp"},{"__meta":{"schema_version":-1,"schema_name":"ColumnSpecsBase","schema_type":"Iced"},"name":"duration","type":"string","format":"%s","description":"Duration"},{"__meta":{"schema_version":-1,"schema_name":"ColumnSpecsBase","schema_type":"Iced"},"name":"number_of_trees","type":"long","format":"%d","description":"Number of Trees"},{"__meta":{"schema_version":-1,"schema_name":"ColumnSpecsBase","schema_type":"Iced"},"name":"training_rmse","type":"double","format":"%.5f","description":"Training RMSE"},{"__meta":{"schema_version":-1,"schema_name":"ColumnSpecsBase","schema_type":"Iced"},"name":"training_mae","type":"double","format":"%.5f","description":"Training MAE"},{"__meta":{"schema_version":-1,"schema_name":"ColumnSpecsBase","schema_type":"Iced"},"name":"training_deviance","type":"double","format":"%.5f","description":"Training Deviance"},{"__meta":{"schema_version":-1,"schema_name":"ColumnSpecsBase","schema_type":"Iced"},"name":"validation_rmse","type":"double","format":"%.5f","description":"Validation RMSE"},{"__meta":{"schema_version":-1,"schema_name":"ColumnSpecsBase","schema_type":"Iced"},"name":"validation_mae","type":"double","format":"%.5f","description":"Validation MAE"},{"__meta":{"schema_version":-1,"schema_name":"ColumnSpecsBase","schema_type":"Iced"},"name":"validation_deviance","type":"double","format":"%.5f","description":"Validation Deviance"}],"rowcount":51,"data":[["","","","","","","","","","","","","","","","","","","","","","","","","","","","","","","","","","","","","","","","","","","","","","","","","","",""],["2021-09-30 20:23:10","2021-09-30 20:23:10","2021-09-30 20:23:10","2021-09-30 20:23:10","2021-09-30 20:23:10","2021-09-30 20:23:10","2021-09-30 20:23:10","2021-09-30 20:23:10","2021-09-30 20:23:10","2021-09-30 20:23:10","2021-09-30 20:23:10","2021-09-30 20:23:10","2021-09-30 20:23:10","2021-09-30 20:23:10","2021-09-30 20:23:10","2021-09-30 20:23:10","2021-09-30 20:23:10","2021-09-30 20:23:10","2021-09-30 20:23:10","2021-09-30 20:23:10","2021-09-30 20:23:10","2021-09-30 20:23:10","2021-09-30 20:23:10","2021-09-30 20:23:10","2021-09-30 20:23:10","2021-09-30 20:23:10","2021-09-30 20:23:10","2021-09-30 20:23:10","2021-09-30 20:23:10","2021-09-30 20:23:10","2021-09-30 20:23:10","2021-09-30 20:23:10","2021-09-30 20:23:10","2021-09-30 20:23:10","2021-09-30 20:23:10","2021-09-30 20:23:10","2021-09-30 20:23:10","2021-09-30 20:23:10","2021-09-30 20:23:10","2021-09-30 20:23:10","2021-09-30 20:23:10","2021-09-30 20:23:10","2021-09-30 20:23:10","2021-09-30 20:23:10","2021-09-30 20:23:10","2021-09-30 20:23:10","2021-09-30 20:23:10","2021-09-30 20:23:10","2021-09-30 20:23:10","2021-09-30 20:23:10","2021-09-30 20:23:10"],[" 0.011 sec"," 0.016 sec"," 0.019 sec"," 0.022 sec"," 0.024 sec"," 0.027 sec"," 0.030 sec"," 0.032 sec"," 0.036 sec"," 0.039 sec"," 0.041 sec"," 0.045 sec"," 0.048 sec"," 0.053 sec"," 0.056 sec"," 0.059 sec"," 0.061 sec"," 0.065 sec"," 0.068 sec"," 0.071 sec"," 0.074 sec"," 0.077 sec"," 0.081 sec"," 0.095 sec"," 0.099 sec"," 0.102 sec"," 0.105 sec"," 0.108 sec"," 0.112 sec"," 0.115 sec"," 0.118 sec"," 0.122 sec"," 0.125 sec"," 0.127 sec"," 0.131 sec"," 0.134 sec"," 0.137 sec"," 0.141 sec"," 0.144 sec"," 0.148 sec"," 0.152 sec"," 0.156 sec"," 0.163 sec"," 0.167 sec"," 0.171 sec"," 0.174 sec"," 0.178 sec"," 0.182 sec"," 0.189 sec"," 0.195 sec"," 0.200 sec"],[0,1,2,3,4,5,6,7,8,9,10,11,12,13,14,15,16,17,18,19,20,21,22,23,24,25,26,27,28,29,30,31,32,33,34,35,36,37,38,39,40,41,42,43,44,45,46,47,48,49,50],["NaN",2.5773740789526736,2.435782361847157,2.440780081737682,2.1391594276690475,2.074457212929363,2.0545847751934296,1.8793043451026976,1.854019753906816,1.8729430774464684,1.887115803948503,1.9095306008218604,1.9136778334583828,1.9184075746315523,1.9217866476843368,1.9947773634171164,1.9934753579387425,1.9707308977955114,1.970990110934294,1.998360234263737,2.000740413653672,2.021132636387416,2.077067852706672,2.0879420334850427,2.0839304958756815,2.0929990822205857,2.1211701149450723,2.1156456368013616,2.1607614433090565,2.168524734628754,2.162802925399784,2.1660103598218834,2.1548684816710684,2.1398408245072247,2.1400336069370054,2.1438858306098743,2.143404134699914,2.152669705474273,2.1472780819440622,2.1359413846816726,2.1179763808375474,2.1215906859218197,2.121251346616872,2.114384805265335,2.112555076736974,2.1119617605916825,2.108701530380257,2.10829494219993,2.1119931600446455,2.100218994195434,2.1068559273657512],["NaN",2.0,1.8392857142857142,1.8555555555555554,1.6342592415986237,1.5709064299600168,1.5402046588429237,1.4600264413016182,1.4133333236452135,1.4282804110693557,1.4111111065698048,1.4280952317374094,1.4403174324641153,1.4348658118388549,1.4276077022898495,1.5201813954074364,1.5067176765865749,1.4912320219920785,1.4893045791602912,1.5279553762278768,1.5272012374855384,1.5508457335411359,1.5979594397559602,1.6012943745740689,1.5994205202571736,1.623137102773867,1.6470947068245283,1.648243941219503,1.6877489864331887,1.7012483605885378,1.6931997176106743,1.6974299340459598,1.6959280635998943,1.6882768539116908,1.6867950839979304,1.694727856490503,1.6975548797645994,1.7061990398765425,1.7066578637784615,1.7023168384616953,1.69638820762457,1.698024986948636,1.6971737096666166,1.6957774889711685,1.6959079213797579,1.6952919912122582,1.6898689500469333,1.6847731389292286,1.68741784878949,1.6790336435822408,1.6862691192997639],["NaN",6.642857142857143,5.933035714285714,5.957407407407407,4.576003056985367,4.3033727282746606,4.221318598456636,3.531784821521879,3.4373892478766908,3.507915771354648,3.5612060575122046,3.6463071154750955,3.6621628502699703,3.6802876224037147,3.6932639192178014,3.9791367296013425,3.9739440027089974,3.8837802715259024,3.884802017400781,3.993443625886618,4.002962202827066,4.084977133870345,4.314210864747506,4.359501935193656,4.342766311640664,4.380645158176215,4.499362656536091,4.475956460516639,4.668890014891036,4.702499524696708,4.677716494117863,4.691600878855724,4.643458173299375,4.578918754227758,4.579743838819809,4.59624645468979,4.5941812846486885,4.6339868608666945,4.610803161197371,4.562245598795862,4.485823949785716,4.501147038590218,4.4997072755238925,4.470623104736929,4.462888952247163,4.4603824782015185,4.446622144228038,4.444907563305806,4.460515108075368,4.41091982357928,4.438841898676199],["NaN",1.8322507626258087,0.8762745818846641,1.0274023338281628,0.9852584028372401,0.923932240902544,0.8740073734751262,0.9641080701053766,1.0171739550976373,1.043979970022674,0.9590363887247132,1.0029819118437022,1.0029267143925698,1.0229924600314417,1.0266228556529446,1.1283904041233923,1.124971202701688,1.140522327801649,1.135396094160647,1.1564129088721653,1.1556075332197786,1.1591759000817017,1.1131305368633815,1.1394410176305474,1.1170624959841162,1.1285839415970251,1.1637528011769265,1.1683583514949027,1.2194672980882608,1.2311985025904315,1.190911848510435,1.1985176823555137,1.2060539328702269,1.1884630078657294,1.202620600289023,1.2159019124871888,1.1825914473035164,1.1551220298643345,1.154687532216987,1.1483642560796734,1.1615490117046534,1.1599665871207057,1.154779895372986,1.1605813919290402,1.1666134933852343,1.178096085762379,1.1717862377550357,1.1828676534348523,1.1878248458395582,1.1795484509037195,1.1791260588806811],["NaN",1.5714285714285714,0.7857142857142857,0.8571428571428571,0.8214285714285714,0.7428571428571428,0.6904761904761904,0.8163265306122448,0.8392857142857143,0.8571428571428571,0.7857142857142857,0.8051948051948052,0.8035714285714287,0.8296703296703297,0.8418367346938777,0.9476190476190476,0.9375,0.9453781512605044,0.9325396825396824,0.9360902255639098,0.9392857142857141,0.9489795918367346,0.9123376623376626,0.9409937888198758,0.919642857142857,0.9228571428571427,0.9423076923076922,0.9563492063492064,0.9885204081632651,0.9938423645320196,0.9654761904761905,0.9688940092165899,0.9698660714285714,0.9534632034632032,0.9716386554621849,0.9969387755102039,0.9692460317460317,0.9469111969111967,0.950187969924812,0.9404761904761906,0.95625,0.9608013937282232,0.9549319727891155,0.9559800664451827,0.9569805194805195,0.9706349206349206,0.9673207220823868,0.9801740805791139,0.9805871205670494,0.9722369460948356,0.9685064928872243],["NaN",3.357142857142857,0.7678571428571429,1.0555555555555556,0.9707341203613892,0.8536507857791965,0.7638888888888887,0.9295043708423136,1.0346428549289703,1.0898941778085431,0.9197507948981393,1.0059727154856482,1.0058619944422753,1.046513573281181,1.0539544877490068,1.2732649041177526,1.2655602069080822,1.3007911802140921,1.2891242906352527,1.3372908158061827,1.3354287708343016,1.3436887673302234,1.2390595920977598,1.2983258326589375,1.2478286199342636,1.2737017132306776,1.354320582247143,1.3650612375078868,1.4871004911066834,1.5158497527809207,1.4182710309225417,1.436444634918832,1.454566088991742,1.4124443210652569,1.4462963082395301,1.4784174607900031,1.3985225312354257,1.3343069038779005,1.3333032970573553,1.3187404646414218,1.3491961065920572,1.3455224832364578,1.3335166067576443,1.3469491672919485,1.3609870429485,1.3879103872886387,1.373082986992101,1.399175885542474,1.4109278643937702,1.3913345480293642,1.3903382627314873]]},{"__meta":{"schema_version":3,"schema_name":"TwoDimTableV3","schema_type":"TwoDimTable"},"name":"Scoring History","description":"","columns":[{"__meta":{"schema_version":-1,"schema_name":"ColumnSpecsBase","schema_type":"Iced"},"name":"","type":"string","format":"%s","description":""},{"__meta":{"schema_version":-1,"schema_name":"ColumnSpecsBase","schema_type":"Iced"},"name":"timestamp","type":"string","format":"%s","description":"Timestamp"},{"__meta":{"schema_version":-1,"schema_name":"ColumnSpecsBase","schema_type":"Iced"},"name":"duration","type":"string","format":"%s","description":"Duration"},{"__meta":{"schema_version":-1,"schema_name":"ColumnSpecsBase","schema_type":"Iced"},"name":"number_of_trees","type":"long","format":"%d","description":"Number of Trees"},{"__meta":{"schema_version":-1,"schema_name":"ColumnSpecsBase","schema_type":"Iced"},"name":"training_rmse","type":"double","format":"%.5f","description":"Training RMSE"},{"__meta":{"schema_version":-1,"schema_name":"ColumnSpecsBase","schema_type":"Iced"},"name":"training_mae","type":"double","format":"%.5f","description":"Training MAE"},{"__meta":{"schema_version":-1,"schema_name":"ColumnSpecsBase","schema_type":"Iced"},"name":"training_deviance","type":"double","format":"%.5f","description":"Training Deviance"},{"__meta":{"schema_version":-1,"schema_name":"ColumnSpecsBase","schema_type":"Iced"},"name":"validation_rmse","type":"double","format":"%.5f","description":"Validation RMSE"},{"__meta":{"schema_version":-1,"schema_name":"ColumnSpecsBase","schema_type":"Iced"},"name":"validation_mae","type":"double","format":"%.5f","description":"Validation MAE"},{"__meta":{"schema_version":-1,"schema_name":"ColumnSpecsBase","schema_type":"Iced"},"name":"validation_deviance","type":"double","format":"%.5f","description":"Validation Deviance"}],"rowcount":51,"data":[["","","","","","","","","","","","","","","","","","","","","","","","","","","","","","","","","","","","","","","","","","","","","","","","","","",""],["2021-09-30 20:23:10","2021-09-30 20:23:10","2021-09-30 20:23:10","2021-09-30 20:23:10","2021-09-30 20:23:10","2021-09-30 20:23:10","2021-09-30 20:23:10","2021-09-30 20:23:10","2021-09-30 20:23:10","2021-09-30 20:23:10","2021-09-30 20:23:10","2021-09-30 20:23:10","2021-09-30 20:23:10","2021-09-30 20:23:10","2021-09-30 20:23:10","2021-09-30 20:23:10","2021-09-30 20:23:10","2021-09-30 20:23:10","2021-09-30 20:23:10","2021-09-30 20:23:10","2021-09-30 20:23:10","2021-09-30 20:23:10","2021-09-30 20:23:10","2021-09-30 20:23:10","2021-09-30 20:23:10","2021-09-30 20:23:10","2021-09-30 20:23:10","2021-09-30 20:23:10","2021-09-30 20:23:10","2021-09-30 20:23:10","2021-09-30 20:23:10","2021-09-30 20:23:10","2021-09-30 20:23:10","2021-09-30 20:23:10","2021-09-30 20:23:10","2021-09-30 20:23:10","2021-09-30 20:23:10","2021-09-30 20:23:10","2021-09-30 20:23:10","2021-09-30 20:23:10","2021-09-30 20:23:10","2021-09-30 20:23:10","2021-09-30 20:23:10","2021-09-30 20:23:10","2021-09-30 20:23:10","2021-09-30 20:23:10","2021-09-30 20:23:10","2021-09-30 20:23:10","2021-09-30 20:23:10","2021-09-30 20:23:10","2021-09-30 20:23:10"],[" 0.011 sec"," 0.015 sec"," 0.019 sec"," 0.022 sec"," 0.024 sec"," 0.027 sec"," 0.029 sec"," 0.032 sec"," 0.035 sec"," 0.039 sec"," 0.041 sec"," 0.045 sec"," 0.048 sec"," 0.050 sec"," 0.053 sec"," 0.056 sec"," 0.059 sec"," 0.062 sec"," 0.064 sec"," 0.068 sec"," 0.071 sec"," 0.075 sec"," 0.078 sec"," 0.081 sec"," 0.096 sec"," 0.099 sec"," 0.102 sec"," 0.105 sec"," 0.108 sec"," 0.111 sec"," 0.116 sec"," 0.120 sec"," 0.123 sec"," 0.126 sec"," 0.130 sec"," 0.134 sec"," 0.137 sec"," 0.141 sec"," 0.144 sec"," 0.148 sec"," 0.152 sec"," 0.156 sec"," 0.160 sec"," 0.164 sec"," 0.167 sec"," 0.171 sec"," 0.174 sec"," 0.178 sec"," 0.183 sec"," 0.190 sec"," 0.195 sec"],[0,1,2,3,4,5,6,7,8,9,10,11,12,13,14,15,16,17,18,19,20,21,22,23,24,25,26,27,28,29,30,31,32,33,34,35,36,37,38,39,40,41,42,43,44,45,46,47,48,49,50],["NaN",1.8559215195280916,1.8504709280170422,1.783267022609232,1.6902270144806208,1.6077022244107293,1.565190648255632,1.4327249209501414,1.4824096310110726,1.4937980403674758,1.4449457336809695,1.5053865794677763,1.5164671855920087,1.5319323747322962,1.5438167445323017,1.6248918036288063,1.6239548883078792,1.573657196717712,1.575239289535212,1.6328590529915161,1.6339023129675325,1.6533755097263785,1.6751681212350813,1.676003905560771,1.6741655420142303,1.6742745119626825,1.67564974704832,1.6425171089163026,1.6469399926793375,1.6551389960834555,1.6693721844678906,1.6683628868477693,1.6476060874648617,1.6224671788320069,1.6319670626400813,1.6459840060610793,1.6272708849866373,1.6290552460704215,1.611087575817967,1.6235305356945098,1.6229598029309533,1.6221086996730092,1.6290196990011527,1.6272225656677353,1.6368182150976722,1.636720935282869,1.6444457864332331,1.6430802189438833,1.6510507246879202,1.648979724034492,1.654093046580258],["NaN",1.3809524263654436,1.424242539839311,1.3796297709147136,1.3611112038294475,1.2312092687569414,1.1654321953102393,1.0638889471689859,1.086408805847168,1.1069643529256183,1.06210324605306,1.1219643497467042,1.1086111668178014,1.112589360418774,1.109292414150541,1.160843348200359,1.1539683573036144,1.1379630605001299,1.1487244492956479,1.1903332210436606,1.178002705801101,1.1791837595612429,1.1863908515864119,1.1773817362379373,1.1734788660019162,1.1684233788356808,1.1708713701198141,1.1534262540402955,1.151815442391424,1.1579752785240043,1.1553304105788051,1.1565597061862665,1.1651115990341379,1.155622487027421,1.1594213364616273,1.1653929768541254,1.1578670512551383,1.1541587552011034,1.1504525682564128,1.163506160698268,1.1616992946563183,1.160016801607172,1.1617580714972249,1.1639764006258917,1.1747073659477376,1.1743024866102716,1.1758199604130477,1.169252711530695,1.173824143392139,1.1715974771906046,1.17153081399084],["NaN",3.44444468664746,3.424242655436253,3.1800412739255948,2.8568673604800727,2.5847064423752073,2.449821765386885,2.052700699111589,2.1975383141143845,2.231432585405711,2.087868173282835,2.266188753641692,2.2996727249773476,2.346816800752932,2.3833701406983137,2.6402733735000754,2.6372294792590565,2.4763969727814477,2.4813788192953994,2.666228686936351,2.6696367683206526,2.7336505761629617,2.806188234402272,2.808989091454958,2.802830262067802,2.803195141407879,2.807802074783099,2.6978624530827693,2.7124113394866165,2.739485096356149,2.786803490275097,2.7834347222110227,2.714605819451269,2.632399746387091,2.663316493542095,2.709263348208879,2.6480105331251935,2.6538209947495615,2.595603176955014,2.6358514003325015,2.6339985219296786,2.6312366335548605,2.6537051797338065,2.647853278218287,2.67917386927553,2.6788554199932295,2.7042019445180148,2.6997126058846797,2.725968495492507,2.7191341302768692,2.736023806745159],["NaN",2.505549480978784,2.293559919375865,2.369185632044443,2.235873927413641,2.247529546208479,2.2412596394270263,2.2325158687033033,2.2153975452521544,2.2208811879680104,2.209221546060319,2.1479844794487835,2.1363790928185455,2.1279106782360357,2.140719027804252,2.1481509594340156,2.1504173493996044,2.1652743931654848,2.1557650709509804,2.1753435534428087,2.1849350210850154,2.213588687247552,2.231346787468483,2.2235428003785325,2.2233843163227283,2.220137649954472,2.214102253741574,2.210967956241173,2.197469801641511,2.1959739397038094,2.2148523749334053,2.2188959332863663,2.2054040194877085,2.203223868418312,2.1921378834328182,2.203625785517813,2.207906859738569,2.2143901000977055,2.2212011357246904,2.2250731775716432,2.221195359747258,2.220809142977771,2.2298153775874656,2.234243998262782,2.2386644141902123,2.2392476760383544,2.234149982975582,2.224934654373763,2.219485831634515,2.218936482493623,2.215453622805823],["NaN",1.75,1.4791666865348816,1.6180555820465088,1.5729166865348816,1.608333349227905,1.6006944676240284,1.6071428656578064,1.5625000149011612,1.5902777910232544,1.5750000119209286,1.5000000108372085,1.5052083432674408,1.5048077014776378,1.5044642942292352,1.520833341280619,1.523437511175871,1.5343137383460999,1.5081018639935386,1.5405701869412471,1.5354166775941844,1.5634920738992235,1.5719697069038046,1.5688405892123347,1.568576400478681,1.5683333468437195,1.5633012950420384,1.5609568026330738,1.5453869168247496,1.558908057623896,1.5694444576899211,1.5712365738807186,1.5716145988553762,1.5694444594961223,1.5600490359699024,1.5779762063707623,1.5758102006382408,1.5754504670967928,1.586074576566094,1.596688048961835,1.5927083477377892,1.5924796912728285,1.5962301748139518,1.5998062172601388,1.6032197123224083,1.6078703853819105,1.605978276418603,1.5984042718055402,1.5963541828095913,1.598214301527763,1.5962500154972075],["NaN",6.277778201633055,5.260417103767423,5.613040559085827,4.9991322192881,5.051389061080092,5.023244771324564,4.984127104012066,4.907986283509272,4.932313251070202,4.880659839577147,4.613837323952861,4.564115628232192,4.5280038545509464,4.582677956003182,4.614552544517282,4.62429477659882,4.688413197698159,4.647323041132285,4.732119575505186,4.7739410463637775,4.89997487631034,4.97890848594592,4.944142585115206,4.943437818069885,4.929011184745365,4.902248790023517,4.88837930352527,4.828873529126382,4.822301543858269,4.9055710427481465,4.923499162754775,4.863806889172541,4.854195414368151,4.805468499981317,4.855966602599,4.87485270128063,4.903523515410726,4.9337344853446545,4.95095064554877,4.93370882616275,4.9319932495336625,4.972076618125532,4.991846243773263,5.011618359361607,5.014230154643171,4.991426146429794,4.950334216233297,4.926117356826356,4.923679113341172,4.908234754803447]]}],"reproducibility_information_table":[{"__meta":{"schema_version":3,"schema_name":"TwoDimTableV3","schema_type":"TwoDimTable"},"name":"Node Information","description":"","columns":[{"__meta":{"schema_version":-1,"schema_name":"ColumnSpecsBase","schema_type":"Iced"},"name":"","type":"string","format":"%s","description":""},{"__meta":{"schema_version":-1,"schema_name":"ColumnSpecsBase","schema_type":"Iced"},"name":"node","type":"int","format":"%d","description":"node"},{"__meta":{"schema_version":-1,"schema_name":"ColumnSpecsBase","schema_type":"Iced"},"name":"h2o","type":"string","format":"%s","description":"h2o"},{"__meta":{"schema_version":-1,"schema_name":"ColumnSpecsBase","schema_type":"Iced"},"name":"healthy","type":"string","format":"%s","description":"healthy"},{"__meta":{"schema_version":-1,"schema_name":"ColumnSpecsBase","schema_type":"Iced"},"name":"last_ping","type":"string","format":"%s","description":"last_ping"},{"__meta":{"schema_version":-1,"schema_name":"ColumnSpecsBase","schema_type":"Iced"},"name":"num_cpus","type":"int","format":"%d","description":"num_cpus"},{"__meta":{"schema_version":-1,"schema_name":"ColumnSpecsBase","schema_type":"Iced"},"name":"sys_load","type":"double","format":"%.5f","description":"sys_load"},{"__meta":{"schema_version":-1,"schema_name":"ColumnSpecsBase","schema_type":"Iced"},"name":"mem_value_size","type":"long","format":"%d","description":"mem_value_size"},{"__meta":{"schema_version":-1,"schema_name":"ColumnSpecsBase","schema_type":"Iced"},"name":"free_mem","type":"long","format":"%d","description":"free_mem"},{"__meta":{"schema_version":-1,"schema_name":"ColumnSpecsBase","schema_type":"Iced"},"name":"pojo_mem","type":"long","format":"%d","description":"pojo_mem"},{"__meta":{"schema_version":-1,"schema_name":"ColumnSpecsBase","schema_type":"Iced"},"name":"swap_mem","type":"long","format":"%d","description":"swap_mem"},{"__meta":{"schema_version":-1,"schema_name":"ColumnSpecsBase","schema_type":"Iced"},"name":"free_disc","type":"long","format":"%d","description":"free_disc"},{"__meta":{"schema_version":-1,"schema_name":"ColumnSpecsBase","schema_type":"Iced"},"name":"max_disc","type":"long","format":"%d","description":"max_disc"},{"__meta":{"schema_version":-1,"schema_name":"ColumnSpecsBase","schema_type":"Iced"},"name":"pid","type":"int","format":"%d","description":"pid"},{"__meta":{"schema_version":-1,"schema_name":"ColumnSpecsBase","schema_type":"Iced"},"name":"num_keys","type":"int","format":"%d","description":"num_keys"},{"__meta":{"schema_version":-1,"schema_name":"ColumnSpecsBase","schema_type":"Iced"},"name":"tcps_active","type":"string","format":"%s","description":"tcps_active"},{"__meta":{"schema_version":-1,"schema_name":"ColumnSpecsBase","schema_type":"Iced"},"name":"open_fds","type":"int","format":"%d","description":"open_fds"},{"__meta":{"schema_version":-1,"schema_name":"ColumnSpecsBase","schema_type":"Iced"},"name":"rpcs_active","type":"string","format":"%s","description":"rpcs_active"},{"__meta":{"schema_version":-1,"schema_name":"ColumnSpecsBase","schema_type":"Iced"},"name":"nthreads","type":"int","format":"%d","description":"nthreads"},{"__meta":{"schema_version":-1,"schema_name":"ColumnSpecsBase","schema_type":"Iced"},"name":"is_leader","type":"string","format":"%s","description":"is_leader"},{"__meta":{"schema_version":-1,"schema_name":"ColumnSpecsBase","schema_type":"Iced"},"name":"total_mem","type":"long","format":"%d","description":"total_mem"},{"__meta":{"schema_version":-1,"schema_name":"ColumnSpecsBase","schema_type":"Iced"},"name":"max_mem","type":"long","format":"%d","description":"max_mem"},{"__meta":{"schema_version":-1,"schema_name":"ColumnSpecsBase","schema_type":"Iced"},"name":"java_version","type":"string","format":"%s","description":"java_version"},{"__meta":{"schema_version":-1,"schema_name":"ColumnSpecsBase","schema_type":"Iced"},"name":"jvm_launch_parameters","type":"string","format":"%s","description":"jvm_launch_parameters"},{"__meta":{"schema_version":-1,"schema_name":"ColumnSpecsBase","schema_type":"Iced"},"name":"os_version","type":"string","format":"%s","description":"os_version"},{"__meta":{"schema_version":-1,"schema_name":"ColumnSpecsBase","schema_type":"Iced"},"name":"machine_physical_mem","type":"long","format":"%d","description":"machine_physical_mem"},{"__meta":{"schema_version":-1,"schema_name":"ColumnSpecsBase","schema_type":"Iced"},"name":"machine_locale","type":"string","format":"%s","description":"machine_locale"}],"rowcount":1,"data":[[""],[0],["127.0.0.1:54321"],["true"],["1633026190133"],[8],[0.72925895],[336591],[4263173425],[0],[0],[48483008512],[106766008320],[16644],[1014],["\u0000"],[-1],["\u0000"],[8],["true"],[268435456],[4263510016],["Java 11.0.7 (from Oracle Corporation)"],["[]"],["Windows 10 10.0 (amd64)"],[17052135424],["en_US"]]},{"__meta":{"schema_version":3,"schema_name":"TwoDimTableV3","schema_type":"TwoDimTable"},"name":"Cluster Configuration","description":"","columns":[{"__meta":{"schema_version":-1,"schema_name":"ColumnSpecsBase","schema_type":"Iced"},"name":"","type":"string","format":"%s","description":""},{"__meta":{"schema_version":-1,"schema_name":"ColumnSpecsBase","schema_type":"Iced"},"name":"h2o_cluster_uptime","type":"long","format":"%d","description":"H2O cluster uptime"},{"__meta":{"schema_version":-1,"schema_name":"ColumnSpecsBase","schema_type":"Iced"},"name":"h2o_cluster_timezone","type":"string","format":"%s","description":"H2O cluster timezone"},{"__meta":{"schema_version":-1,"schema_name":"ColumnSpecsBase","schema_type":"Iced"},"name":"h2o_data_parsing_timezone","type":"string","format":"%s","description":"H2O data parsing timezone"},{"__meta":{"schema_version":-1,"schema_name":"ColumnSpecsBase","schema_type":"Iced"},"name":"h2o_cluster_version","type":"string","format":"%s","description":"H2O cluster version"},{"__meta":{"schema_version":-1,"schema_name":"ColumnSpecsBase","schema_type":"Iced"},"name":"h2o_cluster_version_age","type":"string","format":"%s","description":"H2O cluster version age"},{"__meta":{"schema_version":-1,"schema_name":"ColumnSpecsBase","schema_type":"Iced"},"name":"h2o_cluster_name","type":"string","format":"%s","description":"H2O cluster name"},{"__meta":{"schema_version":-1,"schema_name":"ColumnSpecsBase","schema_type":"Iced"},"name":"h2o_cluster_total_nodes","type":"int","format":"%d","description":"H2O cluster total nodes"},{"__meta":{"schema_version":-1,"schema_name":"ColumnSpecsBase","schema_type":"Iced"},"name":"h2o_cluster_free_memory","type":"long","format":"%d","description":"H2O cluster free memory"},{"__meta":{"schema_version":-1,"schema_name":"ColumnSpecsBase","schema_type":"Iced"},"name":"h2o_cluster_total_cores","type":"int","format":"%d","description":"H2O cluster total cores"},{"__meta":{"schema_version":-1,"schema_name":"ColumnSpecsBase","schema_type":"Iced"},"name":"h2o_cluster_allowed_cores","type":"int","format":"%d","description":"H2O cluster allowed cores"},{"__meta":{"schema_version":-1,"schema_name":"ColumnSpecsBase","schema_type":"Iced"},"name":"h2o_cluster_status","type":"string","format":"%s","description":"H2O cluster status"},{"__meta":{"schema_version":-1,"schema_name":"ColumnSpecsBase","schema_type":"Iced"},"name":"h2o_internal_security","type":"string","format":"%s","description":"H2O internal security"},{"__meta":{"schema_version":-1,"schema_name":"ColumnSpecsBase","schema_type":"Iced"},"name":"h2o_api_extensions","type":"string","format":"%s","description":"H2O API Extensions"}],"rowcount":1,"data":[[""],[17710],["Europe/Berlin"],["UTC"],["3.32.1.5"],["1 month and 26 days"],["H2O_from_python_alina_54531v"],[1],[4263173425],[8],[8],["locked, healthly"],["false"],["Amazon S3, Algos, AutoML, Core V3, TargetEncoder, Core V4"]]},{"__meta":{"schema_version":3,"schema_name":"TwoDimTableV3","schema_type":"TwoDimTable"},"name":"Input Frames Information","description":"","columns":[{"__meta":{"schema_version":-1,"schema_name":"ColumnSpecsBase","schema_type":"Iced"},"name":"","type":"string","format":"%s","description":""},{"__meta":{"schema_version":-1,"schema_name":"ColumnSpecsBase","schema_type":"Iced"},"name":"input_frame","type":"string","format":"%s","description":"Input Frame"},{"__meta":{"schema_version":-1,"schema_name":"ColumnSpecsBase","schema_type":"Iced"},"name":"checksum","type":"long","format":"%d","description":"Checksum"},{"__meta":{"schema_version":-1,"schema_name":"ColumnSpecsBase","schema_type":"Iced"},"name":"espc","type":"string","format":"%d","description":"ESPC"}],"rowcount":3,"data":[["","",""],["training_frame","validation_frame","calibration_frame"],[1509629188092175621,1509629256983806079,-1],["[0, 28]","[0, 5]","-1"]]}],"training_metrics":{"__meta":{"schema_version":3,"schema_name":"ModelMetricsRegressionV3","schema_type":"ModelMetricsRegression"},"model":{"__meta":{"schema_version":3,"schema_name":"ModelKeyV3","schema_type":"Key<Model>"},"name":"alc_free_all_drf_model","type":"Key<Model>","URL":"/3/Models/alc_free_all_drf_model"},"model_checksum":-8757315785276536128,"frame":{"__meta":{"schema_version":3,"schema_name":"FrameKeyV3","schema_type":"Key<Frame>"},"name":"py_5_sid_ad02","type":"Key<Frame>","URL":"/3/Frames/py_5_sid_ad02"},"frame_checksum":4150662762858700608,"description":"Metrics reported on Out-Of-Bag training samples","model_category":"Regression","scoring_time":1633026191000,"predictions":null,"MSE":3.2550422572782693,"RMSE":1.804173566284095,"nobs":28,"custom_metric_name":null,"custom_metric_value":0.0,"r2":0.010487347923162083,"mean_residual_deviance":3.2550422572782693,"mae":1.3085873323336357,"rmsle":0.27057938083659894},"validation_metrics":{"__meta":{"schema_version":3,"schema_name":"ModelMetricsRegressionV3","schema_type":"ModelMetricsRegression"},"model":{"__meta":{"schema_version":3,"schema_name":"ModelKeyV3","schema_type":"Key<Model>"},"name":"alc_free_all_drf_model","type":"Key<Model>","URL":"/3/Models/alc_free_all_drf_model"},"model_checksum":-8757315785276536128,"frame":{"__meta":{"schema_version":3,"schema_name":"FrameKeyV3","schema_type":"Key<Frame>"},"name":"py_6_sid_ad02","type":"Key<Frame>","URL":"/3/Frames/py_6_sid_ad02"},"frame_checksum":-791700000182415792,"description":null,"model_category":"Regression","scoring_time":1633026191000,"predictions":null,"MSE":0.8285413788481186,"RMSE":0.9102424835438734,"nobs":5,"custom_metric_name":null,"custom_metric_value":0.0,"r2":0.13693606369987088,"mean_residual_deviance":0.8285413788481186,"mae":0.8524333381652832,"rmsle":0.11099399833774114},"cross_validation_metrics":{"__meta":{"schema_version":3,"schema_name":"ModelMetricsRegressionV3","schema_type":"ModelMetricsRegression"},"model":{"__meta":{"schema_version":3,"schema_name":"ModelKeyV3","schema_type":"Key<Model>"},"name":"alc_free_all_drf_model","type":"Key<Model>","URL":"/3/Models/alc_free_all_drf_model"},"model_checksum":-8757315785276536128,"frame":{"__meta":{"schema_version":3,"schema_name":"FrameKeyV3","schema_type":"Key<Frame>"},"name":"py_5_sid_ad02","type":"Key<Frame>","URL":"/3/Frames/py_5_sid_ad02"},"frame_checksum":4150662762858700608,"description":"4-fold cross-validation on training data (Metrics computed for combined holdout predictions)","model_category":"Regression","scoring_time":1633026191006,"predictions":null,"MSE":5.199880822531256,"RMSE":2.280324718659879,"nobs":28,"custom_metric_name":null,"custom_metric_value":0.0,"r2":-0.5807315102227637,"mean_residual_deviance":5.199880822531256,"mae":1.662801695551191,"rmsle":0.35360302515241704},"cross_validation_metrics_summary":{"__meta":{"schema_version":3,"schema_name":"TwoDimTableV3","schema_type":"TwoDimTable"},"name":"Cross-Validation Metrics Summary","description":"","columns":[{"__meta":{"schema_version":-1,"schema_name":"ColumnSpecsBase","schema_type":"Iced"},"name":"","type":"string","format":"%s","description":""},{"__meta":{"schema_version":-1,"schema_name":"ColumnSpecsBase","schema_type":"Iced"},"name":"mean","type":"string","format":"%s","description":"mean"},{"__meta":{"schema_version":-1,"schema_name":"ColumnSpecsBase","schema_type":"Iced"},"name":"sd","type":"string","format":"%s","description":"sd"},{"__meta":{"schema_version":-1,"schema_name":"ColumnSpecsBase","schema_type":"Iced"},"name":"cv_1_valid","type":"string","format":"%s","description":"cv_1_valid"},{"__meta":{"schema_version":-1,"schema_name":"ColumnSpecsBase","schema_type":"Iced"},"name":"cv_2_valid","type":"string","format":"%s","description":"cv_2_valid"},{"__meta":{"schema_version":-1,"schema_name":"ColumnSpecsBase","schema_type":"Iced"},"name":"cv_3_valid","type":"string","format":"%s","description":"cv_3_valid"},{"__meta":{"schema_version":-1,"schema_name":"ColumnSpecsBase","schema_type":"Iced"},"name":"cv_4_valid","type":"string","format":"%s","description":"cv_4_valid"}],"rowcount":7,"data":[["mae","mean_residual_deviance","mse","r2","residual_deviance","rmse","rmsle"],["1.5303006","4.294001","4.294001","-0.5473138","4.294001","1.934091","0.2830344"],["0.5947454","3.5962455","3.5962455","0.99359715","3.5962455","0.85890895","0.16131388"],["2.3342235","9.138018","9.138018","-2.035886","9.138018","3.0229154","0.47584054"],["1.2222222","1.7394148","1.7394148","-0.11819524","1.7394148","1.3188688","0.15403177"],["0.9685065","1.3903383","1.3903383","-0.0018613952","1.3903383","1.179126","0.14574014"],["1.59625","4.9082346","4.9082346","-0.03331258","4.9082346","2.2154536","0.3565252"]]},"status":null,"start_time":1633026190855,"end_time":1633026191005,"run_time":150,"default_threshold":0.5,"help":{"domains":"Domains for categorical columns", "__meta":"Metadata on this schema instance, to make it self-describing.", "help":"Help information for output fields", "training_metrics":"Training data model metrics", "cross_validation_models":"Cross-validation models (model ids)", "cross_validation_predictions":"Cross-validation predictions, one per cv model (deprecated, use cross_validation_holdout_predictions_frame_id instead)", "cross_validation_metrics_summary":"Cross-validation model metrics summary", "status":"Job status", "reproducibility_information_table":"Model reproducibility information", "variable_importances":"Variable Importances", "model_summary":"Model summary", "end_time":"End time in milliseconds", "names":"Column names", "cross_validation_fold_assignment_frame_id":"Cross-validation fold assignment (each row is assigned to one holdout fold)", "run_time":"Runtime in milliseconds", "default_threshold":"Default threshold used for predictions", "scoring_history":"Scoring history", "cross_validation_holdout_predictions_frame_id":"Cross-validation holdout predictions (full out-of-sample predictions on training data)", "init_f":"The Intercept term, the initial model function value to which trees make adjustments", "model_category":"Category of the model (e.g., Binomial)", "column_types":"Column types", "original_names":"Original column names", "start_time":"Start time in milliseconds", "cv_scoring_history":"Cross-Validation scoring history", "cross_validation_metrics":"Cross-validation model metrics", "validation_metrics":"Validation data model metrics"},"variable_importances":{"__meta":{"schema_version":3,"schema_name":"TwoDimTableV3","schema_type":"TwoDimTable"},"name":"Variable Importances","description":"","columns":[{"__meta":{"schema_version":-1,"schema_name":"ColumnSpecsBase","schema_type":"Iced"},"name":"variable","type":"string","format":"%s","description":"Variable"},{"__meta":{"schema_version":-1,"schema_name":"ColumnSpecsBase","schema_type":"Iced"},"name":"relative_importance","type":"double","format":"%5f","description":"Relative Importance"},{"__meta":{"schema_version":-1,"schema_name":"ColumnSpecsBase","schema_type":"Iced"},"name":"scaled_importance","type":"double","format":"%5f","description":"Scaled Importance"},{"__meta":{"schema_version":-1,"schema_name":"ColumnSpecsBase","schema_type":"Iced"},"name":"percentage","type":"double","format":"%5f","description":"Percentage"}],"rowcount":2,"data":[["flavor","style"],[1429.9774169921875,440.7034606933594],[1.0,0.30818910526596593],[0.7644154778346756,0.2355845221653245]]},"init_f":0.0},"compatible_frames":null}
