{"__meta":{"schema_version":3,"schema_name":"DRFModelV3","schema_type":"DRFModel"},"model_id":{"__meta":{"schema_version":3,"schema_name":"ModelKeyV3","schema_type":"Key<Model>"},"name":"regular_all_drf_model","type":"Key<Model>","URL":"/3/Models/regular_all_drf_model"},"algo":"drf","algo_full_name":"Distributed Random Forest","response_column_name":"rating","data_frame":{"__meta":{"schema_version":3,"schema_name":"FrameKeyV3","schema_type":"Key<Frame>"},"name":"py_29_sid_ad02","type":"Key<Frame>","URL":"/3/Frames/py_29_sid_ad02"},"timestamp":1633026199025,"have_pojo":true,"have_mojo":true,"algo":"drf","algo_full_name":"Distributed Random Forest","model_id":{"__meta":{"schema_version":3,"schema_name":"ModelKeyV3","schema_type":"Key<Model>"},"name":"regular_all_drf_model","type":"Key<Model>","URL":"/3/Models/regular_all_drf_model"},"parameters":[{"__meta":{"schema_version":3,"schema_name":"ModelParameterSchemaV3","schema_type":"Iced"},"name":"model_id","label":"model_id","help":"Destination id for this model; auto-generated if not specified.","required":false,"type":"Key<Model>","default_value":null,"actual_value":{"__meta":{"schema_version":3,"schema_name":"ModelKeyV3","schema_type":"Key<Model>"},"name":"regular_all_drf_model","type":"Key<Model>","URL":"/3/Models/regular_all_drf_model"},"input_value":null,"level":"critical","values":[],"is_member_of_frames":[],"is_mutually_exclusive_with":[],"gridable":false},{"__meta":{"schema_version":3,"schema_name":"ModelParameterSchemaV3","schema_type":"Iced"},"name":"training_frame","label":"training_frame","help":"Id of the training data frame.","required":false,"type":"Key<Frame>","default_value":null,"actual_value":{"__meta":{"schema_version":3,"schema_name":"FrameKeyV3","schema_type":"Key<Frame>"},"name":"py_29_sid_ad02","type":"Key<Frame>","URL":"/3/Frames/py_29_sid_ad02"},"input_value":{"__meta":{"schema_version":3,"schema_name":"FrameKeyV3","schema_type":"Key<Frame>"},"name":"py_29_sid_ad02","type":"Key<Frame>","URL":"/3/Frames/py_29_sid_ad02"},"level":"critical","values":[],"is_member_of_frames":[],"is_mutually_exclusive_with":[],"gridable":false},{"__meta":{"schema_version":3,"schema_name":"ModelParameterSchemaV3","schema_type":"Iced"},"name":"validation_frame","label":"validation_frame","help":"Id of the validation data frame.","required":false,"type":"Key<Frame>","default_value":null,"actual_value":{"__meta":{"schema_version":3,"schema_name":"FrameKeyV3","schema_type":"Key<Frame>"},"name":"py_30_sid_ad02","type":"Key<Frame>","URL":"/3/Frames/py_30_sid_ad02"},"input_value":{"__meta":{"schema_version":3,"schema_name":"FrameKeyV3","schema_type":"Key<Frame>"},"name":"py_30_sid_ad02","type":"Key<Frame>","URL":"/3/Frames/py_30_sid_ad02"},"level":"critical","values":[],"is_member_of_frames":[],"is_mutually_exclusive_with":[],"gridable":true},{"__meta":{"schema_version":3,"schema_name":"ModelParameterSchemaV3","schema_type":"Iced"},"name":"nfolds","label":"nfolds","help":"Number of folds for K-fold cross-validation (0 to disable or >= 2).","required":false,"type":"int","default_value":0,"actual_value":4,"input_value":4,"level":"critical","values":[],"is_member_of_frames":[],"is_mutually_exclusive_with":[],"gridable":false},{"__meta":{"schema_version":3,"schema_name":"ModelParameterSchemaV3","schema_type":"Iced"},"name":"keep_cross_validation_models","label":"keep_cross_validation_models","help":"Whether to keep the cross-validation models.","required":false,"type":"boolean","default_value":true,"actual_value":true,"input_value":true,"level":"expert","values":[],"is_member_of_frames":[],"is_mutually_exclusive_with":[],"gridable":false},{"__meta":{"schema_version":3,"schema_name":"ModelParameterSchemaV3","schema_type":"Iced"},"name":"keep_cross_validation_predictions","label":"keep_cross_validation_predictions","help":"Whether to keep the predictions of the cross-validation models.","required":false,"type":"boolean","default_value":false,"actual_value":false,"input_value":false,"level":"expert","values":[],"is_member_of_frames":[],"is_mutually_exclusive_with":[],"gridable":false},{"__meta":{"schema_version":3,"schema_name":"ModelParameterSchemaV3","schema_type":"Iced"},"name":"keep_cross_validation_fold_assignment","label":"keep_cross_validation_fold_assignment","help":"Whether to keep the cross-validation fold assignment.","required":false,"type":"boolean","default_value":false,"actual_value":false,"input_value":false,"level":"expert","values":[],"is_member_of_frames":[],"is_mutually_exclusive_with":[],"gridable":false},{"__meta":{"schema_version":3,"schema_name":"ModelParameterSchemaV3","schema_type":"Iced"},"name":"score_each_iteration","label":"score_each_iteration","help":"Whether to score during each iteration of model training.","required":false,"type":"boolean","default_value":false,"actual_value":false,"input_value":false,"level":"secondary","values":[],"is_member_of_frames":[],"is_mutually_exclusive_with":[],"gridable":false},{"__meta":{"schema_version":3,"schema_name":"ModelParameterSchemaV3","schema_type":"Iced"},"name":"score_tree_interval","label":"score_tree_interval","help":"Score the model after every so many trees. Disabled if set to 0.","required":false,"type":"int","default_value":0,"actual_value":0,"input_value":0,"level":"secondary","values":[],"is_member_of_frames":[],"is_mutually_exclusive_with":[],"gridable":false},{"__meta":{"schema_version":3,"schema_name":"ModelParameterSchemaV3","schema_type":"Iced"},"name":"fold_assignment","label":"fold_assignment","help":"Cross-validation fold assignment scheme, if fold_column is not specified. The 'Stratified' option will stratify the folds based on the response variable, for classification problems.","required":false,"type":"enum","default_value":"AUTO","actual_value":"Random","input_value":"Random","level":"secondary","values":["AUTO","Random","Modulo","Stratified"],"is_member_of_frames":[],"is_mutually_exclusive_with":[],"gridable":true},{"__meta":{"schema_version":3,"schema_name":"ModelParameterSchemaV3","schema_type":"Iced"},"name":"fold_column","label":"fold_column","help":"Column with cross-validation fold index assignment per observation.","required":false,"type":"VecSpecifier","default_value":null,"actual_value":null,"input_value":null,"level":"secondary","values":[],"is_member_of_frames":["training_frame"],"is_mutually_exclusive_with":["response_column","weights_column","ignored_columns","offset_column"],"gridable":true},{"__meta":{"schema_version":3,"schema_name":"ModelParameterSchemaV3","schema_type":"Iced"},"name":"response_column","label":"response_column","help":"Response variable column.","required":false,"type":"VecSpecifier","default_value":null,"actual_value":{"__meta":{"schema_version":3,"schema_name":"ColSpecifierV3","schema_type":"VecSpecifier"},"column_name":"rating","is_member_of_frames":null},"input_value":{"__meta":{"schema_version":3,"schema_name":"ColSpecifierV3","schema_type":"VecSpecifier"},"column_name":"rating","is_member_of_frames":null},"level":"critical","values":[],"is_member_of_frames":["training_frame","validation_frame"],"is_mutually_exclusive_with":["weights_column","ignored_columns","offset_column","fold_column"],"gridable":true},{"__meta":{"schema_version":3,"schema_name":"ModelParameterSchemaV3","schema_type":"Iced"},"name":"ignored_columns","label":"ignored_columns","help":"Names of columns to ignore for training.","required":false,"type":"string[]","default_value":null,"actual_value":["filtration","occurrence","name","method","perception","split","fermentation"],"input_value":["filtration","occurrence","name","method","perception","split","fermentation"],"level":"critical","values":[],"is_member_of_frames":["training_frame","validation_frame"],"is_mutually_exclusive_with":["response_column","weights_column","offset_column","fold_column"],"gridable":false},{"__meta":{"schema_version":3,"schema_name":"ModelParameterSchemaV3","schema_type":"Iced"},"name":"ignore_const_cols","label":"ignore_const_cols","help":"Ignore constant columns.","required":false,"type":"boolean","default_value":true,"actual_value":true,"input_value":true,"level":"critical","values":[],"is_member_of_frames":[],"is_mutually_exclusive_with":[],"gridable":false},{"__meta":{"schema_version":3,"schema_name":"ModelParameterSchemaV3","schema_type":"Iced"},"name":"offset_column","label":"offset_column","help":"Offset column. This will be added to the combination of columns before applying the link function.","required":false,"type":"VecSpecifier","default_value":null,"actual_value":null,"input_value":null,"level":"secondary","values":[],"is_member_of_frames":["training_frame","validation_frame"],"is_mutually_exclusive_with":["response_column","weights_column","ignored_columns","fold_column"],"gridable":true},{"__meta":{"schema_version":3,"schema_name":"ModelParameterSchemaV3","schema_type":"Iced"},"name":"weights_column","label":"weights_column","help":"Column with observation weights. Giving some observation a weight of zero is equivalent to excluding it from the dataset; giving an observation a relative weight of 2 is equivalent to repeating that row twice. Negative weights are not allowed. Note: Weights are per-row observation weights and do not increase the size of the data frame. This is typically the number of times a row is repeated, but non-integer values are supported as well. During training, rows with higher weights matter more, due to the larger loss function pre-factor.","required":false,"type":"VecSpecifier","default_value":null,"actual_value":null,"input_value":null,"level":"secondary","values":[],"is_member_of_frames":["training_frame","validation_frame"],"is_mutually_exclusive_with":["response_column","ignored_columns","offset_column","fold_column"],"gridable":true},{"__meta":{"schema_version":3,"schema_name":"ModelParameterSchemaV3","schema_type":"Iced"},"name":"balance_classes","label":"balance_classes","help":"Balance training data class counts via over/under-sampling (for imbalanced data).","required":false,"type":"boolean","default_value":false,"actual_value":false,"input_value":false,"level":"secondary","values":[],"is_member_of_frames":[],"is_mutually_exclusive_with":[],"gridable":true},{"__meta":{"schema_version":3,"schema_name":"ModelParameterSchemaV3","schema_type":"Iced"},"name":"class_sampling_factors","label":"class_sampling_factors","help":"Desired over/under-sampling ratios per class (in lexicographic order). If not specified, sampling factors will be automatically computed to obtain class balance during training. Requires balance_classes.","required":false,"type":"float[]","default_value":null,"actual_value":null,"input_value":null,"level":"expert","values":[],"is_member_of_frames":[],"is_mutually_exclusive_with":[],"gridable":true},{"__meta":{"schema_version":3,"schema_name":"ModelParameterSchemaV3","schema_type":"Iced"},"name":"max_after_balance_size","label":"max_after_balance_size","help":"Maximum relative size of the training data after balancing class counts (can be less than 1.0). Requires balance_classes.","required":false,"type":"float","default_value":5.0,"actual_value":5.0,"input_value":5.0,"level":"expert","values":[],"is_member_of_frames":[],"is_mutually_exclusive_with":[],"gridable":true},{"__meta":{"schema_version":3,"schema_name":"ModelParameterSchemaV3","schema_type":"Iced"},"name":"max_confusion_matrix_size","label":"max_confusion_matrix_size","help":"[Deprecated] Maximum size (# classes) for confusion matrices to be printed in the Logs","required":false,"type":"int","default_value":20,"actual_value":20,"input_value":20,"level":"secondary","values":[],"is_member_of_frames":[],"is_mutually_exclusive_with":[],"gridable":false},{"__meta":{"schema_version":3,"schema_name":"ModelParameterSchemaV3","schema_type":"Iced"},"name":"ntrees","label":"ntrees","help":"Number of trees.","required":false,"type":"int","default_value":50,"actual_value":50,"input_value":50,"level":"critical","values":[],"is_member_of_frames":[],"is_mutually_exclusive_with":[],"gridable":true},{"__meta":{"schema_version":3,"schema_name":"ModelParameterSchemaV3","schema_type":"Iced"},"name":"max_depth","label":"max_depth","help":"Maximum tree depth (0 for unlimited).","required":false,"type":"int","default_value":20,"actual_value":20,"input_value":20,"level":"critical","values":[],"is_member_of_frames":[],"is_mutually_exclusive_with":[],"gridable":true},{"__meta":{"schema_version":3,"schema_name":"ModelParameterSchemaV3","schema_type":"Iced"},"name":"min_rows","label":"min_rows","help":"Fewest allowed (weighted) observations in a leaf.","required":false,"type":"double","default_value":1.0,"actual_value":1.0,"input_value":1.0,"level":"critical","values":[],"is_member_of_frames":[],"is_mutually_exclusive_with":[],"gridable":true},{"__meta":{"schema_version":3,"schema_name":"ModelParameterSchemaV3","schema_type":"Iced"},"name":"nbins","label":"nbins","help":"For numerical columns (real/int), build a histogram of (at least) this many bins, then split at the best point","required":false,"type":"int","default_value":20,"actual_value":13,"input_value":13,"level":"critical","values":[],"is_member_of_frames":[],"is_mutually_exclusive_with":[],"gridable":true},{"__meta":{"schema_version":3,"schema_name":"ModelParameterSchemaV3","schema_type":"Iced"},"name":"nbins_top_level","label":"nbins_top_level","help":"For numerical columns (real/int), build a histogram of (at most) this many bins at the root level, then decrease by factor of two per level","required":false,"type":"int","default_value":1024,"actual_value":16,"input_value":16,"level":"secondary","values":[],"is_member_of_frames":[],"is_mutually_exclusive_with":[],"gridable":true},{"__meta":{"schema_version":3,"schema_name":"ModelParameterSchemaV3","schema_type":"Iced"},"name":"nbins_cats","label":"nbins_cats","help":"For categorical columns (factors), build a histogram of this many bins, then split at the best point. Higher values can lead to more overfitting.","required":false,"type":"int","default_value":1024,"actual_value":1024,"input_value":1024,"level":"secondary","values":[],"is_member_of_frames":[],"is_mutually_exclusive_with":[],"gridable":true},{"__meta":{"schema_version":3,"schema_name":"ModelParameterSchemaV3","schema_type":"Iced"},"name":"r2_stopping","label":"r2_stopping","help":"r2_stopping is no longer supported and will be ignored if set - please use stopping_rounds, stopping_metric and stopping_tolerance instead. Previous version of H2O would stop making trees when the R^2 metric equals or exceeds this","required":false,"type":"double","default_value":1.7976931348623157E308,"actual_value":1.7976931348623157E308,"input_value":1.7976931348623157E308,"level":"secondary","values":[],"is_member_of_frames":[],"is_mutually_exclusive_with":[],"gridable":true},{"__meta":{"schema_version":3,"schema_name":"ModelParameterSchemaV3","schema_type":"Iced"},"name":"stopping_rounds","label":"stopping_rounds","help":"Early stopping based on convergence of stopping_metric. Stop if simple moving average of length k of the stopping_metric does not improve for k:=stopping_rounds scoring events (0 to disable)","required":false,"type":"int","default_value":0,"actual_value":0,"input_value":0,"level":"secondary","values":[],"is_member_of_frames":[],"is_mutually_exclusive_with":[],"gridable":true},{"__meta":{"schema_version":3,"schema_name":"ModelParameterSchemaV3","schema_type":"Iced"},"name":"stopping_metric","label":"stopping_metric","help":"Metric to use for early stopping (AUTO: logloss for classification, deviance for regression and anonomaly_score for Isolation Forest). Note that custom and custom_increasing can only be used in GBM and DRF with the Python client.","required":false,"type":"enum","default_value":"AUTO","actual_value":null,"input_value":"AUTO","level":"secondary","values":["AUTO","deviance","logloss","MSE","RMSE","MAE","RMSLE","AUC","AUCPR","lift_top_group","misclassification","mean_per_class_error","anomaly_score","custom","custom_increasing"],"is_member_of_frames":[],"is_mutually_exclusive_with":[],"gridable":true},{"__meta":{"schema_version":3,"schema_name":"ModelParameterSchemaV3","schema_type":"Iced"},"name":"stopping_tolerance","label":"stopping_tolerance","help":"Relative tolerance for metric-based stopping criterion (stop if relative improvement is not at least this much)","required":false,"type":"double","default_value":0.001,"actual_value":0.001,"input_value":0.001,"level":"secondary","values":[],"is_member_of_frames":[],"is_mutually_exclusive_with":[],"gridable":true},{"__meta":{"schema_version":3,"schema_name":"ModelParameterSchemaV3","schema_type":"Iced"},"name":"max_runtime_secs","label":"max_runtime_secs","help":"Maximum allowed runtime in seconds for model training. Use 0 to disable.","required":false,"type":"double","default_value":0.0,"actual_value":0.0,"input_value":0.0,"level":"secondary","values":[],"is_member_of_frames":[],"is_mutually_exclusive_with":[],"gridable":true},{"__meta":{"schema_version":3,"schema_name":"ModelParameterSchemaV3","schema_type":"Iced"},"name":"seed","label":"seed","help":"Seed for pseudo random number generator (if applicable)","required":false,"type":"long","default_value":-1,"actual_value":12,"input_value":12,"level":"critical","values":[],"is_member_of_frames":[],"is_mutually_exclusive_with":[],"gridable":true},{"__meta":{"schema_version":3,"schema_name":"ModelParameterSchemaV3","schema_type":"Iced"},"name":"build_tree_one_node","label":"build_tree_one_node","help":"Run on one node only; no network overhead but fewer cpus used. Suitable for small datasets.","required":false,"type":"boolean","default_value":false,"actual_value":true,"input_value":true,"level":"expert","values":[],"is_member_of_frames":[],"is_mutually_exclusive_with":[],"gridable":false},{"__meta":{"schema_version":3,"schema_name":"ModelParameterSchemaV3","schema_type":"Iced"},"name":"mtries","label":"mtries","help":"Number of variables randomly sampled as candidates at each split. If set to -1, defaults to sqrt{p} for classification and p/3 for regression (where p is the # of predictors","required":false,"type":"int","default_value":-1,"actual_value":4,"input_value":4,"level":"critical","values":[],"is_member_of_frames":[],"is_mutually_exclusive_with":[],"gridable":true},{"__meta":{"schema_version":3,"schema_name":"ModelParameterSchemaV3","schema_type":"Iced"},"name":"sample_rate","label":"sample_rate","help":"Row sample rate per tree (from 0.0 to 1.0)","required":false,"type":"double","default_value":0.632,"actual_value":0.632,"input_value":0.632,"level":"critical","values":[],"is_member_of_frames":[],"is_mutually_exclusive_with":[],"gridable":true},{"__meta":{"schema_version":3,"schema_name":"ModelParameterSchemaV3","schema_type":"Iced"},"name":"sample_rate_per_class","label":"sample_rate_per_class","help":"A list of row sample rates per class (relative fraction for each class, from 0.0 to 1.0), for each tree","required":false,"type":"double[]","default_value":null,"actual_value":null,"input_value":null,"level":"expert","values":[],"is_member_of_frames":[],"is_mutually_exclusive_with":[],"gridable":true},{"__meta":{"schema_version":3,"schema_name":"ModelParameterSchemaV3","schema_type":"Iced"},"name":"binomial_double_trees","label":"binomial_double_trees","help":"For binary classification: Build 2x as many trees (one per class) - can lead to higher accuracy.","required":false,"type":"boolean","default_value":false,"actual_value":false,"input_value":false,"level":"expert","values":[],"is_member_of_frames":[],"is_mutually_exclusive_with":[],"gridable":false},{"__meta":{"schema_version":3,"schema_name":"ModelParameterSchemaV3","schema_type":"Iced"},"name":"checkpoint","label":"checkpoint","help":"Model checkpoint to resume training with.","required":false,"type":"Key<Model>","default_value":null,"actual_value":null,"input_value":null,"level":"secondary","values":[],"is_member_of_frames":[],"is_mutually_exclusive_with":[],"gridable":false},{"__meta":{"schema_version":3,"schema_name":"ModelParameterSchemaV3","schema_type":"Iced"},"name":"col_sample_rate_change_per_level","label":"col_sample_rate_change_per_level","help":"Relative change of the column sampling rate for every level (must be > 0.0 and <= 2.0)","required":false,"type":"double","default_value":1.0,"actual_value":1.0,"input_value":1.0,"level":"expert","values":[],"is_member_of_frames":[],"is_mutually_exclusive_with":[],"gridable":true},{"__meta":{"schema_version":3,"schema_name":"ModelParameterSchemaV3","schema_type":"Iced"},"name":"col_sample_rate_per_tree","label":"col_sample_rate_per_tree","help":"Column sample rate per tree (from 0.0 to 1.0)","required":false,"type":"double","default_value":1.0,"actual_value":1.0,"input_value":1.0,"level":"secondary","values":[],"is_member_of_frames":[],"is_mutually_exclusive_with":[],"gridable":true},{"__meta":{"schema_version":3,"schema_name":"ModelParameterSchemaV3","schema_type":"Iced"},"name":"min_split_improvement","label":"min_split_improvement","help":"Minimum relative improvement in squared error reduction for a split to happen","required":false,"type":"double","default_value":1.0E-5,"actual_value":1.0E-5,"input_value":1.0E-5,"level":"secondary","values":[],"is_member_of_frames":[],"is_mutually_exclusive_with":[],"gridable":true},{"__meta":{"schema_version":3,"schema_name":"ModelParameterSchemaV3","schema_type":"Iced"},"name":"histogram_type","label":"histogram_type","help":"What type of histogram to use for finding optimal split points","required":false,"type":"enum","default_value":"AUTO","actual_value":"UniformAdaptive","input_value":"AUTO","level":"secondary","values":["AUTO","UniformAdaptive","Random","QuantilesGlobal","RoundRobin"],"is_member_of_frames":[],"is_mutually_exclusive_with":[],"gridable":true},{"__meta":{"schema_version":3,"schema_name":"ModelParameterSchemaV3","schema_type":"Iced"},"name":"categorical_encoding","label":"categorical_encoding","help":"Encoding scheme for categorical features","required":false,"type":"enum","default_value":"AUTO","actual_value":"Enum","input_value":"Enum","level":"secondary","values":["AUTO","Enum","OneHotInternal","OneHotExplicit","Binary","Eigen","LabelEncoder","SortByResponse","EnumLimited"],"is_member_of_frames":[],"is_mutually_exclusive_with":[],"gridable":true},{"__meta":{"schema_version":3,"schema_name":"ModelParameterSchemaV3","schema_type":"Iced"},"name":"calibrate_model","label":"calibrate_model","help":"Use Platt Scaling to calculate calibrated class probabilities. Calibration can provide more accurate estimates of class probabilities.","required":false,"type":"boolean","default_value":false,"actual_value":false,"input_value":false,"level":"expert","values":[],"is_member_of_frames":[],"is_mutually_exclusive_with":[],"gridable":false},{"__meta":{"schema_version":3,"schema_name":"ModelParameterSchemaV3","schema_type":"Iced"},"name":"calibration_frame","label":"calibration_frame","help":"Calibration frame for Platt Scaling","required":false,"type":"Key<Frame>","default_value":null,"actual_value":null,"input_value":null,"level":"expert","values":[],"is_member_of_frames":[],"is_mutually_exclusive_with":[],"gridable":false},{"__meta":{"schema_version":3,"schema_name":"ModelParameterSchemaV3","schema_type":"Iced"},"name":"distribution","label":"distribution","help":"Distribution function","required":false,"type":"enum","default_value":"AUTO","actual_value":"gaussian","input_value":"gaussian","level":"secondary","values":["AUTO","bernoulli","quasibinomial","ordinal","multinomial","gaussian","poisson","gamma","tweedie","laplace","quantile","huber","custom"],"is_member_of_frames":[],"is_mutually_exclusive_with":[],"gridable":true},{"__meta":{"schema_version":3,"schema_name":"ModelParameterSchemaV3","schema_type":"Iced"},"name":"custom_metric_func","label":"custom_metric_func","help":"Reference to custom evaluation function, format: `language:keyName=funcName`","required":false,"type":"string","default_value":null,"actual_value":null,"input_value":null,"level":"secondary","values":[],"is_member_of_frames":[],"is_mutually_exclusive_with":[],"gridable":false},{"__meta":{"schema_version":3,"schema_name":"ModelParameterSchemaV3","schema_type":"Iced"},"name":"export_checkpoints_dir","label":"export_checkpoints_dir","help":"Automatically export generated models to this directory.","required":false,"type":"string","default_value":null,"actual_value":null,"input_value":null,"level":"secondary","values":[],"is_member_of_frames":[],"is_mutually_exclusive_with":[],"gridable":false},{"__meta":{"schema_version":3,"schema_name":"ModelParameterSchemaV3","schema_type":"Iced"},"name":"check_constant_response","label":"check_constant_response","help":"Check if response column is constant. If enabled, then an exception is thrown if the response column is a constant value.If disabled, then model will train regardless of the response column being a constant value or not.","required":false,"type":"boolean","default_value":true,"actual_value":true,"input_value":true,"level":"expert","values":[],"is_member_of_frames":[],"is_mutually_exclusive_with":[],"gridable":false},{"__meta":{"schema_version":3,"schema_name":"ModelParameterSchemaV3","schema_type":"Iced"},"name":"gainslift_bins","label":"gainslift_bins","help":"Gains/Lift table number of bins. 0 means disabled.. Default value -1 means automatic binning.","required":false,"type":"int","default_value":-1,"actual_value":-1,"input_value":-1,"level":"secondary","values":[],"is_member_of_frames":[],"is_mutually_exclusive_with":[],"gridable":false},{"__meta":{"schema_version":3,"schema_name":"ModelParameterSchemaV3","schema_type":"Iced"},"name":"auc_type","label":"auc_type","help":"Set default multinomial AUC type.","required":false,"type":"enum","default_value":"AUTO","actual_value":"AUTO","input_value":"AUTO","level":"secondary","values":["AUTO","NONE","MACRO_OVR","WEIGHTED_OVR","MACRO_OVO","WEIGHTED_OVO"],"is_member_of_frames":[],"is_mutually_exclusive_with":[],"gridable":true}],"output":{"__meta":{"schema_version":3,"schema_name":"DRFModelOutputV3","schema_type":"DRFOutput"},"names":["style","flavor","abv","pasteurization","rating"],"original_names":null,"column_types":["Enum","Enum","Numeric","Enum","Numeric"],"domains":[["ale","alt","blonde","dark","keller","lager","mix","pils","soda","wheat"],["fruit","herb","lemon","standard"],null,["pasteurized","unpasteurized"],null],"cross_validation_models":[{"__meta":{"schema_version":3,"schema_name":"ModelKeyV3","schema_type":"Key<Model>"},"name":"regular_all_drf_model_cv_1","type":"Key<Model>","URL":"/3/Models/regular_all_drf_model_cv_1"},{"__meta":{"schema_version":3,"schema_name":"ModelKeyV3","schema_type":"Key<Model>"},"name":"regular_all_drf_model_cv_2","type":"Key<Model>","URL":"/3/Models/regular_all_drf_model_cv_2"},{"__meta":{"schema_version":3,"schema_name":"ModelKeyV3","schema_type":"Key<Model>"},"name":"regular_all_drf_model_cv_3","type":"Key<Model>","URL":"/3/Models/regular_all_drf_model_cv_3"},{"__meta":{"schema_version":3,"schema_name":"ModelKeyV3","schema_type":"Key<Model>"},"name":"regular_all_drf_model_cv_4","type":"Key<Model>","URL":"/3/Models/regular_all_drf_model_cv_4"}],"cross_validation_predictions":null,"cross_validation_holdout_predictions_frame_id":null,"cross_validation_fold_assignment_frame_id":null,"model_category":"Regression","model_summary":{"__meta":{"schema_version":3,"schema_name":"TwoDimTableV3","schema_type":"TwoDimTable"},"name":"Model Summary","description":"","columns":[{"__meta":{"schema_version":-1,"schema_name":"ColumnSpecsBase","schema_type":"Iced"},"name":"","type":"string","format":"%s","description":""},{"__meta":{"schema_version":-1,"schema_name":"ColumnSpecsBase","schema_type":"Iced"},"name":"number_of_trees","type":"long","format":"%d","description":"Number of Trees"},{"__meta":{"schema_version":-1,"schema_name":"ColumnSpecsBase","schema_type":"Iced"},"name":"number_of_internal_trees","type":"long","format":"%d","description":"Number of Internal Trees"},{"__meta":{"schema_version":-1,"schema_name":"ColumnSpecsBase","schema_type":"Iced"},"name":"model_size_in_bytes","type":"long","format":"%d","description":"Model Size in Bytes"},{"__meta":{"schema_version":-1,"schema_name":"ColumnSpecsBase","schema_type":"Iced"},"name":"min_depth","type":"long","format":"%d","description":"Min. Depth"},{"__meta":{"schema_version":-1,"schema_name":"ColumnSpecsBase","schema_type":"Iced"},"name":"max_depth","type":"long","format":"%d","description":"Max. Depth"},{"__meta":{"schema_version":-1,"schema_name":"ColumnSpecsBase","schema_type":"Iced"},"name":"mean_depth","type":"double","format":"%.5f","description":"Mean Depth"},{"__meta":{"schema_version":-1,"schema_name":"ColumnSpecsBase","schema_type":"Iced"},"name":"min_leaves","type":"long","format":"%d","description":"Min. Leaves"},{"__meta":{"schema_version":-1,"schema_name":"ColumnSpecsBase","schema_type":"Iced"},"name":"max_leaves","type":"long","format":"%d","description":"Max. Leaves"},{"__meta":{"schema_version":-1,"schema_name":"ColumnSpecsBase","schema_type":"Iced"},"name":"mean_leaves","type":"double","format":"%.5f","description":"Mean Leaves"}],"rowcount":1,"data":[[""],[50],[50],[28464],[9],[15],[11.64],[33],[47],[40.54]]},"scoring_history":{"__meta":{"schema_version":3,"schema_name":"TwoDimTableV3","schema_type":"TwoDimTable"},"name":"Scoring History","description":"","columns":[{"__meta":{"schema_version":-1,"schema_name":"ColumnSpecsBase","schema_type":"Iced"},"name":"","type":"string","format":"%s","description":""},{"__meta":{"schema_version":-1,"schema_name":"ColumnSpecsBase","schema_type":"Iced"},"name":"timestamp","type":"string","format":"%s","description":"Timestamp"},{"__meta":{"schema_version":-1,"schema_name":"ColumnSpecsBase","schema_type":"Iced"},"name":"duration","type":"string","format":"%s","description":"Duration"},{"__meta":{"schema_version":-1,"schema_name":"ColumnSpecsBase","schema_type":"Iced"},"name":"number_of_trees","type":"long","format":"%d","description":"Number of Trees"},{"__meta":{"schema_version":-1,"schema_name":"ColumnSpecsBase","schema_type":"Iced"},"name":"training_rmse","type":"double","format":"%.5f","description":"Training RMSE"},{"__meta":{"schema_version":-1,"schema_name":"ColumnSpecsBase","schema_type":"Iced"},"name":"training_mae","type":"double","format":"%.5f","description":"Training MAE"},{"__meta":{"schema_version":-1,"schema_name":"ColumnSpecsBase","schema_type":"Iced"},"name":"training_deviance","type":"double","format":"%.5f","description":"Training Deviance"},{"__meta":{"schema_version":-1,"schema_name":"ColumnSpecsBase","schema_type":"Iced"},"name":"validation_rmse","type":"double","format":"%.5f","description":"Validation RMSE"},{"__meta":{"schema_version":-1,"schema_name":"ColumnSpecsBase","schema_type":"Iced"},"name":"validation_mae","type":"double","format":"%.5f","description":"Validation MAE"},{"__meta":{"schema_version":-1,"schema_name":"ColumnSpecsBase","schema_type":"Iced"},"name":"validation_deviance","type":"double","format":"%.5f","description":"Validation Deviance"}],"rowcount":51,"data":[["","","","","","","","","","","","","","","","","","","","","","","","","","","","","","","","","","","","","","","","","","","","","","","","","","",""],["2021-09-30 20:23:18","2021-09-30 20:23:18","2021-09-30 20:23:18","2021-09-30 20:23:18","2021-09-30 20:23:18","2021-09-30 20:23:18","2021-09-30 20:23:18","2021-09-30 20:23:18","2021-09-30 20:23:18","2021-09-30 20:23:18","2021-09-30 20:23:18","2021-09-30 20:23:18","2021-09-30 20:23:18","2021-09-30 20:23:18","2021-09-30 20:23:18","2021-09-30 20:23:18","2021-09-30 20:23:18","2021-09-30 20:23:18","2021-09-30 20:23:18","2021-09-30 20:23:18","2021-09-30 20:23:18","2021-09-30 20:23:18","2021-09-30 20:23:18","2021-09-30 20:23:18","2021-09-30 20:23:18","2021-09-30 20:23:18","2021-09-30 20:23:18","2021-09-30 20:23:18","2021-09-30 20:23:18","2021-09-30 20:23:18","2021-09-30 20:23:18","2021-09-30 20:23:18","2021-09-30 20:23:18","2021-09-30 20:23:18","2021-09-30 20:23:18","2021-09-30 20:23:18","2021-09-30 20:23:18","2021-09-30 20:23:18","2021-09-30 20:23:18","2021-09-30 20:23:18","2021-09-30 20:23:18","2021-09-30 20:23:18","2021-09-30 20:23:18","2021-09-30 20:23:18","2021-09-30 20:23:18","2021-09-30 20:23:18","2021-09-30 20:23:19","2021-09-30 20:23:19","2021-09-30 20:23:19","2021-09-30 20:23:19","2021-09-30 20:23:19"],[" 2.191 sec"," 2.532 sec"," 2.663 sec"," 2.793 sec"," 2.798 sec"," 2.801 sec"," 2.805 sec"," 2.813 sec"," 2.816 sec"," 2.818 sec"," 2.821 sec"," 2.823 sec"," 2.825 sec"," 2.828 sec"," 2.831 sec"," 2.833 sec"," 2.836 sec"," 2.838 sec"," 2.841 sec"," 2.844 sec"," 2.847 sec"," 2.849 sec"," 2.852 sec"," 2.863 sec"," 2.866 sec"," 2.869 sec"," 2.871 sec"," 2.874 sec"," 2.877 sec"," 2.879 sec"," 2.881 sec"," 2.884 sec"," 2.886 sec"," 2.889 sec"," 2.892 sec"," 2.895 sec"," 2.898 sec"," 2.901 sec"," 2.904 sec"," 2.907 sec"," 2.910 sec"," 2.913 sec"," 2.916 sec"," 2.919 sec"," 2.922 sec"," 2.925 sec"," 2.928 sec"," 2.931 sec"," 2.935 sec"," 2.939 sec"," 2.942 sec"],[0,1,2,3,4,5,6,7,8,9,10,11,12,13,14,15,16,17,18,19,20,21,22,23,24,25,26,27,28,29,30,31,32,33,34,35,36,37,38,39,40,41,42,43,44,45,46,47,48,49,50],["NaN",2.2768011615887245,2.396117340248705,2.454584391823399,2.3587538944820055,2.3612191212257763,2.3072931181554805,2.2694192949592846,2.2852750973916107,2.2955723160923434,2.1736133337782535,2.1751841962506435,2.1442853092349883,2.1386964358692735,2.1419818192230617,2.1221800028379576,2.111654360250455,2.1237160007288782,2.115732342594958,2.09176312532098,2.0881086689705146,2.0716533847270564,2.100641637234451,2.1051264797775575,2.0922020851971856,2.071746399807629,2.0675033592947174,2.0818779602260498,2.095786855551781,2.0964363135645505,2.0793767129688043,2.0791388212452246,2.0727327004546834,2.07389841775171,2.0624147093628102,2.062221300140546,2.0546162776360126,2.0517008432288253,2.0563558664804145,2.056854188440222,2.047793068406502,2.049827147657257,2.0508900676397768,2.051953352691004,2.0397188776950297,2.03450855727416,2.0313572799274113,2.0336176542720006,2.030059092122854,2.0373283591778635,2.040735137484226],["NaN",1.661764705882353,1.6730226015640517,1.7674074024624291,1.6955749360165855,1.7166351061878786,1.6514038270519626,1.6238602461274134,1.6632567979851547,1.6769784635427043,1.635135245763409,1.6522432748036435,1.6370284644461464,1.6369584145189142,1.6500651279544611,1.6264367410501002,1.6291892706254323,1.6311578138151874,1.631055368044914,1.6109675457757011,1.5986491706896002,1.589440678983291,1.6146496284803071,1.6184504678663558,1.6061759974074816,1.5880292467264627,1.5907361856063462,1.608837276961606,1.6226686472796672,1.620434386421568,1.6140899248757121,1.610984841543694,1.6038603544516365,1.6062580877646617,1.5932320146597219,1.58540223437953,1.5724614336090583,1.5727729953367238,1.5723349418953785,1.5777750744069088,1.5752818076164181,1.5797024462013556,1.5838541258589987,1.5812355900119854,1.572750968636914,1.5667016756911345,1.565540027915399,1.5675877561084102,1.5629336205622821,1.5666258777816038,1.5678926203224623],["NaN",5.1838235294117645,5.741378308240528,6.024984536583046,5.563719934734029,5.5753557384422265,5.323601533087641,5.150263936333496,5.222482270758236,5.2696522584095655,4.724594924778613,4.731426287618557,4.59795948740099,4.574022444799933,4.588086113882136,4.503647964445314,4.4590841371647585,4.510169651751861,4.476323345502348,4.375472972452593,4.360197813429814,4.29174774645107,4.412695288083035,4.431557495860652,4.3773095653034515,4.292133145115872,4.274570140694941,4.334215841274977,4.392322543903622,4.395045216832122,4.323807514436949,4.322818238008983,4.2962208475341646,4.3010546471530455,4.2535544333960855,4.252756690753364,4.221448048326864,4.209476350105874,4.228599449608415,4.230649152504085,4.193456451013718,4.201791335272686,4.206150069543488,4.210512561619852,4.160453100025472,4.139225069621784,4.126412398714091,4.135600763766754,4.121139917510665,4.150706843110365,4.164599901362763],["NaN",2.9413458061770212,2.839880286084138,2.6234529926124988,2.631037426439464,2.582150459046588,2.581414784404149,2.5960495563459642,2.6246903866887306,2.626063938197197,2.6031143446325875,2.6530640497299083,2.615091472511121,2.6306675121852052,2.6613857614170877,2.688259081283861,2.669946719993886,2.659225889052487,2.65860336842796,2.654482016815205,2.647894346275743,2.627720656554812,2.6349791675263785,2.656051538950439,2.660983237566925,2.661011150079985,2.678792971173544,2.6844767749258964,2.681649747260137,2.6803903394032944,2.673981498148319,2.664895199557826,2.672493974197008,2.6717872383813646,2.6766952801380994,2.6744140264968155,2.662579320369825,2.6741506745150465,2.658781153528123,2.65709283422591,2.656940097940494,2.6450019123316406,2.647365296951061,2.648131666473879,2.6534619327173363,2.6517601133991877,2.656466033029299,2.6613173398937224,2.6619964646897905,2.6659146656158232,2.6678656408148798],["NaN",2.090909090909091,2.065656568064834,1.9436026919971814,1.9285353494412971,1.9054545402526857,1.8772727239011513,1.8911976896839222,1.9090909090909092,1.904433219922512,1.868434343915997,1.902892563297072,1.8979377108390882,1.9054001550296524,1.9251443008323768,1.941245791887996,1.927241162820296,1.9163695792675866,1.9075477002847074,1.898591176174474,1.9035606066385908,1.8937229442734047,1.9002754826191044,1.914273167159089,1.92521043859347,1.9135757585005326,1.9238927747819807,1.946165358311132,1.9414141425838716,1.946394985123239,1.9375757583464035,1.9347018580282884,1.9339804301659267,1.9309305181406968,1.9320707078923518,1.9304040413398245,1.9251823802588361,1.9333469842321849,1.9238038287398533,1.9212250724353805,1.9151136376641011,1.9080068996370234,1.9069504583036747,1.9065304219176689,1.9034894412542507,1.89620651090988,1.8964866065225114,1.8996561371380865,1.8969065667402862,1.9014842308223725,1.8995151522665317],["NaN",8.651515151515152,8.064920039289326,6.882505604447474,6.922357939325197,6.667500993154505,6.663702289140319,6.739473299004078,6.888999625976238,6.896211807499771,6.776204291231945,7.038748851969262,6.838703409600383,6.920411559666697,7.082974171073611,7.226736888105148,7.128615487606111,7.07148232900699,7.068171870616496,7.046274777595318,7.011344469039046,6.904915848884851,6.9431152132980065,7.054609777560997,7.080831790612155,7.080980340850005,7.1759317824087825,7.206415555116541,7.191245366980357,7.184492371566508,7.150177052439529,7.1016664246263455,7.142224042119318,7.138447047177519,7.164697622713578,7.15249038512291,7.089328637261038,7.151081830009278,7.069117222356336,7.06014232969468,7.059330684044041,6.996035116238037,7.008543015500778,7.012601322981722,7.040860228380021,7.031831699014872,7.056811784638421,7.082609983618999,7.0862251780209435,7.107101004345527,7.11750707744059]]},"cv_scoring_history":[{"__meta":{"schema_version":3,"schema_name":"TwoDimTableV3","schema_type":"TwoDimTable"},"name":"Scoring History","description":"","columns":[{"__meta":{"schema_version":-1,"schema_name":"ColumnSpecsBase","schema_type":"Iced"},"name":"","type":"string","format":"%s","description":""},{"__meta":{"schema_version":-1,"schema_name":"ColumnSpecsBase","schema_type":"Iced"},"name":"timestamp","type":"string","format":"%s","description":"Timestamp"},{"__meta":{"schema_version":-1,"schema_name":"ColumnSpecsBase","schema_type":"Iced"},"name":"duration","type":"string","format":"%s","description":"Duration"},{"__meta":{"schema_version":-1,"schema_name":"ColumnSpecsBase","schema_type":"Iced"},"name":"number_of_trees","type":"long","format":"%d","description":"Number of Trees"},{"__meta":{"schema_version":-1,"schema_name":"ColumnSpecsBase","schema_type":"Iced"},"name":"training_rmse","type":"double","format":"%.5f","description":"Training RMSE"},{"__meta":{"schema_version":-1,"schema_name":"ColumnSpecsBase","schema_type":"Iced"},"name":"training_mae","type":"double","format":"%.5f","description":"Training MAE"},{"__meta":{"schema_version":-1,"schema_name":"ColumnSpecsBase","schema_type":"Iced"},"name":"training_deviance","type":"double","format":"%.5f","description":"Training Deviance"},{"__meta":{"schema_version":-1,"schema_name":"ColumnSpecsBase","schema_type":"Iced"},"name":"validation_rmse","type":"double","format":"%.5f","description":"Validation RMSE"},{"__meta":{"schema_version":-1,"schema_name":"ColumnSpecsBase","schema_type":"Iced"},"name":"validation_mae","type":"double","format":"%.5f","description":"Validation MAE"},{"__meta":{"schema_version":-1,"schema_name":"ColumnSpecsBase","schema_type":"Iced"},"name":"validation_deviance","type":"double","format":"%.5f","description":"Validation Deviance"}],"rowcount":51,"data":[["","","","","","","","","","","","","","","","","","","","","","","","","","","","","","","","","","","","","","","","","","","","","","","","","","",""],["2021-09-30 20:23:16","2021-09-30 20:23:16","2021-09-30 20:23:16","2021-09-30 20:23:16","2021-09-30 20:23:16","2021-09-30 20:23:16","2021-09-30 20:23:16","2021-09-30 20:23:16","2021-09-30 20:23:16","2021-09-30 20:23:16","2021-09-30 20:23:16","2021-09-30 20:23:16","2021-09-30 20:23:16","2021-09-30 20:23:16","2021-09-30 20:23:16","2021-09-30 20:23:16","2021-09-30 20:23:16","2021-09-30 20:23:16","2021-09-30 20:23:16","2021-09-30 20:23:16","2021-09-30 20:23:16","2021-09-30 20:23:16","2021-09-30 20:23:16","2021-09-30 20:23:16","2021-09-30 20:23:16","2021-09-30 20:23:16","2021-09-30 20:23:16","2021-09-30 20:23:16","2021-09-30 20:23:16","2021-09-30 20:23:16","2021-09-30 20:23:16","2021-09-30 20:23:16","2021-09-30 20:23:16","2021-09-30 20:23:16","2021-09-30 20:23:16","2021-09-30 20:23:16","2021-09-30 20:23:16","2021-09-30 20:23:16","2021-09-30 20:23:16","2021-09-30 20:23:16","2021-09-30 20:23:16","2021-09-30 20:23:16","2021-09-30 20:23:16","2021-09-30 20:23:16","2021-09-30 20:23:17","2021-09-30 20:23:17","2021-09-30 20:23:17","2021-09-30 20:23:17","2021-09-30 20:23:17","2021-09-30 20:23:17","2021-09-30 20:23:17"],[" 0.007 sec"," 0.012 sec"," 0.014 sec"," 0.019 sec"," 0.022 sec"," 0.025 sec"," 0.028 sec"," 0.030 sec"," 0.033 sec"," 0.036 sec"," 0.039 sec"," 0.042 sec"," 0.045 sec"," 0.048 sec"," 0.051 sec"," 0.054 sec"," 0.056 sec"," 0.059 sec"," 0.062 sec"," 0.066 sec"," 0.076 sec"," 0.079 sec"," 0.082 sec"," 0.086 sec"," 0.089 sec"," 0.092 sec"," 0.096 sec"," 0.100 sec"," 0.103 sec"," 0.106 sec"," 0.110 sec"," 0.114 sec"," 0.117 sec"," 0.121 sec"," 0.125 sec"," 0.130 sec"," 0.135 sec"," 0.142 sec"," 0.155 sec"," 0.224 sec"," 0.294 sec"," 0.484 sec"," 0.705 sec"," 0.860 sec"," 1.037 sec"," 1.151 sec"," 1.265 sec"," 1.325 sec"," 1.365 sec"," 1.437 sec"," 1.442 sec"],[0,1,2,3,4,5,6,7,8,9,10,11,12,13,14,15,16,17,18,19,20,21,22,23,24,25,26,27,28,29,30,31,32,33,34,35,36,37,38,39,40,41,42,43,44,45,46,47,48,49,50],["NaN",2.4124676163629637,2.5392271301726144,2.494512827393707,2.417352243245575,2.4624298867004035,2.423342856611064,2.4133505186362587,2.4226504522992824,2.4302106946403264,2.3268826553600657,2.27983971087177,2.2892324439969998,2.2491971071288663,2.216701436798972,2.2195801081438526,2.202036009116382,2.2173939643670213,2.1976184501371816,2.190874253030081,2.1714342289183683,2.1476642552789666,2.152890723130246,2.1579394038781494,2.160461213840594,2.1341332636684904,2.1324158265513407,2.158847151208241,2.1557556257852792,2.1564101583074327,2.143970224226184,2.1401095973444635,2.124163463454695,2.1299760404510466,2.1122482571785217,2.109905253072722,2.110058018036004,2.0974413755293475,2.1053038415995586,2.1027042536117597,2.096511850442695,2.1089111622532353,2.1130966130373916,2.1134271140388288,2.105136612444578,2.101406789203806,2.097981221688755,2.102879126814674,2.1083047533368,2.116148330063038,2.1222791275082047],["NaN",1.68,1.802325581395349,1.7455357142857142,1.7208560933180845,1.8129480218374598,1.785816495105474,1.750449338146285,1.7221819615018543,1.730475039182654,1.654043017098458,1.6462445353869326,1.6558431036970878,1.6374511075946745,1.6128622999733166,1.613968428135028,1.6149735643984493,1.6162640716608898,1.5993721894100206,1.6026795905435087,1.582536433395599,1.5638443041392334,1.5635182860484358,1.5743543851091781,1.577852962033326,1.5511818306367466,1.5553361120681743,1.578306619267707,1.576294158931027,1.5765474315142185,1.5718280175774177,1.5650569153805436,1.5546532006971148,1.5610160184391615,1.5494007646723738,1.5436024637286152,1.5433405075697821,1.5443206804500138,1.5502730933499045,1.5510841631244108,1.5481145924923079,1.5607035469232295,1.5653503190040745,1.5627729145702132,1.5615847938750105,1.554113106204467,1.5528483258498176,1.5542156378167165,1.5567960118379218,1.5680600203761468,1.5705030642535869],["NaN",5.82,6.4476744186046515,6.222594246031746,5.843591867924414,6.063560946915362,5.8725906006878725,5.824260725801899,5.869235214025917,5.905924020344217,5.41438289181551,5.197669107267875,5.240585182648476,5.058887626716862,4.9137652599066275,4.9265358564678765,4.848962585445204,4.916835993211294,4.8295268523833474,4.799929992590115,4.7151266105183085,4.612461753402958,4.634938465740273,4.656702470809982,4.667592656509572,4.554524787096323,4.547197257326637,4.660621022279939,4.647282318104882,4.650104770851487,4.596608322368474,4.580069088645881,4.512070419475846,4.536797932895518,4.461592699953703,4.4517001769438656,4.452344839478029,4.399260323782441,4.43230426545386,4.421365178156987,4.395361939046652,4.447506290276291,4.465177296030095,4.4665741663544924,4.431600157054634,4.415910493711849,4.401525206558641,4.422100621992845,4.444948932942545,4.478083754828585,4.504068695056987],["NaN",2.475744402160204,2.1003899473751257,2.1579054639669497,2.073670123532031,2.0733669696742227,2.0788649432731203,2.073536669267711,2.001110955303439,2.045067189826213,2.040851939980456,2.0119021449744903,2.0445951474803565,2.0383864683468125,2.0266243844017655,2.0205879481767886,2.0253931198132515,2.000753879873218,1.979284062501181,1.9662034758905502,1.9452233000807335,1.9360390492375101,1.9460200840737758,1.9628015738941673,1.9435864644896392,1.9353465563495826,1.9336007386906966,1.901694437164101,1.9136042092992929,1.9244527652711636,1.9296986051978677,1.9332782643498463,1.9287868195581122,1.9239964909004044,1.9115731278098056,1.9068953592456748,1.9160428440748345,1.9211674862208736,1.9237204465292568,1.9302295208269153,1.919228050752695,1.9028415345506877,1.8833861491541526,1.8934726534507595,1.8997394229827924,1.9038242101587726,1.9138687653826016,1.9170875018002078,1.9146626075998783,1.918595881024184,1.919996908820514],["NaN",2.0517241379310347,1.7672413793103448,1.8065134136156102,1.7543103530489166,1.7586206962322368,1.7586206951360592,1.7586206943530753,1.7004310385934238,1.738186467196293,1.7333333377180429,1.719958206702923,1.7432950228110125,1.7387267942453883,1.7261904789309201,1.7203065159677087,1.728089082857658,1.7045300901540636,1.684546617712555,1.6784634018982822,1.6528735662328784,1.641488782290755,1.6517763877737113,1.6654172944522154,1.6455938727006147,1.6404597736227098,1.6299734785955209,1.5991911492280733,1.6061165884797797,1.6175188309514144,1.623946364172574,1.6171672267298545,1.6091954060669602,1.606234765227187,1.5960108218280105,1.5898193796279985,1.5949872325663366,1.605001557128849,1.6120689689788543,1.6167108787044184,1.6103448308747388,1.5985421957941592,1.5859332272571887,1.592755950921616,1.5957419050150903,1.597445724750387,1.6053223420476272,1.6089508468756673,1.6066810375657576,1.6087262521404182,1.6106896581320929],["NaN",6.129310344827586,4.411637931034483,4.656555991418416,4.300107781229349,4.29885059093607,4.321679452369954,4.299554318797832,4.004445055435443,4.182299810903683,4.165076640921992,4.047750240952954,4.1803693171002205,4.155019394339392,4.107206395451835,4.082775656317284,4.102217289786857,4.003016087827734,3.917565400071179,3.865956108604082,3.7838936871769793,3.7482472001724823,3.7869941676185057,3.85259001848142,3.7775283449473354,3.7455662931741887,3.7388118166652076,3.6164417323408866,3.6618810698479716,3.703518445759828,3.723736706902596,3.737564847407554,3.7202185953010978,3.70176249699707,3.6541118229645635,3.636249911112691,3.6712201803303803,3.6908845101122303,3.700700356394723,3.7257860030717036,3.6834363107959893,3.620805905611216,3.547143386825708,3.58523868936586,3.609009875234993,3.6245466231866743,3.662893651107124,3.6752244895585617,3.6659329009411654,3.681010154682965,3.6863881298803287]]},{"__meta":{"schema_version":3,"schema_name":"TwoDimTableV3","schema_type":"TwoDimTable"},"name":"Scoring History","description":"","columns":[{"__meta":{"schema_version":-1,"schema_name":"ColumnSpecsBase","schema_type":"Iced"},"name":"","type":"string","format":"%s","description":""},{"__meta":{"schema_version":-1,"schema_name":"ColumnSpecsBase","schema_type":"Iced"},"name":"timestamp","type":"string","format":"%s","description":"Timestamp"},{"__meta":{"schema_version":-1,"schema_name":"ColumnSpecsBase","schema_type":"Iced"},"name":"duration","type":"string","format":"%s","description":"Duration"},{"__meta":{"schema_version":-1,"schema_name":"ColumnSpecsBase","schema_type":"Iced"},"name":"number_of_trees","type":"long","format":"%d","description":"Number of Trees"},{"__meta":{"schema_version":-1,"schema_name":"ColumnSpecsBase","schema_type":"Iced"},"name":"training_rmse","type":"double","format":"%.5f","description":"Training RMSE"},{"__meta":{"schema_version":-1,"schema_name":"ColumnSpecsBase","schema_type":"Iced"},"name":"training_mae","type":"double","format":"%.5f","description":"Training MAE"},{"__meta":{"schema_version":-1,"schema_name":"ColumnSpecsBase","schema_type":"Iced"},"name":"training_deviance","type":"double","format":"%.5f","description":"Training Deviance"},{"__meta":{"schema_version":-1,"schema_name":"ColumnSpecsBase","schema_type":"Iced"},"name":"validation_rmse","type":"double","format":"%.5f","description":"Validation RMSE"},{"__meta":{"schema_version":-1,"schema_name":"ColumnSpecsBase","schema_type":"Iced"},"name":"validation_mae","type":"double","format":"%.5f","description":"Validation MAE"},{"__meta":{"schema_version":-1,"schema_name":"ColumnSpecsBase","schema_type":"Iced"},"name":"validation_deviance","type":"double","format":"%.5f","description":"Validation Deviance"}],"rowcount":51,"data":[["","","","","","","","","","","","","","","","","","","","","","","","","","","","","","","","","","","","","","","","","","","","","","","","","","",""],["2021-09-30 20:23:16","2021-09-30 20:23:16","2021-09-30 20:23:16","2021-09-30 20:23:16","2021-09-30 20:23:16","2021-09-30 20:23:16","2021-09-30 20:23:16","2021-09-30 20:23:16","2021-09-30 20:23:16","2021-09-30 20:23:16","2021-09-30 20:23:16","2021-09-30 20:23:16","2021-09-30 20:23:16","2021-09-30 20:23:16","2021-09-30 20:23:16","2021-09-30 20:23:16","2021-09-30 20:23:16","2021-09-30 20:23:16","2021-09-30 20:23:16","2021-09-30 20:23:16","2021-09-30 20:23:16","2021-09-30 20:23:16","2021-09-30 20:23:16","2021-09-30 20:23:16","2021-09-30 20:23:16","2021-09-30 20:23:16","2021-09-30 20:23:16","2021-09-30 20:23:16","2021-09-30 20:23:16","2021-09-30 20:23:16","2021-09-30 20:23:16","2021-09-30 20:23:16","2021-09-30 20:23:16","2021-09-30 20:23:16","2021-09-30 20:23:16","2021-09-30 20:23:16","2021-09-30 20:23:16","2021-09-30 20:23:16","2021-09-30 20:23:16","2021-09-30 20:23:16","2021-09-30 20:23:16","2021-09-30 20:23:16","2021-09-30 20:23:16","2021-09-30 20:23:16","2021-09-30 20:23:17","2021-09-30 20:23:17","2021-09-30 20:23:17","2021-09-30 20:23:17","2021-09-30 20:23:17","2021-09-30 20:23:17","2021-09-30 20:23:17"],[" 0.007 sec"," 0.011 sec"," 0.014 sec"," 0.017 sec"," 0.019 sec"," 0.022 sec"," 0.025 sec"," 0.028 sec"," 0.031 sec"," 0.034 sec"," 0.038 sec"," 0.041 sec"," 0.044 sec"," 0.048 sec"," 0.051 sec"," 0.054 sec"," 0.057 sec"," 0.059 sec"," 0.062 sec"," 0.066 sec"," 0.076 sec"," 0.079 sec"," 0.083 sec"," 0.088 sec"," 0.092 sec"," 0.096 sec"," 0.100 sec"," 0.103 sec"," 0.106 sec"," 0.110 sec"," 0.114 sec"," 0.118 sec"," 0.121 sec"," 0.126 sec"," 0.130 sec"," 0.147 sec"," 0.162 sec"," 0.176 sec"," 0.204 sec"," 0.218 sec"," 0.273 sec"," 0.390 sec"," 0.559 sec"," 0.791 sec"," 0.953 sec"," 1.271 sec"," 1.529 sec"," 1.601 sec"," 1.606 sec"," 1.610 sec"," 1.614 sec"],[0,1,2,3,4,5,6,7,8,9,10,11,12,13,14,15,16,17,18,19,20,21,22,23,24,25,26,27,28,29,30,31,32,33,34,35,36,37,38,39,40,41,42,43,44,45,46,47,48,49,50],["NaN",2.200378755275252,2.4980043807014725,2.4962739349234244,2.323048542453356,2.289277054477864,2.2594111826309655,2.259559217389731,2.288265262802503,2.30222327436534,2.197328198430853,2.177199032568571,2.1582110749701062,2.1382874788927477,2.1445638798028823,2.1214748205282414,2.0823169841983993,2.063608105152203,2.0659405936002204,2.0301348549761853,2.0418746687080622,2.01947779833127,2.0361755775337147,2.0576613860112305,2.061449664577917,2.0550908764958855,2.034094324530071,2.03705139309922,2.047080870595012,2.0430230635479196,2.029175657671746,2.030838323216851,2.0228758029655327,2.03249134330046,2.0239489382022926,2.023273821941087,2.024589624686774,2.020529103363908,2.017860896491168,2.013170881415474,2.0002460947081637,2.00633222639564,2.011896488407663,2.0055990752156547,1.9848915320764404,1.9736999943930804,1.971067671781879,1.9783903378261785,1.9735906286092064,1.9800599064824576,1.9796787820010946],["NaN",1.5166666666666666,1.7982026174956678,1.8436981694615302,1.7072510843153124,1.671581205139812,1.6335733908194083,1.6769019549500703,1.6885820370311881,1.7034173215082447,1.6500876790529333,1.6593115552583273,1.647114026533277,1.6350832962382544,1.6433900957399734,1.6156178561203944,1.5946215195033195,1.5799162577773076,1.5868883075867282,1.576931276984673,1.5755368234503255,1.5547060382792164,1.5619807272326398,1.5824069640041718,1.5817907083804048,1.5773921748346253,1.5662558875676353,1.5748096427512968,1.5828057950944163,1.5751555557467354,1.5673511832885727,1.5658119502576104,1.553496708338829,1.56318168768471,1.5534574376100825,1.5469456964367863,1.5467591353965098,1.5430827185684184,1.5392250474143576,1.5425506917347949,1.5381874429710742,1.547041053052316,1.5520398737506238,1.5503261584830725,1.5362279756246198,1.5331930527716855,1.5328275884804115,1.5393019341726395,1.5320011494344539,1.5386974138515337,1.5346384987595323],["NaN",4.841666666666667,6.240025886003748,6.231383558178076,5.396554530594662,5.240789432158844,5.1049388921978585,5.105607856890893,5.236157912948608,5.300232005029468,4.828251211619378,4.740195627417521,4.657875044123622,4.5722733423895034,4.599154234555191,4.500655414135334,4.336044022681116,4.258478411649865,4.268110536285231,4.121447529389177,4.169252162711659,4.078290577952914,4.146010982544757,4.233970379481658,4.249574719588406,4.223398510656628,4.137539721085446,4.1495783781274715,4.190540090756032,4.173943238188726,4.117553849687562,4.124304295046231,4.092026514223449,4.1310210605913085,4.096369304450188,4.093636958552093,4.098963148389332,4.082537857540558,4.07176259758814,4.052856997779157,4.00098443939526,4.025369002673686,4.047727480067086,4.02242765050589,3.939794394108759,3.8954916678672458,3.8851077667436367,3.9140283288039805,3.895059969334082,3.9206372332593182,3.9191280799053376],["NaN",2.309401076758503,2.066599461272874,2.2203696056337905,2.1547482088432854,2.1585317423944708,2.199986558015553,2.1774930132247583,2.152337770862073,2.209586053598101,2.2455079149234622,2.2734191305000553,2.3253542836761754,2.337149980622374,2.3537990615328455,2.355431099416039,2.3889068247863534,2.4279895727759295,2.4762480665462467,2.482727614214042,2.4966799832831077,2.508997634668781,2.5187533256124124,2.529789445779797,2.5145669444189394,2.5228823982671873,2.5131267057752624,2.521009470192483,2.512030624300333,2.5255040527950685,2.5330829355679803,2.543125817130471,2.5551527924160964,2.5577856218522506,2.559902750877907,2.5504492367979545,2.557063500840501,2.5469260638831552,2.56460504005935,2.5562133382814998,2.54210326411246,2.5382680865112057,2.530418153457522,2.550268988499414,2.54431039985773,2.555829239454835,2.535385806316047,2.5454319146004574,2.533208571308141,2.5217068564366496,2.534117525087025],["NaN",1.6666666666666667,1.375,1.6481481525633068,1.5902777810891469,1.6222222248713172,1.658796297179328,1.6123015880584717,1.6138888895511627,1.631327161082515,1.6681944449742634,1.6907828287644822,1.7304398152563305,1.7415598294673822,1.7481150797435216,1.7426851855383978,1.7613715281089146,1.7868464039821248,1.8357253074645994,1.8509502912822524,1.8514583309491472,1.8704365056658545,1.872537876620437,1.8684178728988208,1.8490162044763565,1.8500555562973027,1.8430021374653547,1.843415638546885,1.8460317466940197,1.8527777784172141,1.8604629635810852,1.8743727604548137,1.8822048616906006,1.881986532548461,1.8793300659048793,1.8756349211647398,1.8790895066879412,1.8654654659666459,1.8799707607219094,1.8680911685666466,1.8568055560191474,1.8589430902062396,1.8553571436140273,1.874224806940833,1.8695075764800562,1.8751851858916104,1.8570652180823723,1.8609929084777832,1.8526041673289404,1.849943311846986,1.8604444456100462],["NaN",5.333333333333333,4.270833333333333,4.930041185622354,4.642939843513347,4.65925928292451,4.839940855449119,4.741475822642637,4.632557879879518,4.88227052825523,5.042305795983916,5.168434542923628,5.407272544611139,5.462270031923164,5.540370022072904,5.54805566409625,5.7068758175108165,5.895133365508641,6.131804487074025,6.163936406380948,6.233410938926538,6.295069130773538,6.344118315283588,6.399834639978852,6.323046917964401,6.364935595486394,6.315805839280823,6.355488748800183,6.3102978574227215,6.378170720684317,6.416509158465696,6.467488921755526,6.5288057925917755,6.542267287354103,6.553102093952276,6.504791309483269,6.538573747330678,6.486832374887343,6.577199011497819,6.5342266308082495,6.462289005411223,6.442804879001257,6.403016031347374,6.503871913701825,6.473515410824201,6.532263101252281,6.428181186868873,6.47922363186655,6.417145665749033,6.359005469799609,6.421751630953189]]},{"__meta":{"schema_version":3,"schema_name":"TwoDimTableV3","schema_type":"TwoDimTable"},"name":"Scoring History","description":"","columns":[{"__meta":{"schema_version":-1,"schema_name":"ColumnSpecsBase","schema_type":"Iced"},"name":"","type":"string","format":"%s","description":""},{"__meta":{"schema_version":-1,"schema_name":"ColumnSpecsBase","schema_type":"Iced"},"name":"timestamp","type":"string","format":"%s","description":"Timestamp"},{"__meta":{"schema_version":-1,"schema_name":"ColumnSpecsBase","schema_type":"Iced"},"name":"duration","type":"string","format":"%s","description":"Duration"},{"__meta":{"schema_version":-1,"schema_name":"ColumnSpecsBase","schema_type":"Iced"},"name":"number_of_trees","type":"long","format":"%d","description":"Number of Trees"},{"__meta":{"schema_version":-1,"schema_name":"ColumnSpecsBase","schema_type":"Iced"},"name":"training_rmse","type":"double","format":"%.5f","description":"Training RMSE"},{"__meta":{"schema_version":-1,"schema_name":"ColumnSpecsBase","schema_type":"Iced"},"name":"training_mae","type":"double","format":"%.5f","description":"Training MAE"},{"__meta":{"schema_version":-1,"schema_name":"ColumnSpecsBase","schema_type":"Iced"},"name":"training_deviance","type":"double","format":"%.5f","description":"Training Deviance"},{"__meta":{"schema_version":-1,"schema_name":"ColumnSpecsBase","schema_type":"Iced"},"name":"validation_rmse","type":"double","format":"%.5f","description":"Validation RMSE"},{"__meta":{"schema_version":-1,"schema_name":"ColumnSpecsBase","schema_type":"Iced"},"name":"validation_mae","type":"double","format":"%.5f","description":"Validation MAE"},{"__meta":{"schema_version":-1,"schema_name":"ColumnSpecsBase","schema_type":"Iced"},"name":"validation_deviance","type":"double","format":"%.5f","description":"Validation Deviance"}],"rowcount":51,"data":[["","","","","","","","","","","","","","","","","","","","","","","","","","","","","","","","","","","","","","","","","","","","","","","","","","",""],["2021-09-30 20:23:16","2021-09-30 20:23:16","2021-09-30 20:23:16","2021-09-30 20:23:16","2021-09-30 20:23:16","2021-09-30 20:23:16","2021-09-30 20:23:16","2021-09-30 20:23:16","2021-09-30 20:23:16","2021-09-30 20:23:16","2021-09-30 20:23:16","2021-09-30 20:23:16","2021-09-30 20:23:16","2021-09-30 20:23:16","2021-09-30 20:23:16","2021-09-30 20:23:16","2021-09-30 20:23:16","2021-09-30 20:23:16","2021-09-30 20:23:16","2021-09-30 20:23:16","2021-09-30 20:23:16","2021-09-30 20:23:16","2021-09-30 20:23:16","2021-09-30 20:23:16","2021-09-30 20:23:16","2021-09-30 20:23:16","2021-09-30 20:23:16","2021-09-30 20:23:16","2021-09-30 20:23:16","2021-09-30 20:23:16","2021-09-30 20:23:16","2021-09-30 20:23:16","2021-09-30 20:23:16","2021-09-30 20:23:16","2021-09-30 20:23:16","2021-09-30 20:23:16","2021-09-30 20:23:16","2021-09-30 20:23:16","2021-09-30 20:23:16","2021-09-30 20:23:16","2021-09-30 20:23:16","2021-09-30 20:23:17","2021-09-30 20:23:17","2021-09-30 20:23:17","2021-09-30 20:23:17","2021-09-30 20:23:17","2021-09-30 20:23:17","2021-09-30 20:23:17","2021-09-30 20:23:17","2021-09-30 20:23:17","2021-09-30 20:23:17"],[" 0.007 sec"," 0.011 sec"," 0.014 sec"," 0.019 sec"," 0.022 sec"," 0.027 sec"," 0.030 sec"," 0.033 sec"," 0.037 sec"," 0.041 sec"," 0.044 sec"," 0.047 sec"," 0.050 sec"," 0.052 sec"," 0.055 sec"," 0.059 sec"," 0.062 sec"," 0.066 sec"," 0.076 sec"," 0.079 sec"," 0.083 sec"," 0.086 sec"," 0.089 sec"," 0.092 sec"," 0.096 sec"," 0.099 sec"," 0.103 sec"," 0.106 sec"," 0.111 sec"," 0.115 sec"," 0.118 sec"," 0.124 sec"," 0.130 sec"," 0.135 sec"," 0.141 sec"," 0.149 sec"," 0.219 sec"," 0.304 sec"," 0.484 sec"," 0.736 sec"," 0.895 sec"," 1.044 sec"," 1.193 sec"," 1.305 sec"," 1.334 sec"," 1.434 sec"," 1.443 sec"," 1.454 sec"," 1.459 sec"," 1.463 sec"," 1.495 sec"],[0,1,2,3,4,5,6,7,8,9,10,11,12,13,14,15,16,17,18,19,20,21,22,23,24,25,26,27,28,29,30,31,32,33,34,35,36,37,38,39,40,41,42,43,44,45,46,47,48,49,50],["NaN",2.7294688127912363,2.7531413392781987,2.5305338754727735,2.4539530398696554,2.4516359417437315,2.3666053823735864,2.384224814371637,2.384549318099848,2.381566117005713,2.216643381981613,2.228137444474975,2.250084274875045,2.212498427008688,2.203330542658626,2.2054177111978244,2.2120138802807077,2.200460756629344,2.194517176339398,2.1955765327102257,2.20944259957708,2.1943648958899558,2.18754044041067,2.178183809057469,2.1696360499164764,2.1519754507636835,2.1529589135635465,2.1555874046659262,2.1431867788237127,2.1340354821794056,2.117694036361029,2.1094322420392464,2.106623922732102,2.1024168703890154,2.0913915567073538,2.09368676160898,2.084126769334504,2.094774429195899,2.0854877834308865,2.1018612825446863,2.0923417311421195,2.101666292236025,2.0917496764354797,2.0945552737726425,2.0980427360164384,2.104554119045148,2.0964423116686017,2.1044501433774787,2.1097553337009964,2.122245637012706,2.1188487955953024],["NaN",2.1,2.095744680851064,1.922316384180791,1.8914141414141417,1.9031862745098043,1.819733796296296,1.8451576576576576,1.8387387387387386,1.8111486486486483,1.726126126126126,1.7335585585585584,1.7402187902187904,1.7137829794079795,1.7067808880308886,1.7081644144144146,1.7287805662805669,1.7111835049335051,1.6942111754611755,1.6855963105963105,1.7121916559416561,1.6930458055458053,1.6858153483153482,1.6880938318438319,1.6789774977274978,1.658637514887515,1.6581738831738835,1.669089150339151,1.6579214985464992,1.6544642713760365,1.6385324322824322,1.6280286189825666,1.6249591751429984,1.622491406866407,1.610483085299262,1.6096289210259802,1.597106186860444,1.601439957003037,1.590963158315132,1.6168510665559817,1.6101167562709755,1.61728045307283,1.6102674842758053,1.6153504482878809,1.6138668784509833,1.617871365504164,1.6155358786054372,1.6227746640836394,1.6303168237912993,1.6375454412327648,1.6326465088899471],["NaN",7.45,7.579787234042553,6.403601694915254,6.021885521885522,6.010518790849673,5.60082103587963,5.684527965465466,5.68607545045045,5.67185716966967,4.913507882882882,4.964596471471472,5.062879244039958,4.895149289515919,4.854665480212355,4.863867280865049,4.893005406554513,4.842027541465785,4.815905637248644,4.8205563109878575,4.881636600825926,4.8152372963141366,4.785333178432109,4.744484706040103,4.70732058909717,4.630998340689559,4.635232083492727,4.646557059154383,4.593249568924761,4.5541074392006875,4.484628031639067,4.449704383754722,4.43786435182719,4.420156696896342,4.3739186434668085,4.383524255736696,4.343584390656678,4.388079909213005,4.349259294839473,4.4178208510603945,4.377893919878802,4.417001203921121,4.3754167088679345,4.387161794888789,4.401783322151342,4.4291480399899,4.39507036615439,4.428710405961491,4.451067568079804,4.503926543819466,4.489520218595664],["NaN",1.9790570145063195,1.9525624189766635,1.880701208867862,1.919014639730505,2.0545173804732504,2.018469407744393,2.0309834335816217,2.02802227526187,2.008197577502788,1.9579033215832355,1.9725758390417718,2.0004611013602727,2.0264446839722052,2.0471366576020174,2.0345112708243005,2.0526268976581163,2.048178009920757,2.053826537588327,2.0357492875077177,2.0303683984275693,2.0476882601813085,2.0437282277422613,2.0317075426232885,2.0287645049799807,2.035253874417964,2.0088618848704374,2.009463706387484,2.007067590416426,2.0149329187501555,2.021156904221313,2.0239458679810376,2.026274706097451,2.0309283580197093,2.025348260240573,2.016093835549699,2.012044174281286,1.9961385293831557,1.9988283228250054,1.982511922511842,1.9864392150801728,1.9813328289062004,1.9907021509645475,1.9886589450369565,1.9840646855585924,1.971388060421809,1.9683925558932036,1.9624578118257767,1.9693756813679368,1.976126077609372,1.9824322182611944],["NaN",1.5,1.5,1.4444444444444444,1.421875,1.5374999999999999,1.5381944444444444,1.5059523809523807,1.4947916666666667,1.5092592592592595,1.4541666666666666,1.4545454545454548,1.4774305555555554,1.501602564102564,1.5252976190476193,1.5152777777777777,1.5247395833333333,1.525735294117647,1.5335648148148149,1.5285087719298245,1.504166666666667,1.5218253968253965,1.5037878787878787,1.48731884057971,1.4791666666666667,1.4874999999999998,1.470352564102564,1.466820987654321,1.4680059523809523,1.4727011494252873,1.4736111111111112,1.473790322580645,1.470703125,1.4728535353535355,1.4724264705882348,1.4744047619047616,1.4675925925925928,1.4572072072072073,1.457236842105263,1.4465811965811965,1.4484375,1.4496951219512193,1.4618055555555556,1.4685077519379846,1.4644886363636365,1.4532407407407408,1.4578804347826086,1.449468085106383,1.4544270833333333,1.4591836734693875,1.4645833333333333],["NaN",3.9166666666666665,3.8125,3.5370370370370376,3.6826171875,4.221041666666667,4.074218750000001,4.124893707482994,4.112874348958333,4.032857510288065,3.8333854166666668,3.89105544077135,4.0018446180555545,4.106478057199211,4.190768494897959,4.139236111111111,4.213277180989583,4.195033160322953,4.218203446502057,4.1442751615881805,4.122395833333333,4.193027210884353,4.1768250688705235,4.127835538752362,4.115885416666667,4.142258333333333,4.035526072485207,4.0379443872885235,4.028320312499999,4.05995466706302,4.085075231481481,4.0963568765175165,4.1057891845703125,4.124669995408632,4.102035575259515,4.064634353741496,4.04832175925926,3.984569028487948,3.9953146641274238,3.9303535229016,3.9459407552083334,3.925679778901447,3.9628950538548757,3.9547643996755006,3.936512676480716,3.886370884773662,3.8745692540957783,3.851240663196016,3.8784405743634256,3.905074274607802,3.9300374999999996]]},{"__meta":{"schema_version":3,"schema_name":"TwoDimTableV3","schema_type":"TwoDimTable"},"name":"Scoring History","description":"","columns":[{"__meta":{"schema_version":-1,"schema_name":"ColumnSpecsBase","schema_type":"Iced"},"name":"","type":"string","format":"%s","description":""},{"__meta":{"schema_version":-1,"schema_name":"ColumnSpecsBase","schema_type":"Iced"},"name":"timestamp","type":"string","format":"%s","description":"Timestamp"},{"__meta":{"schema_version":-1,"schema_name":"ColumnSpecsBase","schema_type":"Iced"},"name":"duration","type":"string","format":"%s","description":"Duration"},{"__meta":{"schema_version":-1,"schema_name":"ColumnSpecsBase","schema_type":"Iced"},"name":"number_of_trees","type":"long","format":"%d","description":"Number of Trees"},{"__meta":{"schema_version":-1,"schema_name":"ColumnSpecsBase","schema_type":"Iced"},"name":"training_rmse","type":"double","format":"%.5f","description":"Training RMSE"},{"__meta":{"schema_version":-1,"schema_name":"ColumnSpecsBase","schema_type":"Iced"},"name":"training_mae","type":"double","format":"%.5f","description":"Training MAE"},{"__meta":{"schema_version":-1,"schema_name":"ColumnSpecsBase","schema_type":"Iced"},"name":"training_deviance","type":"double","format":"%.5f","description":"Training Deviance"},{"__meta":{"schema_version":-1,"schema_name":"ColumnSpecsBase","schema_type":"Iced"},"name":"validation_rmse","type":"double","format":"%.5f","description":"Validation RMSE"},{"__meta":{"schema_version":-1,"schema_name":"ColumnSpecsBase","schema_type":"Iced"},"name":"validation_mae","type":"double","format":"%.5f","description":"Validation MAE"},{"__meta":{"schema_version":-1,"schema_name":"ColumnSpecsBase","schema_type":"Iced"},"name":"validation_deviance","type":"double","format":"%.5f","description":"Validation Deviance"}],"rowcount":51,"data":[["","","","","","","","","","","","","","","","","","","","","","","","","","","","","","","","","","","","","","","","","","","","","","","","","","",""],["2021-09-30 20:23:16","2021-09-30 20:23:16","2021-09-30 20:23:16","2021-09-30 20:23:16","2021-09-30 20:23:16","2021-09-30 20:23:16","2021-09-30 20:23:16","2021-09-30 20:23:16","2021-09-30 20:23:16","2021-09-30 20:23:16","2021-09-30 20:23:16","2021-09-30 20:23:16","2021-09-30 20:23:16","2021-09-30 20:23:16","2021-09-30 20:23:16","2021-09-30 20:23:16","2021-09-30 20:23:16","2021-09-30 20:23:16","2021-09-30 20:23:16","2021-09-30 20:23:16","2021-09-30 20:23:16","2021-09-30 20:23:16","2021-09-30 20:23:16","2021-09-30 20:23:16","2021-09-30 20:23:16","2021-09-30 20:23:16","2021-09-30 20:23:16","2021-09-30 20:23:16","2021-09-30 20:23:16","2021-09-30 20:23:16","2021-09-30 20:23:16","2021-09-30 20:23:16","2021-09-30 20:23:16","2021-09-30 20:23:16","2021-09-30 20:23:16","2021-09-30 20:23:16","2021-09-30 20:23:16","2021-09-30 20:23:16","2021-09-30 20:23:16","2021-09-30 20:23:16","2021-09-30 20:23:16","2021-09-30 20:23:16","2021-09-30 20:23:16","2021-09-30 20:23:17","2021-09-30 20:23:17","2021-09-30 20:23:17","2021-09-30 20:23:17","2021-09-30 20:23:17","2021-09-30 20:23:17","2021-09-30 20:23:17","2021-09-30 20:23:17"],[" 0.008 sec"," 0.011 sec"," 0.016 sec"," 0.018 sec"," 0.021 sec"," 0.024 sec"," 0.027 sec"," 0.030 sec"," 0.033 sec"," 0.037 sec"," 0.039 sec"," 0.041 sec"," 0.044 sec"," 0.047 sec"," 0.049 sec"," 0.052 sec"," 0.056 sec"," 0.058 sec"," 0.062 sec"," 0.064 sec"," 0.076 sec"," 0.079 sec"," 0.082 sec"," 0.086 sec"," 0.089 sec"," 0.092 sec"," 0.096 sec"," 0.099 sec"," 0.103 sec"," 0.106 sec"," 0.110 sec"," 0.114 sec"," 0.118 sec"," 0.121 sec"," 0.125 sec"," 0.129 sec"," 0.134 sec"," 0.155 sec"," 0.221 sec"," 0.340 sec"," 0.484 sec"," 0.753 sec"," 0.892 sec"," 1.017 sec"," 1.041 sec"," 1.199 sec"," 1.491 sec"," 1.495 sec"," 1.501 sec"," 1.507 sec"," 1.511 sec"],[0,1,2,3,4,5,6,7,8,9,10,11,12,13,14,15,16,17,18,19,20,21,22,23,24,25,26,27,28,29,30,31,32,33,34,35,36,37,38,39,40,41,42,43,44,45,46,47,48,49,50],["NaN",2.3257452373574603,2.1798477265880547,2.0864705061722333,2.0489445696921567,2.097228789361853,2.0467523634310893,1.9679915963590746,2.013822640250554,2.0441704583879727,1.972167744814679,1.9635081912500953,2.007553775422372,1.9732172639746488,1.972425664474457,1.9611818010782942,1.9648857753763866,1.9211339651789188,1.9073106342563833,1.9203567519477132,1.9229452819594288,1.92065006399431,1.9067215756920362,1.8962302449304271,1.893557153230295,1.855953772517192,1.8579588774926463,1.8513249306691986,1.8452782155953704,1.8344266998976715,1.8330744082855577,1.835472941077507,1.8430086358338647,1.8479299688078548,1.8321515452739565,1.8313630332081292,1.827625798558068,1.818455867633511,1.817038348537764,1.8128930062305568,1.8080135817602663,1.8147795452251319,1.8106290837463128,1.8018275672403559,1.7916406718313196,1.7793621034300182,1.7688131532943974,1.7772190129603214,1.7828413074496594,1.7942012229169524,1.7871754964353173],["NaN",1.9090909090909092,1.6736111111111112,1.5852713178294575,1.5509259200390475,1.6527777739933558,1.6272453668382427,1.549305552244186,1.593125759865338,1.6230402905949741,1.5885347960894798,1.5600732576279412,1.5906776517651458,1.56473748147706,1.5576587268983055,1.5559188001583784,1.5498248945302477,1.5132203879257413,1.5040605950768178,1.5211591909254134,1.5196145496692337,1.5176336246113853,1.5058570251424783,1.4985282001213456,1.490244755244755,1.4627136713011648,1.4594094793057095,1.4630252969345363,1.4578054713191315,1.4430048445954284,1.4461724213774263,1.4467777575086829,1.454480952676677,1.4643981935554562,1.4508784267322015,1.447948002014105,1.448569387762431,1.4426789600578112,1.4460448380552475,1.43732011276348,1.439497255855593,1.4474474623699694,1.4422605234834935,1.4372190993565628,1.4341720597954408,1.4220006120235993,1.4155908727566768,1.4256451020512826,1.4322982948138352,1.4439330857402983,1.437084131837817],["NaN",5.409090909090909,4.751736111111111,4.3533591731266155,4.198173849670978,4.3983685949281845,4.1891952372107495,3.872990923339939,4.0554816263857125,4.178632862946095,3.8894456136874167,3.855364417106221,4.030272161212619,3.8935863708475993,3.890463001877504,3.8462340568807023,3.8607761102764644,3.690755712164075,3.637833855547487,3.6877700547511707,3.6977185574100275,3.688896668321347,3.635587167209521,3.595689141788908,3.5855586925496192,3.4445644057207967,3.4520111904537347,3.427403998917313,3.4050516929508343,3.365121317297462,3.3601617863114472,3.3689609174277138,3.3966808317582027,3.4148451696181987,3.3567792848497464,3.3538905594012793,3.3402160595550154,3.3067817425307453,3.3016283600568443,3.286581052039666,3.268913111829587,3.2934247977675364,3.2783776789080123,3.246582582067299,3.209976296960182,3.166129495122899,3.128699971267269,3.1585074200276586,3.1785231275488113,3.219158028316688,3.193996255058823],["NaN",2.608261931445978,2.633014460939239,2.6646930828125823,2.552206371467713,2.6017703110534915,2.5854933762278995,2.590628642490065,2.5799798512289653,2.639487891345515,2.6244584176492602,2.577025966426128,2.599204868628994,2.5802304555461935,2.564455883977241,2.5625957042817262,2.5626145188818334,2.559526883461139,2.562011498137827,2.559589490899907,2.5573547134097976,2.556389514434636,2.5565485520573796,2.569787897181281,2.5810750903765283,2.570327573684155,2.5725418369005864,2.5841550071341883,2.5814450411380987,2.5681063818175276,2.54485099713861,2.539175850302766,2.5396867344577028,2.5234485436827914,2.525226319384247,2.52204548390334,2.5182752196506675,2.5097011242259306,2.511349445226572,2.4981245604697095,2.498401740455516,2.5035074550071004,2.5007240678136853,2.501472743710207,2.502164657915597,2.497342811613927,2.4910931599187203,2.4882020534593203,2.499731384868145,2.506423760859099,2.5087291371916494],["NaN",2.0303030303030303,1.9545454545454546,2.0353535353535355,1.9936868674827344,2.0222222212589145,2.01599326519051,2.0158730151849396,1.9797979791959126,2.024130190261687,2.0126262621446096,1.9825528002967523,2.025252524048391,2.0023310012194937,2.0043290032968892,2.016161615198309,2.0274621203090204,2.024955435870166,2.0218855210827655,2.0143540662251405,2.016666665944186,2.0165945159064402,2.017217630197194,2.0316205527314395,2.0389309754275313,2.0264646455013393,2.02719502626877,2.036288813174641,2.033369406993255,2.017589688674783,1.9925084162240083,1.9842782649826098,1.9935290388988727,1.9776553398321484,1.974747473330846,1.9678932165170646,1.9641554419841831,1.9581627068609413,1.9601940447063533,1.9491711981831914,1.9460858576225513,1.9503572299052236,1.9482924473750125,1.9509043918687583,1.9527089063786274,1.9509539832169764,1.9421387780482273,1.9382119052722178,1.9486531976497534,1.9534116667144152,1.9516161606528544],["NaN",6.803030303030303,6.932765151515151,7.100589225589224,6.513757362560391,6.769208751479383,6.684775998518344,6.711356763289915,6.656296032747435,6.966896328559594,6.887781985970058,6.6410628316345175,6.755865949104665,6.657589203728116,6.576433980865493,6.566896743603158,6.56699317238397,6.55117786716029,6.5639029165904335,6.551498361925244,6.540063130199307,6.535127349511355,6.535940499026684,6.603809836499391,6.661948622162204,6.606583836041076,6.617971502603842,6.677857100896698,6.663858500416481,6.595170388331913,6.476266597637378,6.447413998760775,6.4500087091804295,6.3677925526148,6.376767964110911,6.360713422877232,6.341710081906617,6.2985997329409,6.306876036039811,6.2406263196219784,6.24201125671115,6.267549577276129,6.253620863342626,6.2573658875250695,6.260827975321878,6.236721118719754,6.205545131393835,6.191149458839178,6.248656996494814,6.282160068999071,6.2937218837943565]]}],"reproducibility_information_table":[{"__meta":{"schema_version":3,"schema_name":"TwoDimTableV3","schema_type":"TwoDimTable"},"name":"Node Information","description":"","columns":[{"__meta":{"schema_version":-1,"schema_name":"ColumnSpecsBase","schema_type":"Iced"},"name":"","type":"string","format":"%s","description":""},{"__meta":{"schema_version":-1,"schema_name":"ColumnSpecsBase","schema_type":"Iced"},"name":"node","type":"int","format":"%d","description":"node"},{"__meta":{"schema_version":-1,"schema_name":"ColumnSpecsBase","schema_type":"Iced"},"name":"h2o","type":"string","format":"%s","description":"h2o"},{"__meta":{"schema_version":-1,"schema_name":"ColumnSpecsBase","schema_type":"Iced"},"name":"healthy","type":"string","format":"%s","description":"healthy"},{"__meta":{"schema_version":-1,"schema_name":"ColumnSpecsBase","schema_type":"Iced"},"name":"last_ping","type":"string","format":"%s","description":"last_ping"},{"__meta":{"schema_version":-1,"schema_name":"ColumnSpecsBase","schema_type":"Iced"},"name":"num_cpus","type":"int","format":"%d","description":"num_cpus"},{"__meta":{"schema_version":-1,"schema_name":"ColumnSpecsBase","schema_type":"Iced"},"name":"sys_load","type":"double","format":"%.5f","description":"sys_load"},{"__meta":{"schema_version":-1,"schema_name":"ColumnSpecsBase","schema_type":"Iced"},"name":"mem_value_size","type":"long","format":"%d","description":"mem_value_size"},{"__meta":{"schema_version":-1,"schema_name":"ColumnSpecsBase","schema_type":"Iced"},"name":"free_mem","type":"long","format":"%d","description":"free_mem"},{"__meta":{"schema_version":-1,"schema_name":"ColumnSpecsBase","schema_type":"Iced"},"name":"pojo_mem","type":"long","format":"%d","description":"pojo_mem"},{"__meta":{"schema_version":-1,"schema_name":"ColumnSpecsBase","schema_type":"Iced"},"name":"swap_mem","type":"long","format":"%d","description":"swap_mem"},{"__meta":{"schema_version":-1,"schema_name":"ColumnSpecsBase","schema_type":"Iced"},"name":"free_disc","type":"long","format":"%d","description":"free_disc"},{"__meta":{"schema_version":-1,"schema_name":"ColumnSpecsBase","schema_type":"Iced"},"name":"max_disc","type":"long","format":"%d","description":"max_disc"},{"__meta":{"schema_version":-1,"schema_name":"ColumnSpecsBase","schema_type":"Iced"},"name":"pid","type":"int","format":"%d","description":"pid"},{"__meta":{"schema_version":-1,"schema_name":"ColumnSpecsBase","schema_type":"Iced"},"name":"num_keys","type":"int","format":"%d","description":"num_keys"},{"__meta":{"schema_version":-1,"schema_name":"ColumnSpecsBase","schema_type":"Iced"},"name":"tcps_active","type":"string","format":"%s","description":"tcps_active"},{"__meta":{"schema_version":-1,"schema_name":"ColumnSpecsBase","schema_type":"Iced"},"name":"open_fds","type":"int","format":"%d","description":"open_fds"},{"__meta":{"schema_version":-1,"schema_name":"ColumnSpecsBase","schema_type":"Iced"},"name":"rpcs_active","type":"string","format":"%s","description":"rpcs_active"},{"__meta":{"schema_version":-1,"schema_name":"ColumnSpecsBase","schema_type":"Iced"},"name":"nthreads","type":"int","format":"%d","description":"nthreads"},{"__meta":{"schema_version":-1,"schema_name":"ColumnSpecsBase","schema_type":"Iced"},"name":"is_leader","type":"string","format":"%s","description":"is_leader"},{"__meta":{"schema_version":-1,"schema_name":"ColumnSpecsBase","schema_type":"Iced"},"name":"total_mem","type":"long","format":"%d","description":"total_mem"},{"__meta":{"schema_version":-1,"schema_name":"ColumnSpecsBase","schema_type":"Iced"},"name":"max_mem","type":"long","format":"%d","description":"max_mem"},{"__meta":{"schema_version":-1,"schema_name":"ColumnSpecsBase","schema_type":"Iced"},"name":"java_version","type":"string","format":"%s","description":"java_version"},{"__meta":{"schema_version":-1,"schema_name":"ColumnSpecsBase","schema_type":"Iced"},"name":"jvm_launch_parameters","type":"string","format":"%s","description":"jvm_launch_parameters"},{"__meta":{"schema_version":-1,"schema_name":"ColumnSpecsBase","schema_type":"Iced"},"name":"os_version","type":"string","format":"%s","description":"os_version"},{"__meta":{"schema_version":-1,"schema_name":"ColumnSpecsBase","schema_type":"Iced"},"name":"machine_physical_mem","type":"long","format":"%d","description":"machine_physical_mem"},{"__meta":{"schema_version":-1,"schema_name":"ColumnSpecsBase","schema_type":"Iced"},"name":"machine_locale","type":"string","format":"%s","description":"machine_locale"}],"rowcount":1,"data":[[""],[0],["127.0.0.1:54321"],["true"],["1633026196201"],[8],[0.6118496],[6362448],[4257147568],[0],[0],[48484057088],[106766008320],[16644],[4985],["\u0000"],[-1],["\u0000"],[8],["true"],[432013312],[4263510016],["Java 11.0.7 (from Oracle Corporation)"],["[]"],["Windows 10 10.0 (amd64)"],[17052135424],["en_US"]]},{"__meta":{"schema_version":3,"schema_name":"TwoDimTableV3","schema_type":"TwoDimTable"},"name":"Cluster Configuration","description":"","columns":[{"__meta":{"schema_version":-1,"schema_name":"ColumnSpecsBase","schema_type":"Iced"},"name":"","type":"string","format":"%s","description":""},{"__meta":{"schema_version":-1,"schema_name":"ColumnSpecsBase","schema_type":"Iced"},"name":"h2o_cluster_uptime","type":"long","format":"%d","description":"H2O cluster uptime"},{"__meta":{"schema_version":-1,"schema_name":"ColumnSpecsBase","schema_type":"Iced"},"name":"h2o_cluster_timezone","type":"string","format":"%s","description":"H2O cluster timezone"},{"__meta":{"schema_version":-1,"schema_name":"ColumnSpecsBase","schema_type":"Iced"},"name":"h2o_data_parsing_timezone","type":"string","format":"%s","description":"H2O data parsing timezone"},{"__meta":{"schema_version":-1,"schema_name":"ColumnSpecsBase","schema_type":"Iced"},"name":"h2o_cluster_version","type":"string","format":"%s","description":"H2O cluster version"},{"__meta":{"schema_version":-1,"schema_name":"ColumnSpecsBase","schema_type":"Iced"},"name":"h2o_cluster_version_age","type":"string","format":"%s","description":"H2O cluster version age"},{"__meta":{"schema_version":-1,"schema_name":"ColumnSpecsBase","schema_type":"Iced"},"name":"h2o_cluster_name","type":"string","format":"%s","description":"H2O cluster name"},{"__meta":{"schema_version":-1,"schema_name":"ColumnSpecsBase","schema_type":"Iced"},"name":"h2o_cluster_total_nodes","type":"int","format":"%d","description":"H2O cluster total nodes"},{"__meta":{"schema_version":-1,"schema_name":"ColumnSpecsBase","schema_type":"Iced"},"name":"h2o_cluster_free_memory","type":"long","format":"%d","description":"H2O cluster free memory"},{"__meta":{"schema_version":-1,"schema_name":"ColumnSpecsBase","schema_type":"Iced"},"name":"h2o_cluster_total_cores","type":"int","format":"%d","description":"H2O cluster total cores"},{"__meta":{"schema_version":-1,"schema_name":"ColumnSpecsBase","schema_type":"Iced"},"name":"h2o_cluster_allowed_cores","type":"int","format":"%d","description":"H2O cluster allowed cores"},{"__meta":{"schema_version":-1,"schema_name":"ColumnSpecsBase","schema_type":"Iced"},"name":"h2o_cluster_status","type":"string","format":"%s","description":"H2O cluster status"},{"__meta":{"schema_version":-1,"schema_name":"ColumnSpecsBase","schema_type":"Iced"},"name":"h2o_internal_security","type":"string","format":"%s","description":"H2O internal security"},{"__meta":{"schema_version":-1,"schema_name":"ColumnSpecsBase","schema_type":"Iced"},"name":"h2o_api_extensions","type":"string","format":"%s","description":"H2O API Extensions"}],"rowcount":1,"data":[[""],[25118],["Europe/Berlin"],["UTC"],["3.32.1.5"],["1 month and 26 days"],["H2O_from_python_alina_54531v"],[1],[4257147568],[8],[8],["locked, healthly"],["false"],["Amazon S3, Algos, AutoML, Core V3, TargetEncoder, Core V4"]]},{"__meta":{"schema_version":3,"schema_name":"TwoDimTableV3","schema_type":"TwoDimTable"},"name":"Input Frames Information","description":"","columns":[{"__meta":{"schema_version":-1,"schema_name":"ColumnSpecsBase","schema_type":"Iced"},"name":"","type":"string","format":"%s","description":""},{"__meta":{"schema_version":-1,"schema_name":"ColumnSpecsBase","schema_type":"Iced"},"name":"input_frame","type":"string","format":"%s","description":"Input Frame"},{"__meta":{"schema_version":-1,"schema_name":"ColumnSpecsBase","schema_type":"Iced"},"name":"checksum","type":"long","format":"%d","description":"Checksum"},{"__meta":{"schema_version":-1,"schema_name":"ColumnSpecsBase","schema_type":"Iced"},"name":"espc","type":"string","format":"%d","description":"ESPC"}],"rowcount":3,"data":[["","",""],["training_frame","validation_frame","calibration_frame"],[-1925287735218338926,-3237526119035733216,-1],["[0, 98]","[0, 33]","-1"]]}],"training_metrics":{"__meta":{"schema_version":3,"schema_name":"ModelMetricsRegressionV3","schema_type":"ModelMetricsRegression"},"model":{"__meta":{"schema_version":3,"schema_name":"ModelKeyV3","schema_type":"Key<Model>"},"name":"regular_all_drf_model","type":"Key<Model>","URL":"/3/Models/regular_all_drf_model"},"model_checksum":-3308007496626660160,"frame":{"__meta":{"schema_version":3,"schema_name":"FrameKeyV3","schema_type":"Key<Frame>"},"name":"py_29_sid_ad02","type":"Key<Frame>","URL":"/3/Frames/py_29_sid_ad02"},"frame_checksum":5988065400222413664,"description":"Metrics reported on Out-Of-Bag training samples","model_category":"Regression","scoring_time":1633026199016,"predictions":null,"MSE":4.164599901362763,"RMSE":2.040735137484226,"nobs":98,"custom_metric_name":null,"custom_metric_value":0.0,"r2":-0.18106651270302576,"mean_residual_deviance":4.164599901362763,"mae":1.5678926203224623,"rmsle":0.3564457513912533},"validation_metrics":{"__meta":{"schema_version":3,"schema_name":"ModelMetricsRegressionV3","schema_type":"ModelMetricsRegression"},"model":{"__meta":{"schema_version":3,"schema_name":"ModelKeyV3","schema_type":"Key<Model>"},"name":"regular_all_drf_model","type":"Key<Model>","URL":"/3/Models/regular_all_drf_model"},"model_checksum":-3308007496626660160,"frame":{"__meta":{"schema_version":3,"schema_name":"FrameKeyV3","schema_type":"Key<Frame>"},"name":"py_30_sid_ad02","type":"Key<Frame>","URL":"/3/Frames/py_30_sid_ad02"},"frame_checksum":-3417572704000803360,"description":null,"model_category":"Regression","scoring_time":1633026199017,"predictions":null,"MSE":7.11750707744059,"RMSE":2.6678656408148798,"nobs":33,"custom_metric_name":null,"custom_metric_value":0.0,"r2":-0.3935572109551948,"mean_residual_deviance":7.11750707744059,"mae":1.8995151522665317,"rmsle":"Infinity"},"cross_validation_metrics":{"__meta":{"schema_version":3,"schema_name":"ModelMetricsRegressionV3","schema_type":"ModelMetricsRegression"},"model":{"__meta":{"schema_version":3,"schema_name":"ModelKeyV3","schema_type":"Key<Model>"},"name":"regular_all_drf_model","type":"Key<Model>","URL":"/3/Models/regular_all_drf_model"},"model_checksum":-3308007496626660160,"frame":{"__meta":{"schema_version":3,"schema_name":"FrameKeyV3","schema_type":"Key<Frame>"},"name":"py_29_sid_ad02","type":"Key<Frame>","URL":"/3/Frames/py_29_sid_ad02"},"frame_checksum":5988065400222413664,"description":"4-fold cross-validation on training data (Metrics computed for combined holdout predictions)","model_category":"Regression","scoring_time":1633026199020,"predictions":null,"MSE":4.958979566358996,"RMSE":2.2268766392324015,"nobs":98,"custom_metric_name":null,"custom_metric_value":0.0,"r2":-0.40634991156981504,"mean_residual_deviance":4.958979566358996,"mae":1.7202925177009738,"rmsle":0.42815297745945885},"cross_validation_metrics_summary":{"__meta":{"schema_version":3,"schema_name":"TwoDimTableV3","schema_type":"TwoDimTable"},"name":"Cross-Validation Metrics Summary","description":"","columns":[{"__meta":{"schema_version":-1,"schema_name":"ColumnSpecsBase","schema_type":"Iced"},"name":"","type":"string","format":"%s","description":""},{"__meta":{"schema_version":-1,"schema_name":"ColumnSpecsBase","schema_type":"Iced"},"name":"mean","type":"string","format":"%s","description":"mean"},{"__meta":{"schema_version":-1,"schema_name":"ColumnSpecsBase","schema_type":"Iced"},"name":"sd","type":"string","format":"%s","description":"sd"},{"__meta":{"schema_version":-1,"schema_name":"ColumnSpecsBase","schema_type":"Iced"},"name":"cv_1_valid","type":"string","format":"%s","description":"cv_1_valid"},{"__meta":{"schema_version":-1,"schema_name":"ColumnSpecsBase","schema_type":"Iced"},"name":"cv_2_valid","type":"string","format":"%s","description":"cv_2_valid"},{"__meta":{"schema_version":-1,"schema_name":"ColumnSpecsBase","schema_type":"Iced"},"name":"cv_3_valid","type":"string","format":"%s","description":"cv_3_valid"},{"__meta":{"schema_version":-1,"schema_name":"ColumnSpecsBase","schema_type":"Iced"},"name":"cv_4_valid","type":"string","format":"%s","description":"cv_4_valid"}],"rowcount":7,"data":[["mae","mean_residual_deviance","mse","r2","residual_deviance","rmse","rmsle"],["1.7218333","5.082975","5.082975","-0.9463101","5.082975","2.236319","0.40266213"],["0.22401166","1.476251","1.476251","0.849245","1.476251","0.3303581","0.09929934"],["1.6106896","3.686388","3.686388","-1.3310169","3.686388","1.9199969","0.38358608"],["1.8604444","6.4217515","6.4217515","-1.9356579","6.4217515","2.5341175","0.3760141"],["1.4645833","3.9300375","3.9300375","-0.47472417","3.9300375","1.9824322","0.3083454"],["1.9516162","6.2937217","6.2937217","-0.043841477","6.2937217","2.5087292","0.5427029"]]},"status":null,"start_time":1633026198264,"end_time":1633026199019,"run_time":755,"default_threshold":0.5,"help":{"domains":"Domains for categorical columns", "__meta":"Metadata on this schema instance, to make it self-describing.", "help":"Help information for output fields", "training_metrics":"Training data model metrics", "cross_validation_models":"Cross-validation models (model ids)", "cross_validation_predictions":"Cross-validation predictions, one per cv model (deprecated, use cross_validation_holdout_predictions_frame_id instead)", "cross_validation_metrics_summary":"Cross-validation model metrics summary", "status":"Job status", "reproducibility_information_table":"Model reproducibility information", "variable_importances":"Variable Importances", "model_summary":"Model summary", "end_time":"End time in milliseconds", "names":"Column names", "cross_validation_fold_assignment_frame_id":"Cross-validation fold assignment (each row is assigned to one holdout fold)", "run_time":"Runtime in milliseconds", "default_threshold":"Default threshold used for predictions", "scoring_history":"Scoring history", "cross_validation_holdout_predictions_frame_id":"Cross-validation holdout predictions (full out-of-sample predictions on training data)", "init_f":"The Intercept term, the initial model function value to which trees make adjustments", "model_category":"Category of the model (e.g., Binomial)", "column_types":"Column types", "original_names":"Original column names", "start_time":"Start time in milliseconds", "cv_scoring_history":"Cross-Validation scoring history", "cross_validation_metrics":"Cross-validation model metrics", "validation_metrics":"Validation data model metrics"},"variable_importances":{"__meta":{"schema_version":3,"schema_name":"TwoDimTableV3","schema_type":"TwoDimTable"},"name":"Variable Importances","description":"","columns":[{"__meta":{"schema_version":-1,"schema_name":"ColumnSpecsBase","schema_type":"Iced"},"name":"variable","type":"string","format":"%s","description":"Variable"},{"__meta":{"schema_version":-1,"schema_name":"ColumnSpecsBase","schema_type":"Iced"},"name":"relative_importance","type":"double","format":"%5f","description":"Relative Importance"},{"__meta":{"schema_version":-1,"schema_name":"ColumnSpecsBase","schema_type":"Iced"},"name":"scaled_importance","type":"double","format":"%5f","description":"Scaled Importance"},{"__meta":{"schema_version":-1,"schema_name":"ColumnSpecsBase","schema_type":"Iced"},"name":"percentage","type":"double","format":"%5f","description":"Percentage"}],"rowcount":4,"data":[["style","abv","flavor","pasteurization"],[4820.41015625,3604.9140625,567.80029296875,413.8498840332031],[1.0,0.7478438443305444,0.11779086728388809,0.0858536661027937],[0.5124293905197429,0.38321716535424233,0.0603595023310747,0.04399394179494009]]},"init_f":0.0},"compatible_frames":null}
