{"__meta":{"schema_version":3,"schema_name":"GBMModelV3","schema_type":"GBMModel"},"model_id":{"__meta":{"schema_version":3,"schema_name":"ModelKeyV3","schema_type":"Key<Model>"},"name":"regular_all_gbm_model","type":"Key<Model>","URL":"/3/Models/regular_all_gbm_model"},"algo":"gbm","algo_full_name":"Gradient Boosting Machine","response_column_name":"rating","data_frame":{"__meta":{"schema_version":3,"schema_name":"FrameKeyV3","schema_type":"Key<Frame>"},"name":"py_125_sid_b9ee","type":"Key<Frame>","URL":"/3/Frames/py_125_sid_b9ee"},"timestamp":1629754466297,"have_pojo":true,"have_mojo":true,"algo":"gbm","algo_full_name":"Gradient Boosting Machine","model_id":{"__meta":{"schema_version":3,"schema_name":"ModelKeyV3","schema_type":"Key<Model>"},"name":"regular_all_gbm_model","type":"Key<Model>","URL":"/3/Models/regular_all_gbm_model"},"parameters":[{"__meta":{"schema_version":3,"schema_name":"ModelParameterSchemaV3","schema_type":"Iced"},"name":"model_id","label":"model_id","help":"Destination id for this model; auto-generated if not specified.","required":false,"type":"Key<Model>","default_value":null,"actual_value":{"__meta":{"schema_version":3,"schema_name":"ModelKeyV3","schema_type":"Key<Model>"},"name":"regular_all_gbm_model","type":"Key<Model>","URL":"/3/Models/regular_all_gbm_model"},"input_value":null,"level":"critical","values":[],"is_member_of_frames":[],"is_mutually_exclusive_with":[],"gridable":false},{"__meta":{"schema_version":3,"schema_name":"ModelParameterSchemaV3","schema_type":"Iced"},"name":"training_frame","label":"training_frame","help":"Id of the training data frame.","required":false,"type":"Key<Frame>","default_value":null,"actual_value":{"__meta":{"schema_version":3,"schema_name":"FrameKeyV3","schema_type":"Key<Frame>"},"name":"py_125_sid_b9ee","type":"Key<Frame>","URL":"/3/Frames/py_125_sid_b9ee"},"input_value":{"__meta":{"schema_version":3,"schema_name":"FrameKeyV3","schema_type":"Key<Frame>"},"name":"py_125_sid_b9ee","type":"Key<Frame>","URL":"/3/Frames/py_125_sid_b9ee"},"level":"critical","values":[],"is_member_of_frames":[],"is_mutually_exclusive_with":[],"gridable":false},{"__meta":{"schema_version":3,"schema_name":"ModelParameterSchemaV3","schema_type":"Iced"},"name":"validation_frame","label":"validation_frame","help":"Id of the validation data frame.","required":false,"type":"Key<Frame>","default_value":null,"actual_value":{"__meta":{"schema_version":3,"schema_name":"FrameKeyV3","schema_type":"Key<Frame>"},"name":"py_126_sid_b9ee","type":"Key<Frame>","URL":"/3/Frames/py_126_sid_b9ee"},"input_value":{"__meta":{"schema_version":3,"schema_name":"FrameKeyV3","schema_type":"Key<Frame>"},"name":"py_126_sid_b9ee","type":"Key<Frame>","URL":"/3/Frames/py_126_sid_b9ee"},"level":"critical","values":[],"is_member_of_frames":[],"is_mutually_exclusive_with":[],"gridable":true},{"__meta":{"schema_version":3,"schema_name":"ModelParameterSchemaV3","schema_type":"Iced"},"name":"nfolds","label":"nfolds","help":"Number of folds for K-fold cross-validation (0 to disable or >= 2).","required":false,"type":"int","default_value":0,"actual_value":4,"input_value":4,"level":"critical","values":[],"is_member_of_frames":[],"is_mutually_exclusive_with":[],"gridable":false},{"__meta":{"schema_version":3,"schema_name":"ModelParameterSchemaV3","schema_type":"Iced"},"name":"keep_cross_validation_models","label":"keep_cross_validation_models","help":"Whether to keep the cross-validation models.","required":false,"type":"boolean","default_value":true,"actual_value":true,"input_value":true,"level":"expert","values":[],"is_member_of_frames":[],"is_mutually_exclusive_with":[],"gridable":false},{"__meta":{"schema_version":3,"schema_name":"ModelParameterSchemaV3","schema_type":"Iced"},"name":"keep_cross_validation_predictions","label":"keep_cross_validation_predictions","help":"Whether to keep the predictions of the cross-validation models.","required":false,"type":"boolean","default_value":false,"actual_value":false,"input_value":false,"level":"expert","values":[],"is_member_of_frames":[],"is_mutually_exclusive_with":[],"gridable":false},{"__meta":{"schema_version":3,"schema_name":"ModelParameterSchemaV3","schema_type":"Iced"},"name":"keep_cross_validation_fold_assignment","label":"keep_cross_validation_fold_assignment","help":"Whether to keep the cross-validation fold assignment.","required":false,"type":"boolean","default_value":false,"actual_value":false,"input_value":false,"level":"expert","values":[],"is_member_of_frames":[],"is_mutually_exclusive_with":[],"gridable":false},{"__meta":{"schema_version":3,"schema_name":"ModelParameterSchemaV3","schema_type":"Iced"},"name":"score_each_iteration","label":"score_each_iteration","help":"Whether to score during each iteration of model training.","required":false,"type":"boolean","default_value":false,"actual_value":false,"input_value":false,"level":"secondary","values":[],"is_member_of_frames":[],"is_mutually_exclusive_with":[],"gridable":false},{"__meta":{"schema_version":3,"schema_name":"ModelParameterSchemaV3","schema_type":"Iced"},"name":"score_tree_interval","label":"score_tree_interval","help":"Score the model after every so many trees. Disabled if set to 0.","required":false,"type":"int","default_value":0,"actual_value":0,"input_value":0,"level":"secondary","values":[],"is_member_of_frames":[],"is_mutually_exclusive_with":[],"gridable":false},{"__meta":{"schema_version":3,"schema_name":"ModelParameterSchemaV3","schema_type":"Iced"},"name":"fold_assignment","label":"fold_assignment","help":"Cross-validation fold assignment scheme, if fold_column is not specified. The 'Stratified' option will stratify the folds based on the response variable, for classification problems.","required":false,"type":"enum","default_value":"AUTO","actual_value":"Random","input_value":"Random","level":"secondary","values":["AUTO","Random","Modulo","Stratified"],"is_member_of_frames":[],"is_mutually_exclusive_with":[],"gridable":true},{"__meta":{"schema_version":3,"schema_name":"ModelParameterSchemaV3","schema_type":"Iced"},"name":"fold_column","label":"fold_column","help":"Column with cross-validation fold index assignment per observation.","required":false,"type":"VecSpecifier","default_value":null,"actual_value":null,"input_value":null,"level":"secondary","values":[],"is_member_of_frames":["training_frame"],"is_mutually_exclusive_with":["response_column","weights_column","ignored_columns","offset_column"],"gridable":true},{"__meta":{"schema_version":3,"schema_name":"ModelParameterSchemaV3","schema_type":"Iced"},"name":"response_column","label":"response_column","help":"Response variable column.","required":false,"type":"VecSpecifier","default_value":null,"actual_value":{"__meta":{"schema_version":3,"schema_name":"ColSpecifierV3","schema_type":"VecSpecifier"},"column_name":"rating","is_member_of_frames":null},"input_value":{"__meta":{"schema_version":3,"schema_name":"ColSpecifierV3","schema_type":"VecSpecifier"},"column_name":"rating","is_member_of_frames":null},"level":"critical","values":[],"is_member_of_frames":["training_frame","validation_frame"],"is_mutually_exclusive_with":["weights_column","ignored_columns","offset_column","fold_column"],"gridable":true},{"__meta":{"schema_version":3,"schema_name":"ModelParameterSchemaV3","schema_type":"Iced"},"name":"ignored_columns","label":"ignored_columns","help":"Names of columns to ignore for training.","required":false,"type":"string[]","default_value":null,"actual_value":["name","perception","occurrence","filtration","method","fermentation","split"],"input_value":["name","perception","occurrence","filtration","method","fermentation","split"],"level":"critical","values":[],"is_member_of_frames":["training_frame","validation_frame"],"is_mutually_exclusive_with":["response_column","weights_column","offset_column","fold_column"],"gridable":false},{"__meta":{"schema_version":3,"schema_name":"ModelParameterSchemaV3","schema_type":"Iced"},"name":"ignore_const_cols","label":"ignore_const_cols","help":"Ignore constant columns.","required":false,"type":"boolean","default_value":true,"actual_value":true,"input_value":true,"level":"critical","values":[],"is_member_of_frames":[],"is_mutually_exclusive_with":[],"gridable":false},{"__meta":{"schema_version":3,"schema_name":"ModelParameterSchemaV3","schema_type":"Iced"},"name":"offset_column","label":"offset_column","help":"Offset column. This will be added to the combination of columns before applying the link function.","required":false,"type":"VecSpecifier","default_value":null,"actual_value":null,"input_value":null,"level":"secondary","values":[],"is_member_of_frames":["training_frame","validation_frame"],"is_mutually_exclusive_with":["response_column","weights_column","ignored_columns","fold_column"],"gridable":true},{"__meta":{"schema_version":3,"schema_name":"ModelParameterSchemaV3","schema_type":"Iced"},"name":"weights_column","label":"weights_column","help":"Column with observation weights. Giving some observation a weight of zero is equivalent to excluding it from the dataset; giving an observation a relative weight of 2 is equivalent to repeating that row twice. Negative weights are not allowed. Note: Weights are per-row observation weights and do not increase the size of the data frame. This is typically the number of times a row is repeated, but non-integer values are supported as well. During training, rows with higher weights matter more, due to the larger loss function pre-factor.","required":false,"type":"VecSpecifier","default_value":null,"actual_value":null,"input_value":null,"level":"secondary","values":[],"is_member_of_frames":["training_frame","validation_frame"],"is_mutually_exclusive_with":["response_column","ignored_columns","offset_column","fold_column"],"gridable":true},{"__meta":{"schema_version":3,"schema_name":"ModelParameterSchemaV3","schema_type":"Iced"},"name":"balance_classes","label":"balance_classes","help":"Balance training data class counts via over/under-sampling (for imbalanced data).","required":false,"type":"boolean","default_value":false,"actual_value":false,"input_value":false,"level":"secondary","values":[],"is_member_of_frames":[],"is_mutually_exclusive_with":[],"gridable":true},{"__meta":{"schema_version":3,"schema_name":"ModelParameterSchemaV3","schema_type":"Iced"},"name":"class_sampling_factors","label":"class_sampling_factors","help":"Desired over/under-sampling ratios per class (in lexicographic order). If not specified, sampling factors will be automatically computed to obtain class balance during training. Requires balance_classes.","required":false,"type":"float[]","default_value":null,"actual_value":null,"input_value":null,"level":"expert","values":[],"is_member_of_frames":[],"is_mutually_exclusive_with":[],"gridable":true},{"__meta":{"schema_version":3,"schema_name":"ModelParameterSchemaV3","schema_type":"Iced"},"name":"max_after_balance_size","label":"max_after_balance_size","help":"Maximum relative size of the training data after balancing class counts (can be less than 1.0). Requires balance_classes.","required":false,"type":"float","default_value":5.0,"actual_value":5.0,"input_value":5.0,"level":"expert","values":[],"is_member_of_frames":[],"is_mutually_exclusive_with":[],"gridable":true},{"__meta":{"schema_version":3,"schema_name":"ModelParameterSchemaV3","schema_type":"Iced"},"name":"max_confusion_matrix_size","label":"max_confusion_matrix_size","help":"[Deprecated] Maximum size (# classes) for confusion matrices to be printed in the Logs","required":false,"type":"int","default_value":20,"actual_value":20,"input_value":20,"level":"secondary","values":[],"is_member_of_frames":[],"is_mutually_exclusive_with":[],"gridable":false},{"__meta":{"schema_version":3,"schema_name":"ModelParameterSchemaV3","schema_type":"Iced"},"name":"ntrees","label":"ntrees","help":"Number of trees.","required":false,"type":"int","default_value":50,"actual_value":50,"input_value":50,"level":"critical","values":[],"is_member_of_frames":[],"is_mutually_exclusive_with":[],"gridable":true},{"__meta":{"schema_version":3,"schema_name":"ModelParameterSchemaV3","schema_type":"Iced"},"name":"max_depth","label":"max_depth","help":"Maximum tree depth (0 for unlimited).","required":false,"type":"int","default_value":5,"actual_value":5,"input_value":5,"level":"critical","values":[],"is_member_of_frames":[],"is_mutually_exclusive_with":[],"gridable":true},{"__meta":{"schema_version":3,"schema_name":"ModelParameterSchemaV3","schema_type":"Iced"},"name":"min_rows","label":"min_rows","help":"Fewest allowed (weighted) observations in a leaf.","required":false,"type":"double","default_value":10.0,"actual_value":1.0,"input_value":1.0,"level":"critical","values":[],"is_member_of_frames":[],"is_mutually_exclusive_with":[],"gridable":true},{"__meta":{"schema_version":3,"schema_name":"ModelParameterSchemaV3","schema_type":"Iced"},"name":"nbins","label":"nbins","help":"For numerical columns (real/int), build a histogram of (at least) this many bins, then split at the best point","required":false,"type":"int","default_value":20,"actual_value":13,"input_value":13,"level":"critical","values":[],"is_member_of_frames":[],"is_mutually_exclusive_with":[],"gridable":true},{"__meta":{"schema_version":3,"schema_name":"ModelParameterSchemaV3","schema_type":"Iced"},"name":"nbins_top_level","label":"nbins_top_level","help":"For numerical columns (real/int), build a histogram of (at most) this many bins at the root level, then decrease by factor of two per level","required":false,"type":"int","default_value":1024,"actual_value":16,"input_value":16,"level":"secondary","values":[],"is_member_of_frames":[],"is_mutually_exclusive_with":[],"gridable":true},{"__meta":{"schema_version":3,"schema_name":"ModelParameterSchemaV3","schema_type":"Iced"},"name":"nbins_cats","label":"nbins_cats","help":"For categorical columns (factors), build a histogram of this many bins, then split at the best point. Higher values can lead to more overfitting.","required":false,"type":"int","default_value":1024,"actual_value":1024,"input_value":1024,"level":"secondary","values":[],"is_member_of_frames":[],"is_mutually_exclusive_with":[],"gridable":true},{"__meta":{"schema_version":3,"schema_name":"ModelParameterSchemaV3","schema_type":"Iced"},"name":"r2_stopping","label":"r2_stopping","help":"r2_stopping is no longer supported and will be ignored if set - please use stopping_rounds, stopping_metric and stopping_tolerance instead. Previous version of H2O would stop making trees when the R^2 metric equals or exceeds this","required":false,"type":"double","default_value":1.7976931348623157E308,"actual_value":1.7976931348623157E308,"input_value":1.7976931348623157E308,"level":"secondary","values":[],"is_member_of_frames":[],"is_mutually_exclusive_with":[],"gridable":true},{"__meta":{"schema_version":3,"schema_name":"ModelParameterSchemaV3","schema_type":"Iced"},"name":"stopping_rounds","label":"stopping_rounds","help":"Early stopping based on convergence of stopping_metric. Stop if simple moving average of length k of the stopping_metric does not improve for k:=stopping_rounds scoring events (0 to disable)","required":false,"type":"int","default_value":0,"actual_value":0,"input_value":0,"level":"secondary","values":[],"is_member_of_frames":[],"is_mutually_exclusive_with":[],"gridable":true},{"__meta":{"schema_version":3,"schema_name":"ModelParameterSchemaV3","schema_type":"Iced"},"name":"stopping_metric","label":"stopping_metric","help":"Metric to use for early stopping (AUTO: logloss for classification, deviance for regression and anonomaly_score for Isolation Forest). Note that custom and custom_increasing can only be used in GBM and DRF with the Python client.","required":false,"type":"enum","default_value":"AUTO","actual_value":null,"input_value":"AUTO","level":"secondary","values":["AUTO","deviance","logloss","MSE","RMSE","MAE","RMSLE","AUC","AUCPR","lift_top_group","misclassification","mean_per_class_error","anomaly_score","custom","custom_increasing"],"is_member_of_frames":[],"is_mutually_exclusive_with":[],"gridable":true},{"__meta":{"schema_version":3,"schema_name":"ModelParameterSchemaV3","schema_type":"Iced"},"name":"stopping_tolerance","label":"stopping_tolerance","help":"Relative tolerance for metric-based stopping criterion (stop if relative improvement is not at least this much)","required":false,"type":"double","default_value":0.001,"actual_value":0.001,"input_value":0.001,"level":"secondary","values":[],"is_member_of_frames":[],"is_mutually_exclusive_with":[],"gridable":true},{"__meta":{"schema_version":3,"schema_name":"ModelParameterSchemaV3","schema_type":"Iced"},"name":"max_runtime_secs","label":"max_runtime_secs","help":"Maximum allowed runtime in seconds for model training. Use 0 to disable.","required":false,"type":"double","default_value":0.0,"actual_value":0.0,"input_value":0.0,"level":"secondary","values":[],"is_member_of_frames":[],"is_mutually_exclusive_with":[],"gridable":true},{"__meta":{"schema_version":3,"schema_name":"ModelParameterSchemaV3","schema_type":"Iced"},"name":"seed","label":"seed","help":"Seed for pseudo random number generator (if applicable)","required":false,"type":"long","default_value":-1,"actual_value":12,"input_value":12,"level":"critical","values":[],"is_member_of_frames":[],"is_mutually_exclusive_with":[],"gridable":true},{"__meta":{"schema_version":3,"schema_name":"ModelParameterSchemaV3","schema_type":"Iced"},"name":"build_tree_one_node","label":"build_tree_one_node","help":"Run on one node only; no network overhead but fewer cpus used. Suitable for small datasets.","required":false,"type":"boolean","default_value":false,"actual_value":true,"input_value":true,"level":"expert","values":[],"is_member_of_frames":[],"is_mutually_exclusive_with":[],"gridable":false},{"__meta":{"schema_version":3,"schema_name":"ModelParameterSchemaV3","schema_type":"Iced"},"name":"learn_rate","label":"learn_rate","help":"Learning rate (from 0.0 to 1.0)","required":false,"type":"double","default_value":0.1,"actual_value":0.1,"input_value":0.1,"level":"critical","values":[],"is_member_of_frames":[],"is_mutually_exclusive_with":[],"gridable":true},{"__meta":{"schema_version":3,"schema_name":"ModelParameterSchemaV3","schema_type":"Iced"},"name":"learn_rate_annealing","label":"learn_rate_annealing","help":"Scale the learning rate by this factor after each tree (e.g., 0.99 or 0.999) ","required":false,"type":"double","default_value":1.0,"actual_value":1.0,"input_value":1.0,"level":"secondary","values":[],"is_member_of_frames":[],"is_mutually_exclusive_with":[],"gridable":true},{"__meta":{"schema_version":3,"schema_name":"ModelParameterSchemaV3","schema_type":"Iced"},"name":"distribution","label":"distribution","help":"Distribution function","required":false,"type":"enum","default_value":"AUTO","actual_value":"gaussian","input_value":"gaussian","level":"secondary","values":["AUTO","bernoulli","quasibinomial","ordinal","multinomial","gaussian","poisson","gamma","tweedie","laplace","quantile","huber","custom"],"is_member_of_frames":[],"is_mutually_exclusive_with":[],"gridable":true},{"__meta":{"schema_version":3,"schema_name":"ModelParameterSchemaV3","schema_type":"Iced"},"name":"quantile_alpha","label":"quantile_alpha","help":"Desired quantile for Quantile regression, must be between 0 and 1.","required":false,"type":"double","default_value":0.5,"actual_value":0.5,"input_value":0.5,"level":"secondary","values":[],"is_member_of_frames":[],"is_mutually_exclusive_with":[],"gridable":true},{"__meta":{"schema_version":3,"schema_name":"ModelParameterSchemaV3","schema_type":"Iced"},"name":"tweedie_power","label":"tweedie_power","help":"Tweedie power for Tweedie regression, must be between 1 and 2.","required":false,"type":"double","default_value":1.5,"actual_value":1.5,"input_value":1.5,"level":"secondary","values":[],"is_member_of_frames":[],"is_mutually_exclusive_with":[],"gridable":true},{"__meta":{"schema_version":3,"schema_name":"ModelParameterSchemaV3","schema_type":"Iced"},"name":"huber_alpha","label":"huber_alpha","help":"Desired quantile for Huber/M-regression (threshold between quadratic and linear loss, must be between 0 and 1).","required":false,"type":"double","default_value":0.9,"actual_value":0.9,"input_value":0.9,"level":"secondary","values":[],"is_member_of_frames":[],"is_mutually_exclusive_with":[],"gridable":true},{"__meta":{"schema_version":3,"schema_name":"ModelParameterSchemaV3","schema_type":"Iced"},"name":"checkpoint","label":"checkpoint","help":"Model checkpoint to resume training with.","required":false,"type":"Key<Model>","default_value":null,"actual_value":null,"input_value":null,"level":"secondary","values":[],"is_member_of_frames":[],"is_mutually_exclusive_with":[],"gridable":false},{"__meta":{"schema_version":3,"schema_name":"ModelParameterSchemaV3","schema_type":"Iced"},"name":"sample_rate","label":"sample_rate","help":"Row sample rate per tree (from 0.0 to 1.0)","required":false,"type":"double","default_value":1.0,"actual_value":1.0,"input_value":1.0,"level":"critical","values":[],"is_member_of_frames":[],"is_mutually_exclusive_with":[],"gridable":true},{"__meta":{"schema_version":3,"schema_name":"ModelParameterSchemaV3","schema_type":"Iced"},"name":"sample_rate_per_class","label":"sample_rate_per_class","help":"A list of row sample rates per class (relative fraction for each class, from 0.0 to 1.0), for each tree","required":false,"type":"double[]","default_value":null,"actual_value":null,"input_value":null,"level":"expert","values":[],"is_member_of_frames":[],"is_mutually_exclusive_with":[],"gridable":true},{"__meta":{"schema_version":3,"schema_name":"ModelParameterSchemaV3","schema_type":"Iced"},"name":"col_sample_rate","label":"col_sample_rate","help":"Column sample rate (from 0.0 to 1.0)","required":false,"type":"double","default_value":1.0,"actual_value":1.0,"input_value":1.0,"level":"critical","values":[],"is_member_of_frames":[],"is_mutually_exclusive_with":[],"gridable":true},{"__meta":{"schema_version":3,"schema_name":"ModelParameterSchemaV3","schema_type":"Iced"},"name":"col_sample_rate_change_per_level","label":"col_sample_rate_change_per_level","help":"Relative change of the column sampling rate for every level (must be > 0.0 and <= 2.0)","required":false,"type":"double","default_value":1.0,"actual_value":1.0,"input_value":1.0,"level":"expert","values":[],"is_member_of_frames":[],"is_mutually_exclusive_with":[],"gridable":true},{"__meta":{"schema_version":3,"schema_name":"ModelParameterSchemaV3","schema_type":"Iced"},"name":"col_sample_rate_per_tree","label":"col_sample_rate_per_tree","help":"Column sample rate per tree (from 0.0 to 1.0)","required":false,"type":"double","default_value":1.0,"actual_value":1.0,"input_value":1.0,"level":"secondary","values":[],"is_member_of_frames":[],"is_mutually_exclusive_with":[],"gridable":true},{"__meta":{"schema_version":3,"schema_name":"ModelParameterSchemaV3","schema_type":"Iced"},"name":"min_split_improvement","label":"min_split_improvement","help":"Minimum relative improvement in squared error reduction for a split to happen","required":false,"type":"double","default_value":1.0E-5,"actual_value":1.0E-5,"input_value":1.0E-5,"level":"secondary","values":[],"is_member_of_frames":[],"is_mutually_exclusive_with":[],"gridable":true},{"__meta":{"schema_version":3,"schema_name":"ModelParameterSchemaV3","schema_type":"Iced"},"name":"histogram_type","label":"histogram_type","help":"What type of histogram to use for finding optimal split points","required":false,"type":"enum","default_value":"AUTO","actual_value":"UniformAdaptive","input_value":"AUTO","level":"secondary","values":["AUTO","UniformAdaptive","Random","QuantilesGlobal","RoundRobin"],"is_member_of_frames":[],"is_mutually_exclusive_with":[],"gridable":true},{"__meta":{"schema_version":3,"schema_name":"ModelParameterSchemaV3","schema_type":"Iced"},"name":"max_abs_leafnode_pred","label":"max_abs_leafnode_pred","help":"Maximum absolute value of a leaf node prediction","required":false,"type":"double","default_value":1.7976931348623157E308,"actual_value":1.7976931348623157E308,"input_value":1.7976931348623157E308,"level":"expert","values":[],"is_member_of_frames":[],"is_mutually_exclusive_with":[],"gridable":true},{"__meta":{"schema_version":3,"schema_name":"ModelParameterSchemaV3","schema_type":"Iced"},"name":"pred_noise_bandwidth","label":"pred_noise_bandwidth","help":"Bandwidth (sigma) of Gaussian multiplicative noise ~N(1,sigma) for tree node predictions","required":false,"type":"double","default_value":0.0,"actual_value":0.0,"input_value":0.0,"level":"expert","values":[],"is_member_of_frames":[],"is_mutually_exclusive_with":[],"gridable":true},{"__meta":{"schema_version":3,"schema_name":"ModelParameterSchemaV3","schema_type":"Iced"},"name":"categorical_encoding","label":"categorical_encoding","help":"Encoding scheme for categorical features","required":false,"type":"enum","default_value":"AUTO","actual_value":"Enum","input_value":"Enum","level":"secondary","values":["AUTO","Enum","OneHotInternal","OneHotExplicit","Binary","Eigen","LabelEncoder","SortByResponse","EnumLimited"],"is_member_of_frames":[],"is_mutually_exclusive_with":[],"gridable":true},{"__meta":{"schema_version":3,"schema_name":"ModelParameterSchemaV3","schema_type":"Iced"},"name":"calibrate_model","label":"calibrate_model","help":"Use Platt Scaling to calculate calibrated class probabilities. Calibration can provide more accurate estimates of class probabilities.","required":false,"type":"boolean","default_value":false,"actual_value":false,"input_value":false,"level":"expert","values":[],"is_member_of_frames":[],"is_mutually_exclusive_with":[],"gridable":false},{"__meta":{"schema_version":3,"schema_name":"ModelParameterSchemaV3","schema_type":"Iced"},"name":"calibration_frame","label":"calibration_frame","help":"Calibration frame for Platt Scaling","required":false,"type":"Key<Frame>","default_value":null,"actual_value":null,"input_value":null,"level":"expert","values":[],"is_member_of_frames":[],"is_mutually_exclusive_with":[],"gridable":false},{"__meta":{"schema_version":3,"schema_name":"ModelParameterSchemaV3","schema_type":"Iced"},"name":"custom_metric_func","label":"custom_metric_func","help":"Reference to custom evaluation function, format: `language:keyName=funcName`","required":false,"type":"string","default_value":null,"actual_value":null,"input_value":null,"level":"secondary","values":[],"is_member_of_frames":[],"is_mutually_exclusive_with":[],"gridable":false},{"__meta":{"schema_version":3,"schema_name":"ModelParameterSchemaV3","schema_type":"Iced"},"name":"custom_distribution_func","label":"custom_distribution_func","help":"Reference to custom distribution, format: `language:keyName=funcName`","required":false,"type":"string","default_value":null,"actual_value":null,"input_value":null,"level":"secondary","values":[],"is_member_of_frames":[],"is_mutually_exclusive_with":[],"gridable":false},{"__meta":{"schema_version":3,"schema_name":"ModelParameterSchemaV3","schema_type":"Iced"},"name":"export_checkpoints_dir","label":"export_checkpoints_dir","help":"Automatically export generated models to this directory.","required":false,"type":"string","default_value":null,"actual_value":null,"input_value":null,"level":"secondary","values":[],"is_member_of_frames":[],"is_mutually_exclusive_with":[],"gridable":false},{"__meta":{"schema_version":3,"schema_name":"ModelParameterSchemaV3","schema_type":"Iced"},"name":"monotone_constraints","label":"monotone_constraints","help":"A mapping representing monotonic constraints. Use +1 to enforce an increasing constraint and -1 to specify a decreasing constraint.","required":false,"type":"KeyValue[]","default_value":null,"actual_value":null,"input_value":null,"level":"secondary","values":[],"is_member_of_frames":[],"is_mutually_exclusive_with":[],"gridable":false},{"__meta":{"schema_version":3,"schema_name":"ModelParameterSchemaV3","schema_type":"Iced"},"name":"check_constant_response","label":"check_constant_response","help":"Check if response column is constant. If enabled, then an exception is thrown if the response column is a constant value.If disabled, then model will train regardless of the response column being a constant value or not.","required":false,"type":"boolean","default_value":true,"actual_value":true,"input_value":true,"level":"expert","values":[],"is_member_of_frames":[],"is_mutually_exclusive_with":[],"gridable":false},{"__meta":{"schema_version":3,"schema_name":"ModelParameterSchemaV3","schema_type":"Iced"},"name":"gainslift_bins","label":"gainslift_bins","help":"Gains/Lift table number of bins. 0 means disabled.. Default value -1 means automatic binning.","required":false,"type":"int","default_value":-1,"actual_value":-1,"input_value":-1,"level":"secondary","values":[],"is_member_of_frames":[],"is_mutually_exclusive_with":[],"gridable":false},{"__meta":{"schema_version":3,"schema_name":"ModelParameterSchemaV3","schema_type":"Iced"},"name":"auc_type","label":"auc_type","help":"Set default multinomial AUC type.","required":false,"type":"enum","default_value":"AUTO","actual_value":"AUTO","input_value":"AUTO","level":"secondary","values":["AUTO","NONE","MACRO_OVR","WEIGHTED_OVR","MACRO_OVO","WEIGHTED_OVO"],"is_member_of_frames":[],"is_mutually_exclusive_with":[],"gridable":true}],"output":{"__meta":{"schema_version":3,"schema_name":"GBMModelOutputV3","schema_type":"GBMOutput"},"names":["style","flavor","abv","pasteurization","rating"],"original_names":null,"column_types":["Enum","Enum","Numeric","Enum","Numeric"],"domains":[["ale","alt","blonde","dark","keller","lager","mix","pils","soda","wheat"],["fruit","herb","lemon","standard"],null,["pasteurized","unpasteurized"],null],"cross_validation_models":[{"__meta":{"schema_version":3,"schema_name":"ModelKeyV3","schema_type":"Key<Model>"},"name":"regular_all_gbm_model_cv_1","type":"Key<Model>","URL":"/3/Models/regular_all_gbm_model_cv_1"},{"__meta":{"schema_version":3,"schema_name":"ModelKeyV3","schema_type":"Key<Model>"},"name":"regular_all_gbm_model_cv_2","type":"Key<Model>","URL":"/3/Models/regular_all_gbm_model_cv_2"},{"__meta":{"schema_version":3,"schema_name":"ModelKeyV3","schema_type":"Key<Model>"},"name":"regular_all_gbm_model_cv_3","type":"Key<Model>","URL":"/3/Models/regular_all_gbm_model_cv_3"},{"__meta":{"schema_version":3,"schema_name":"ModelKeyV3","schema_type":"Key<Model>"},"name":"regular_all_gbm_model_cv_4","type":"Key<Model>","URL":"/3/Models/regular_all_gbm_model_cv_4"}],"cross_validation_predictions":null,"cross_validation_holdout_predictions_frame_id":null,"cross_validation_fold_assignment_frame_id":null,"model_category":"Regression","model_summary":{"__meta":{"schema_version":3,"schema_name":"TwoDimTableV3","schema_type":"TwoDimTable"},"name":"Model Summary","description":"","columns":[{"__meta":{"schema_version":-1,"schema_name":"ColumnSpecsBase","schema_type":"Iced"},"name":"","type":"string","format":"%s","description":""},{"__meta":{"schema_version":-1,"schema_name":"ColumnSpecsBase","schema_type":"Iced"},"name":"number_of_trees","type":"long","format":"%d","description":"Number of Trees"},{"__meta":{"schema_version":-1,"schema_name":"ColumnSpecsBase","schema_type":"Iced"},"name":"number_of_internal_trees","type":"long","format":"%d","description":"Number of Internal Trees"},{"__meta":{"schema_version":-1,"schema_name":"ColumnSpecsBase","schema_type":"Iced"},"name":"model_size_in_bytes","type":"long","format":"%d","description":"Model Size in Bytes"},{"__meta":{"schema_version":-1,"schema_name":"ColumnSpecsBase","schema_type":"Iced"},"name":"min_depth","type":"long","format":"%d","description":"Min. Depth"},{"__meta":{"schema_version":-1,"schema_name":"ColumnSpecsBase","schema_type":"Iced"},"name":"max_depth","type":"long","format":"%d","description":"Max. Depth"},{"__meta":{"schema_version":-1,"schema_name":"ColumnSpecsBase","schema_type":"Iced"},"name":"mean_depth","type":"double","format":"%.5f","description":"Mean Depth"},{"__meta":{"schema_version":-1,"schema_name":"ColumnSpecsBase","schema_type":"Iced"},"name":"min_leaves","type":"long","format":"%d","description":"Min. Leaves"},{"__meta":{"schema_version":-1,"schema_name":"ColumnSpecsBase","schema_type":"Iced"},"name":"max_leaves","type":"long","format":"%d","description":"Max. Leaves"},{"__meta":{"schema_version":-1,"schema_name":"ColumnSpecsBase","schema_type":"Iced"},"name":"mean_leaves","type":"double","format":"%.5f","description":"Mean Leaves"}],"rowcount":1,"data":[[""],[50],[50],[15662],[5],[5],[5.0],[12],[27],[20.3]]},"scoring_history":{"__meta":{"schema_version":3,"schema_name":"TwoDimTableV3","schema_type":"TwoDimTable"},"name":"Scoring History","description":"","columns":[{"__meta":{"schema_version":-1,"schema_name":"ColumnSpecsBase","schema_type":"Iced"},"name":"","type":"string","format":"%s","description":""},{"__meta":{"schema_version":-1,"schema_name":"ColumnSpecsBase","schema_type":"Iced"},"name":"timestamp","type":"string","format":"%s","description":"Timestamp"},{"__meta":{"schema_version":-1,"schema_name":"ColumnSpecsBase","schema_type":"Iced"},"name":"duration","type":"string","format":"%s","description":"Duration"},{"__meta":{"schema_version":-1,"schema_name":"ColumnSpecsBase","schema_type":"Iced"},"name":"number_of_trees","type":"long","format":"%d","description":"Number of Trees"},{"__meta":{"schema_version":-1,"schema_name":"ColumnSpecsBase","schema_type":"Iced"},"name":"training_rmse","type":"double","format":"%.5f","description":"Training RMSE"},{"__meta":{"schema_version":-1,"schema_name":"ColumnSpecsBase","schema_type":"Iced"},"name":"training_mae","type":"double","format":"%.5f","description":"Training MAE"},{"__meta":{"schema_version":-1,"schema_name":"ColumnSpecsBase","schema_type":"Iced"},"name":"training_deviance","type":"double","format":"%.5f","description":"Training Deviance"},{"__meta":{"schema_version":-1,"schema_name":"ColumnSpecsBase","schema_type":"Iced"},"name":"validation_rmse","type":"double","format":"%.5f","description":"Validation RMSE"},{"__meta":{"schema_version":-1,"schema_name":"ColumnSpecsBase","schema_type":"Iced"},"name":"validation_mae","type":"double","format":"%.5f","description":"Validation MAE"},{"__meta":{"schema_version":-1,"schema_name":"ColumnSpecsBase","schema_type":"Iced"},"name":"validation_deviance","type":"double","format":"%.5f","description":"Validation Deviance"}],"rowcount":51,"data":[["","","","","","","","","","","","","","","","","","","","","","","","","","","","","","","","","","","","","","","","","","","","","","","","","","",""],["2021-08-23 23:34:26","2021-08-23 23:34:26","2021-08-23 23:34:26","2021-08-23 23:34:26","2021-08-23 23:34:26","2021-08-23 23:34:26","2021-08-23 23:34:26","2021-08-23 23:34:26","2021-08-23 23:34:26","2021-08-23 23:34:26","2021-08-23 23:34:26","2021-08-23 23:34:26","2021-08-23 23:34:26","2021-08-23 23:34:26","2021-08-23 23:34:26","2021-08-23 23:34:26","2021-08-23 23:34:26","2021-08-23 23:34:26","2021-08-23 23:34:26","2021-08-23 23:34:26","2021-08-23 23:34:26","2021-08-23 23:34:26","2021-08-23 23:34:26","2021-08-23 23:34:26","2021-08-23 23:34:26","2021-08-23 23:34:26","2021-08-23 23:34:26","2021-08-23 23:34:26","2021-08-23 23:34:26","2021-08-23 23:34:26","2021-08-23 23:34:26","2021-08-23 23:34:26","2021-08-23 23:34:26","2021-08-23 23:34:26","2021-08-23 23:34:26","2021-08-23 23:34:26","2021-08-23 23:34:26","2021-08-23 23:34:26","2021-08-23 23:34:26","2021-08-23 23:34:26","2021-08-23 23:34:26","2021-08-23 23:34:26","2021-08-23 23:34:26","2021-08-23 23:34:26","2021-08-23 23:34:26","2021-08-23 23:34:26","2021-08-23 23:34:26","2021-08-23 23:34:26","2021-08-23 23:34:26","2021-08-23 23:34:26","2021-08-23 23:34:26"],[" 0.189 sec"," 0.191 sec"," 0.192 sec"," 0.193 sec"," 0.194 sec"," 0.195 sec"," 0.196 sec"," 0.197 sec"," 0.198 sec"," 0.199 sec"," 0.201 sec"," 0.202 sec"," 0.203 sec"," 0.204 sec"," 0.205 sec"," 0.206 sec"," 0.207 sec"," 0.208 sec"," 0.210 sec"," 0.211 sec"," 0.212 sec"," 0.213 sec"," 0.214 sec"," 0.215 sec"," 0.217 sec"," 0.218 sec"," 0.219 sec"," 0.220 sec"," 0.221 sec"," 0.223 sec"," 0.224 sec"," 0.225 sec"," 0.227 sec"," 0.228 sec"," 0.229 sec"," 0.230 sec"," 0.232 sec"," 0.233 sec"," 0.234 sec"," 0.236 sec"," 0.237 sec"," 0.238 sec"," 0.240 sec"," 0.241 sec"," 0.242 sec"," 0.244 sec"," 0.245 sec"," 0.247 sec"," 0.248 sec"," 0.250 sec"," 0.251 sec"],[0,1,2,3,4,5,6,7,8,9,10,11,12,13,14,15,16,17,18,19,20,21,22,23,24,25,26,27,28,29,30,31,32,33,34,35,36,37,38,39,40,41,42,43,44,45,46,47,48,49,50],[1.8778005601696433,1.7918307050381892,1.7190368462928536,1.6575318991572048,1.6053992793113194,1.5619233789683895,1.5250696767212826,1.4944762617761793,1.467911279512974,1.4463518636150396,1.4216796232175555,1.4036705730304242,1.380613547397586,1.359275170316553,1.331681743358074,1.2981431275990631,1.2779592965790425,1.2608582440037142,1.2385126726022866,1.219430422341843,1.2018278129826445,1.1913399867643695,1.1644736306976409,1.1585763135177962,1.1537397386974027,1.1388830747765668,1.1333461103584865,1.1188964468510567,1.1069759292926238,1.104290996031344,1.0938327465277715,1.085753240946597,1.0789264311446964,1.0733298220375762,1.0643279456176526,1.0602606301922615,1.0572813609624223,1.056535244730613,1.0543529265743032,1.0483007718845452,1.0425441733399785,1.0389553988729512,1.036786605309741,1.0341712577042927,1.0320204815987266,1.0291951563920856,1.0280796583453815,1.027424125752964,1.0247687437481032,1.023555716418933,1.022477213996049],[1.3985839233652637,1.346074712519743,1.299227578299386,1.2590962916004413,1.221895461179772,1.1942343930808865,1.171905668414369,1.152582616222148,1.132010175257313,1.1147553288206762,1.0972913965886952,1.0792876360367756,1.0591748320326513,1.0376386107230673,1.0144063501941913,0.9867865078303278,0.9653622885139621,0.9481965814317975,0.9236260689034754,0.9023801240385795,0.8811229674183593,0.8665175462255672,0.842052046741758,0.8329315891071242,0.8247183330205022,0.8046130544068862,0.7998287811571237,0.7854445321219308,0.772289148398808,0.7676831672386247,0.7562414973366017,0.7461497011233349,0.7363100070126203,0.7273989231610785,0.7170177117294195,0.7122955045529774,0.7080618670704414,0.7060065836626657,0.7016541226481905,0.6916677565598974,0.6827881553647469,0.6772655519295712,0.6735828532552233,0.6687685943075589,0.6644262898789377,0.6596318852840638,0.6565213296182302,0.6547945835912714,0.6485934890046412,0.6464767225314768,0.6441894443515612],[3.526134943773426,3.210657275517654,2.95508767891248,2.74741199672369,2.577306846013304,2.4396046417680313,2.3258375188547573,2.2334592970125033,2.1547635245214165,2.0919337133826983,2.0211729510720104,1.9702910775915594,1.9060937672577467,1.8476289886390942,1.7733762655931995,1.6851755797326773,1.6331799637128013,1.5897635114721298,1.5339136401964588,1.4870105549328059,1.444390092058646,1.419290964063728,1.3559988365901459,1.342299074244487,1.331115384649551,1.297054658012527,1.284473405864711,1.2519292587759194,1.2253957080332682,1.219458603915898,1.1964700773764883,1.1788601002260395,1.1640822438226315,1.1520369068752152,1.132793975822693,1.1241526039356915,1.1178438762385519,1.1162667233579764,1.1116600937757979,1.0989345083337334,1.0868983533651393,1.0794283208472533,1.0749264649496968,1.0695101902616786,1.0650662744392678,1.0592426699409296,1.0569477839035566,1.0556003341792422,1.0501509781630658,1.0476663046138752,1.045459653141122],[2.2599658761219934,2.322910631566326,2.3835658097306847,2.442658703958911,2.4959489948499556,2.547138441352524,2.5945507921946827,2.637185167190134,2.6739900272560204,2.7111339873975075,2.7407967076353317,2.783266443435249,2.8132285093997016,2.833806762468142,2.841710481803326,2.843116404100502,2.8547855223684455,2.8621356141428103,2.866760695889228,2.8757934912871836,2.890186898963519,2.8980151432960652,2.912198902434631,2.919718973754491,2.9266165709889256,2.9317444234070096,2.939213198019058,2.945482495124271,2.953464754214072,2.9582311354329507,2.964268358189339,2.97079772232652,2.9778582173409793,2.9841739453756366,2.9777847460735667,2.9790043318813706,2.9781232781901075,2.9818443631061413,2.9753998594211764,2.9779191002966083,2.9864294940880765,2.9878937419209635,2.9858526572514075,2.9851320434606206,2.987692029628955,2.982629874943793,2.9854440441332657,2.9866856650254987,2.988571231268182,2.9898753291650135,2.9901162852285177],[1.6478045763760052,1.6761185186084286,1.7017529639149067,1.7340748162397885,1.7697951602862383,1.8139195456777724,1.853899636330158,1.8888643183979519,1.9252071736021872,1.95530926489326,1.9785389559309419,2.010381608413459,2.031493643928923,2.0395636060791427,2.036315275277276,2.027365821941569,2.028442687177308,2.02962152498194,2.0221893172632837,2.0118298198893036,2.0113663338028815,2.012832065780621,2.0161899366006852,2.0225559819842522,2.028227849464133,2.033815375546679,2.0422768396584567,2.048075826249291,2.054451914733284,2.059379313102113,2.0664380518752936,2.0743799607027684,2.0800864341522254,2.0852633668980993,2.0869413491532387,2.0865980751905813,2.083166247878253,2.08580911650822,2.084413166957626,2.083654731796745,2.0927214748462335,2.091556284882496,2.09239344467711,2.091394439236262,2.0919740925158354,2.0874552581180463,2.0906062223126445,2.091581142561102,2.0952530539897847,2.093562846845285,2.0920633617918947],[5.10744576123585,5.395913802243869,5.681385969317095,5.966581544026227,6.2297613848925035,6.487914239415766,6.731693813278056,6.954745606047654,7.150222665864652,7.350247497621908,7.511966592584673,7.746572095152702,7.914254646099268,8.030460767010172,8.075318462390893,8.08331088726537,8.149800378724478,8.191820273744641,8.218316887495291,8.27018820452973,8.353180310940363,8.398491770773314,8.480902447341471,8.524758885701978,8.565084553586976,8.595125364178099,8.638974223409418,8.675867129083501,8.722954054384788,8.751131450644925,8.786886899362521,8.82563910698044,8.867639562585195,8.905294136258792,8.867201993948417,8.87446680936797,8.869218260097792,8.89139580578787,8.853004323443555,8.86800216791136,8.918761123159165,8.927509013010457,8.915316090815292,8.91101331689538,8.926303663908383,8.896080970907226,8.91287614065079,8.920291261668805,8.931558004363815,8.939354483949598,8.94079539918879]]},"cv_scoring_history":[{"__meta":{"schema_version":3,"schema_name":"TwoDimTableV3","schema_type":"TwoDimTable"},"name":"Scoring History","description":"","columns":[{"__meta":{"schema_version":-1,"schema_name":"ColumnSpecsBase","schema_type":"Iced"},"name":"","type":"string","format":"%s","description":""},{"__meta":{"schema_version":-1,"schema_name":"ColumnSpecsBase","schema_type":"Iced"},"name":"timestamp","type":"string","format":"%s","description":"Timestamp"},{"__meta":{"schema_version":-1,"schema_name":"ColumnSpecsBase","schema_type":"Iced"},"name":"duration","type":"string","format":"%s","description":"Duration"},{"__meta":{"schema_version":-1,"schema_name":"ColumnSpecsBase","schema_type":"Iced"},"name":"number_of_trees","type":"long","format":"%d","description":"Number of Trees"},{"__meta":{"schema_version":-1,"schema_name":"ColumnSpecsBase","schema_type":"Iced"},"name":"training_rmse","type":"double","format":"%.5f","description":"Training RMSE"},{"__meta":{"schema_version":-1,"schema_name":"ColumnSpecsBase","schema_type":"Iced"},"name":"training_mae","type":"double","format":"%.5f","description":"Training MAE"},{"__meta":{"schema_version":-1,"schema_name":"ColumnSpecsBase","schema_type":"Iced"},"name":"training_deviance","type":"double","format":"%.5f","description":"Training Deviance"},{"__meta":{"schema_version":-1,"schema_name":"ColumnSpecsBase","schema_type":"Iced"},"name":"validation_rmse","type":"double","format":"%.5f","description":"Validation RMSE"},{"__meta":{"schema_version":-1,"schema_name":"ColumnSpecsBase","schema_type":"Iced"},"name":"validation_mae","type":"double","format":"%.5f","description":"Validation MAE"},{"__meta":{"schema_version":-1,"schema_name":"ColumnSpecsBase","schema_type":"Iced"},"name":"validation_deviance","type":"double","format":"%.5f","description":"Validation Deviance"}],"rowcount":51,"data":[["","","","","","","","","","","","","","","","","","","","","","","","","","","","","","","","","","","","","","","","","","","","","","","","","","",""],["2021-08-23 23:34:26","2021-08-23 23:34:26","2021-08-23 23:34:26","2021-08-23 23:34:26","2021-08-23 23:34:26","2021-08-23 23:34:26","2021-08-23 23:34:26","2021-08-23 23:34:26","2021-08-23 23:34:26","2021-08-23 23:34:26","2021-08-23 23:34:26","2021-08-23 23:34:26","2021-08-23 23:34:26","2021-08-23 23:34:26","2021-08-23 23:34:26","2021-08-23 23:34:26","2021-08-23 23:34:26","2021-08-23 23:34:26","2021-08-23 23:34:26","2021-08-23 23:34:26","2021-08-23 23:34:26","2021-08-23 23:34:26","2021-08-23 23:34:26","2021-08-23 23:34:26","2021-08-23 23:34:26","2021-08-23 23:34:26","2021-08-23 23:34:26","2021-08-23 23:34:26","2021-08-23 23:34:26","2021-08-23 23:34:26","2021-08-23 23:34:26","2021-08-23 23:34:26","2021-08-23 23:34:26","2021-08-23 23:34:26","2021-08-23 23:34:26","2021-08-23 23:34:26","2021-08-23 23:34:26","2021-08-23 23:34:26","2021-08-23 23:34:26","2021-08-23 23:34:26","2021-08-23 23:34:26","2021-08-23 23:34:26","2021-08-23 23:34:26","2021-08-23 23:34:26","2021-08-23 23:34:26","2021-08-23 23:34:26","2021-08-23 23:34:26","2021-08-23 23:34:26","2021-08-23 23:34:26","2021-08-23 23:34:26","2021-08-23 23:34:26"],[" 0.017 sec"," 0.030 sec"," 0.036 sec"," 0.042 sec"," 0.048 sec"," 0.051 sec"," 0.054 sec"," 0.056 sec"," 0.059 sec"," 0.062 sec"," 0.065 sec"," 0.068 sec"," 0.072 sec"," 0.074 sec"," 0.078 sec"," 0.080 sec"," 0.082 sec"," 0.084 sec"," 0.087 sec"," 0.088 sec"," 0.091 sec"," 0.093 sec"," 0.095 sec"," 0.097 sec"," 0.099 sec"," 0.100 sec"," 0.102 sec"," 0.104 sec"," 0.106 sec"," 0.107 sec"," 0.109 sec"," 0.111 sec"," 0.112 sec"," 0.115 sec"," 0.116 sec"," 0.118 sec"," 0.120 sec"," 0.122 sec"," 0.125 sec"," 0.136 sec"," 0.138 sec"," 0.140 sec"," 0.141 sec"," 0.143 sec"," 0.145 sec"," 0.147 sec"," 0.148 sec"," 0.150 sec"," 0.152 sec"," 0.154 sec"," 0.156 sec"],[0,1,2,3,4,5,6,7,8,9,10,11,12,13,14,15,16,17,18,19,20,21,22,23,24,25,26,27,28,29,30,31,32,33,34,35,36,37,38,39,40,41,42,43,44,45,46,47,48,49,50],[2.0779798892385397,1.9692222767137775,1.873117105425534,1.7913289831935537,1.7220589643975837,1.665568666932282,1.615923880728756,1.5722895781265434,1.535816730926604,1.5035385122161709,1.4767562276674875,1.4507042793024403,1.4262055843749493,1.4104010535327947,1.3978687269106491,1.3646302249752487,1.33739180811737,1.3154400969335862,1.2968886915896172,1.281496666650974,1.2650702277376291,1.2554180473663545,1.2454281830559601,1.2361194714529433,1.2159398531144372,1.2006538373969342,1.1841924888406905,1.1697852422672599,1.1642059892519354,1.1596315117032054,1.1583203601879317,1.15704721326629,1.1471887663821314,1.1396971379718508,1.131094244394834,1.1289010277711866,1.1211836413303915,1.1170053723528826,1.1128555846554284,1.1085768121233939,1.1015577107060799,1.0961025500402317,1.0916594934602284,1.0881770914470503,1.087195309440048,1.0856645296421343,1.0854836232271314,1.0819394806299738,1.081782693885783,1.081655683644302,1.0815515982396524],[1.553035076664566,1.4694362930629565,1.396803213202435,1.3311026407324749,1.2763203123341436,1.2403392722641213,1.2087563880975696,1.1769423242928325,1.1496668794880742,1.121011205341505,1.0963536379993826,1.0725583961044534,1.0511550523232722,1.0361374651176343,1.0249857401502305,0.9994843109794285,0.9783017479855082,0.95736965580263,0.9392827723337256,0.9224139348320339,0.9061193993126136,0.8947167439737181,0.8835078279177347,0.8704165617624918,0.8566604714462722,0.8449099996815557,0.8323168076466823,0.8180197416872218,0.8102749253528706,0.8032791467680447,0.8005369970763939,0.797861938027368,0.7835006186927574,0.777059529138648,0.7675711670215579,0.763972568123237,0.7541113197803497,0.7489741066659706,0.7440696717172429,0.7372743323229362,0.7259836475486341,0.7162182538405709,0.7073777380628862,0.7017877788647361,0.6996034858883291,0.6955690666817237,0.6943025720724161,0.6874663689430209,0.6862325195385062,0.6851220444060754,0.6841458231210709],[4.318000420079814,3.8778363751057934,3.508567690637731,3.208859526029251,2.965487076862078,2.774118984266579,2.611209988309483,2.4720945174853437,2.3587330309940806,2.260628057717217,2.180808955954708,2.104542905986413,2.0340623689022905,1.989231131806417,1.9540369776747992,1.862215650915998,1.7886168484194482,1.7303826486206428,1.6819202783730294,1.6422337066375576,1.6004026811081369,1.5760744736531505,1.5510913591500701,1.5279913477051041,1.4785097263919593,1.4415696372559836,1.402311850626709,1.3683975130262718,1.3553755854100775,1.3447452429350615,1.3417060568259,1.3387582537272875,1.3160420657133565,1.298909566301228,1.2793741897031206,1.2744175305028413,1.2570527575868762,1.2477010018652017,1.2384475522987752,1.2289425483776664,1.2134293900160196,1.2014408002046988,1.1917204496618425,1.184129382350162,1.1819936408684415,1.1786674709230767,1.178274696294301,1.1705930397458573,1.170253796790782,1.1699790179600227,1.1697538596547465],[1.2913198001645434,1.2593722226611666,1.2439506933653932,1.244749535963452,1.2549749180540262,1.273907642700272,1.299113059818774,1.3260543673262768,1.356244293386576,1.3819770226998702,1.411258592465696,1.4335094624475213,1.465369396929818,1.491910093754331,1.5111882649102135,1.5291074650160172,1.5425690581782723,1.5570360911286292,1.5710698379915373,1.5850162700111372,1.596181066623551,1.6087687930440033,1.617576239001168,1.6340653273113328,1.6181793012150703,1.6288504173415508,1.651292036523547,1.636328517694959,1.6435787164863156,1.6501217467117508,1.6562127185108935,1.6633065921052934,1.6707248365844358,1.6767974294085686,1.6759405847511586,1.6821325143918866,1.6963885183599574,1.6912277892547822,1.6935890280188954,1.7052481343237733,1.7106360913039214,1.7193215167762057,1.7273136547491268,1.7293504973956266,1.7324063863699948,1.734551289842423,1.735266530056072,1.739644280073686,1.7402005259945807,1.7407127457081575,1.741244602985022],[1.0969515242378811,1.0801956178224845,1.0620988054961518,1.0573370301670608,1.0626479826852686,1.0834505968200772,1.126920781941663,1.1675824014682217,1.2027449102770689,1.2325847443871094,1.2613866566362717,1.2829076583051113,1.3135111893466471,1.3345198519691976,1.3505274396601958,1.3648294774449614,1.3726755067597198,1.3760839189036933,1.3784280205871549,1.3811122117455172,1.3844349666237148,1.3903844505993543,1.3927508598229132,1.4003045129623657,1.395460225038154,1.402789465126216,1.426684018668642,1.4142911186967453,1.4175998067703892,1.4200813525556863,1.4241199115154546,1.4283750585240012,1.4353264654751199,1.4415463174359255,1.4461265232162588,1.450153118558545,1.466442202094553,1.4641969731723015,1.4693015104227114,1.4770235043564162,1.477370632004615,1.4860765044528406,1.4932900846501418,1.4933902305052253,1.492478842810033,1.4934510460299206,1.494024117213413,1.4950107305386096,1.4954381142834419,1.4958227585675155,1.4962484739302488],[1.667506826296996,1.586018395210527,1.5474133275242423,1.549401407281229,1.5749620449447095,1.6228406821301637,1.687694742191697,1.758420185105092,1.8393985833436526,1.9098604912703974,1.9916508148082572,2.054949378926582,2.1473074694584584,2.2257957278460565,2.2836899720023416,2.3381696395677105,2.3795192992490017,2.4243613890771205,2.4682604358467555,2.512276576200018,2.5477939974474966,2.5881370294722594,2.616552888981164,2.670169493921093,2.618504250880893,2.653153682073744,2.7267653898860837,2.6775710178217813,2.701350997286805,2.72290177897104,2.7430405689572437,2.766588819340925,2.79132147958009,2.8116496192711837,2.8087768436160556,2.8295697959743706,2.877734005223491,2.8602514351476183,2.868243795825987,2.9078711996147093,2.926275836871558,2.9560664780496326,2.9836124618827853,2.990653142842501,3.001231887535544,3.008668177094013,3.0111499303328406,3.0263622211930934,3.0282978706718153,3.0300808630708325,3.0319327674244665]]},{"__meta":{"schema_version":3,"schema_name":"TwoDimTableV3","schema_type":"TwoDimTable"},"name":"Scoring History","description":"","columns":[{"__meta":{"schema_version":-1,"schema_name":"ColumnSpecsBase","schema_type":"Iced"},"name":"","type":"string","format":"%s","description":""},{"__meta":{"schema_version":-1,"schema_name":"ColumnSpecsBase","schema_type":"Iced"},"name":"timestamp","type":"string","format":"%s","description":"Timestamp"},{"__meta":{"schema_version":-1,"schema_name":"ColumnSpecsBase","schema_type":"Iced"},"name":"duration","type":"string","format":"%s","description":"Duration"},{"__meta":{"schema_version":-1,"schema_name":"ColumnSpecsBase","schema_type":"Iced"},"name":"number_of_trees","type":"long","format":"%d","description":"Number of Trees"},{"__meta":{"schema_version":-1,"schema_name":"ColumnSpecsBase","schema_type":"Iced"},"name":"training_rmse","type":"double","format":"%.5f","description":"Training RMSE"},{"__meta":{"schema_version":-1,"schema_name":"ColumnSpecsBase","schema_type":"Iced"},"name":"training_mae","type":"double","format":"%.5f","description":"Training MAE"},{"__meta":{"schema_version":-1,"schema_name":"ColumnSpecsBase","schema_type":"Iced"},"name":"training_deviance","type":"double","format":"%.5f","description":"Training Deviance"},{"__meta":{"schema_version":-1,"schema_name":"ColumnSpecsBase","schema_type":"Iced"},"name":"validation_rmse","type":"double","format":"%.5f","description":"Validation RMSE"},{"__meta":{"schema_version":-1,"schema_name":"ColumnSpecsBase","schema_type":"Iced"},"name":"validation_mae","type":"double","format":"%.5f","description":"Validation MAE"},{"__meta":{"schema_version":-1,"schema_name":"ColumnSpecsBase","schema_type":"Iced"},"name":"validation_deviance","type":"double","format":"%.5f","description":"Validation Deviance"}],"rowcount":51,"data":[["","","","","","","","","","","","","","","","","","","","","","","","","","","","","","","","","","","","","","","","","","","","","","","","","","",""],["2021-08-23 23:34:26","2021-08-23 23:34:26","2021-08-23 23:34:26","2021-08-23 23:34:26","2021-08-23 23:34:26","2021-08-23 23:34:26","2021-08-23 23:34:26","2021-08-23 23:34:26","2021-08-23 23:34:26","2021-08-23 23:34:26","2021-08-23 23:34:26","2021-08-23 23:34:26","2021-08-23 23:34:26","2021-08-23 23:34:26","2021-08-23 23:34:26","2021-08-23 23:34:26","2021-08-23 23:34:26","2021-08-23 23:34:26","2021-08-23 23:34:26","2021-08-23 23:34:26","2021-08-23 23:34:26","2021-08-23 23:34:26","2021-08-23 23:34:26","2021-08-23 23:34:26","2021-08-23 23:34:26","2021-08-23 23:34:26","2021-08-23 23:34:26","2021-08-23 23:34:26","2021-08-23 23:34:26","2021-08-23 23:34:26","2021-08-23 23:34:26","2021-08-23 23:34:26","2021-08-23 23:34:26","2021-08-23 23:34:26","2021-08-23 23:34:26","2021-08-23 23:34:26","2021-08-23 23:34:26","2021-08-23 23:34:26","2021-08-23 23:34:26","2021-08-23 23:34:26","2021-08-23 23:34:26","2021-08-23 23:34:26","2021-08-23 23:34:26","2021-08-23 23:34:26","2021-08-23 23:34:26","2021-08-23 23:34:26","2021-08-23 23:34:26","2021-08-23 23:34:26","2021-08-23 23:34:26","2021-08-23 23:34:26","2021-08-23 23:34:26"],[" 0.017 sec"," 0.029 sec"," 0.036 sec"," 0.042 sec"," 0.049 sec"," 0.051 sec"," 0.054 sec"," 0.056 sec"," 0.091 sec"," 0.093 sec"," 0.094 sec"," 0.096 sec"," 0.097 sec"," 0.099 sec"," 0.100 sec"," 0.102 sec"," 0.104 sec"," 0.105 sec"," 0.107 sec"," 0.108 sec"," 0.110 sec"," 0.112 sec"," 0.113 sec"," 0.115 sec"," 0.117 sec"," 0.118 sec"," 0.120 sec"," 0.122 sec"," 0.124 sec"," 0.135 sec"," 0.137 sec"," 0.138 sec"," 0.140 sec"," 0.141 sec"," 0.143 sec"," 0.145 sec"," 0.147 sec"," 0.149 sec"," 0.151 sec"," 0.153 sec"," 0.155 sec"," 0.157 sec"," 0.158 sec"," 0.160 sec"," 0.162 sec"," 0.164 sec"," 0.165 sec"," 0.167 sec"," 0.168 sec"," 0.170 sec"," 0.172 sec"],[0,1,2,3,4,5,6,7,8,9,10,11,12,13,14,15,16,17,18,19,20,21,22,23,24,25,26,27,28,29,30,31,32,33,34,35,36,37,38,39,40,41,42,43,44,45,46,47,48,49,50],[1.9154660727417678,1.8061480861425183,1.7122397138354666,1.6316317324129828,1.563084174639699,1.505136024142496,1.4562989455268394,1.4130076753572973,1.374128867916988,1.3415263184156758,1.3135733432528478,1.286313627587401,1.2651428841385166,1.2192618835144957,1.1808805482682212,1.1470037457586861,1.1200612076910506,1.0974550621526784,1.076542938303286,1.0535356611061732,1.0372675762489652,1.0194860987652565,1.0071917779136568,0.9938965489614239,0.9827116140898821,0.9779233114835256,0.9705703410857739,0.9630145153579039,0.9552393507390909,0.9491016824564105,0.9404529371136807,0.9327232424510259,0.9221781066709647,0.9175750904404892,0.9138296631617326,0.9107670978083693,0.9062628925387878,0.9038449837094087,0.9001362348648768,0.8980320663648456,0.8931992371256507,0.8915722450283465,0.8876604567615372,0.886429926660842,0.8852875488519774,0.8840138682184717,0.8831421298989536,0.8818589080753704,0.8799794923064872,0.8784512989428,0.8770243134368777],[1.4369929691725263,1.3719524893649788,1.3135642894478732,1.2604572273964105,1.215401948884476,1.1809066949888718,1.1507896157198174,1.1182500318039295,1.0915710288424825,1.066409435383109,1.0403868542161099,1.0168259975522063,0.995273117409196,0.9529223857923995,0.9147063493728638,0.8781342201454695,0.8473271283992502,0.8199098803276239,0.792035463244416,0.7702806661295336,0.7470667985982673,0.7301185040972954,0.7139189201732015,0.6990621602812479,0.684448244959809,0.6769982084285381,0.6671225948389187,0.6594182724176452,0.6483202327129453,0.6420459574045136,0.6281985494979593,0.6163980541534202,0.6037203925986623,0.5976792618978856,0.5922422672426978,0.5877103964949764,0.5806493852720704,0.5762565165411594,0.569240175360857,0.5647779557594034,0.5587399314309276,0.5549551882716113,0.5495471110524133,0.5464049927717032,0.5432947787434556,0.5401429000288941,0.5377053182658761,0.5353192951270315,0.531696230433015,0.5281067665579707,0.5244799189616082],[3.6690102758247716,3.262170909076282,2.9317648376353604,2.6622221102169914,2.443232137009069,2.2654344511714806,2.1208066187425842,1.9965906906186333,1.8882301456428232,1.7996928630019173,1.7254749281044637,1.6546027485170591,1.6005865172863243,1.4865995405913155,1.3944788692782548,1.315617592784457,1.2545371089743345,1.2044076134445394,1.158944698010673,1.1099373892224214,1.075924024737403,1.0393519055756024,1.0144352774968728,0.987830350037428,0.9657221164671413,0.9563340031429047,0.9420067869953556,0.9273969567900185,0.9124822172004401,0.900794003641589,0.8844517269257487,0.8699726470083553,0.8504124604232451,0.8419440465968719,0.8350846532742857,0.8294967064502796,0.8213124303927704,0.8169357545766612,0.8102452413167167,0.8064615922195144,0.7978048772018446,0.794901068104886,0.7879410864981008,0.7857580148799457,0.7837340441523423,0.7814805192025855,0.7799400216024602,0.7776751337518846,0.774363906879983,0.7716766846142927,0.7691716463594267],[1.5956522187635365,1.6022518424188466,1.6384466854879296,1.6865204328166181,1.7480387369739552,1.8109289100134407,1.8780237356375442,1.9434497228605927,1.9933137039931743,2.040926003132246,2.0859639083516335,2.1392941332093725,2.1840700762554666,2.258699778804205,2.324822992160347,2.3897602885070675,2.442506035286638,2.4931504769553734,2.536446387717811,2.576741507809389,2.6207739233001868,2.6432951489215513,2.672312816912162,2.6939766252213535,2.7145281769865472,2.7257375920677314,2.743519031832607,2.7459776204712,2.7616118642601704,2.762294946289334,2.7914683931069213,2.8057960218284483,2.831590930014628,2.8293533837720255,2.827424817567483,2.8281275316444643,2.8324914358398536,2.8304156727536594,2.8399967228234306,2.8456578111252684,2.848095594214989,2.854002587261935,2.85590221144369,2.8570118195994127,2.85464643603182,2.857797433188345,2.8554859194190114,2.8582768994966608,2.8594031266780666,2.8688759258969085,2.8767399372058176],[1.257751937984496,1.2436474985731836,1.268206241630855,1.321503035348746,1.3681890431452224,1.427856073449474,1.483571950546574,1.5239965687957122,1.5596437461271722,1.5903866180902808,1.6142921197524134,1.653493690947901,1.6850914536269614,1.7290963962800314,1.7673141905077558,1.8034266243504495,1.8315663610866428,1.859710317412591,1.8835433480145545,1.9061299734719854,1.928761550998515,1.9423417859526486,1.9538411427027371,1.9638050548548014,1.9718705518142146,1.9769868646564097,1.9870630815052872,1.9859141111344856,1.991982926825106,1.9887652182631486,2.0081369530593958,2.014418740744204,2.0308223943061177,2.028578542373731,2.0265590741735706,2.0267974861655054,2.02466209751535,2.0225534119788846,2.025342906725327,2.0257360355821885,2.022229891742857,2.025634881988911,2.022384781309914,2.0223095453215802,2.0201510331688097,2.0219971012321727,2.0173040220659515,2.0181135583038423,2.0191250588002787,2.023359589588508,2.0269922674610332],[2.5461060032449967,2.5672109665345886,2.684507541186383,2.8443511703079527,3.0556394259615005,3.2794635171224686,3.5269731516179967,3.7769968252869144,3.9732995225269883,4.165378950261364,4.3512454269456216,4.576579388384039,4.77016209799456,5.101724690770165,5.404801944877388,5.7109542365253825,5.965835732411651,6.215799300742806,6.433560277766731,6.639596798067804,6.868455957050252,6.987009244312206,7.141255791433014,7.257510057239034,7.3686632236539085,7.429645420811195,7.526896678027724,7.5403930921286735,7.626500088822534,7.630273370295594,7.792295789714937,7.872491316108346,8.017907194941106,8.005240570262211,7.994331098996516,7.998305335245409,8.023007734106116,8.01125288056955,8.065581385647826,8.097768378018253,8.11164851378683,8.14533076809782,8.15617744132896,8.162516537330747,8.149006274749171,8.167006169137894,8.153799836000237,8.169746834196244,8.176186240856303,8.230449078190844,8.275632666314932]]},{"__meta":{"schema_version":3,"schema_name":"TwoDimTableV3","schema_type":"TwoDimTable"},"name":"Scoring History","description":"","columns":[{"__meta":{"schema_version":-1,"schema_name":"ColumnSpecsBase","schema_type":"Iced"},"name":"","type":"string","format":"%s","description":""},{"__meta":{"schema_version":-1,"schema_name":"ColumnSpecsBase","schema_type":"Iced"},"name":"timestamp","type":"string","format":"%s","description":"Timestamp"},{"__meta":{"schema_version":-1,"schema_name":"ColumnSpecsBase","schema_type":"Iced"},"name":"duration","type":"string","format":"%s","description":"Duration"},{"__meta":{"schema_version":-1,"schema_name":"ColumnSpecsBase","schema_type":"Iced"},"name":"number_of_trees","type":"long","format":"%d","description":"Number of Trees"},{"__meta":{"schema_version":-1,"schema_name":"ColumnSpecsBase","schema_type":"Iced"},"name":"training_rmse","type":"double","format":"%.5f","description":"Training RMSE"},{"__meta":{"schema_version":-1,"schema_name":"ColumnSpecsBase","schema_type":"Iced"},"name":"training_mae","type":"double","format":"%.5f","description":"Training MAE"},{"__meta":{"schema_version":-1,"schema_name":"ColumnSpecsBase","schema_type":"Iced"},"name":"training_deviance","type":"double","format":"%.5f","description":"Training Deviance"},{"__meta":{"schema_version":-1,"schema_name":"ColumnSpecsBase","schema_type":"Iced"},"name":"validation_rmse","type":"double","format":"%.5f","description":"Validation RMSE"},{"__meta":{"schema_version":-1,"schema_name":"ColumnSpecsBase","schema_type":"Iced"},"name":"validation_mae","type":"double","format":"%.5f","description":"Validation MAE"},{"__meta":{"schema_version":-1,"schema_name":"ColumnSpecsBase","schema_type":"Iced"},"name":"validation_deviance","type":"double","format":"%.5f","description":"Validation Deviance"}],"rowcount":51,"data":[["","","","","","","","","","","","","","","","","","","","","","","","","","","","","","","","","","","","","","","","","","","","","","","","","","",""],["2021-08-23 23:34:26","2021-08-23 23:34:26","2021-08-23 23:34:26","2021-08-23 23:34:26","2021-08-23 23:34:26","2021-08-23 23:34:26","2021-08-23 23:34:26","2021-08-23 23:34:26","2021-08-23 23:34:26","2021-08-23 23:34:26","2021-08-23 23:34:26","2021-08-23 23:34:26","2021-08-23 23:34:26","2021-08-23 23:34:26","2021-08-23 23:34:26","2021-08-23 23:34:26","2021-08-23 23:34:26","2021-08-23 23:34:26","2021-08-23 23:34:26","2021-08-23 23:34:26","2021-08-23 23:34:26","2021-08-23 23:34:26","2021-08-23 23:34:26","2021-08-23 23:34:26","2021-08-23 23:34:26","2021-08-23 23:34:26","2021-08-23 23:34:26","2021-08-23 23:34:26","2021-08-23 23:34:26","2021-08-23 23:34:26","2021-08-23 23:34:26","2021-08-23 23:34:26","2021-08-23 23:34:26","2021-08-23 23:34:26","2021-08-23 23:34:26","2021-08-23 23:34:26","2021-08-23 23:34:26","2021-08-23 23:34:26","2021-08-23 23:34:26","2021-08-23 23:34:26","2021-08-23 23:34:26","2021-08-23 23:34:26","2021-08-23 23:34:26","2021-08-23 23:34:26","2021-08-23 23:34:26","2021-08-23 23:34:26","2021-08-23 23:34:26","2021-08-23 23:34:26","2021-08-23 23:34:26","2021-08-23 23:34:26","2021-08-23 23:34:26"],[" 0.020 sec"," 0.033 sec"," 0.039 sec"," 0.045 sec"," 0.050 sec"," 0.052 sec"," 0.055 sec"," 0.057 sec"," 0.091 sec"," 0.093 sec"," 0.094 sec"," 0.096 sec"," 0.097 sec"," 0.099 sec"," 0.100 sec"," 0.102 sec"," 0.104 sec"," 0.105 sec"," 0.107 sec"," 0.109 sec"," 0.111 sec"," 0.112 sec"," 0.114 sec"," 0.116 sec"," 0.118 sec"," 0.119 sec"," 0.121 sec"," 0.123 sec"," 0.134 sec"," 0.136 sec"," 0.138 sec"," 0.139 sec"," 0.141 sec"," 0.143 sec"," 0.145 sec"," 0.146 sec"," 0.148 sec"," 0.150 sec"," 0.152 sec"," 0.154 sec"," 0.155 sec"," 0.158 sec"," 0.159 sec"," 0.161 sec"," 0.163 sec"," 0.164 sec"," 0.166 sec"," 0.168 sec"," 0.169 sec"," 0.171 sec"," 0.173 sec"],[0,1,2,3,4,5,6,7,8,9,10,11,12,13,14,15,16,17,18,19,20,21,22,23,24,25,26,27,28,29,30,31,32,33,34,35,36,37,38,39,40,41,42,43,44,45,46,47,48,49,50],[1.9502579852192927,1.8420382043459589,1.7496145321023127,1.668983731205803,1.5990428800410041,1.5400641376894677,1.4874855823507882,1.44534658669698,1.406737262260494,1.3749098845839192,1.3465796366186902,1.3246361662540604,1.3044009453175536,1.2838557031647184,1.2582984506623554,1.2369885019854283,1.2193608157979523,1.2027951604693263,1.164653545435041,1.1323927344380857,1.1052675326748984,1.0827942153036638,1.0642174122752805,1.0504996041564014,1.0422384728911647,1.00868833319763,0.9806716865926971,0.9664431730440147,0.9452622315747712,0.9419937688628663,0.9322442479528338,0.9154979761070862,0.9132099306734797,0.8986658539751553,0.896315622665952,0.886985855167967,0.8749612592439854,0.8710231158596443,0.8646488678144018,0.861672889062498,0.8573067644222354,0.8491886562253028,0.8471319983435981,0.8451013315146397,0.8420865011211851,0.8411481644713482,0.8382301820464095,0.8368956291232073,0.8347349799443752,0.8321288157227541,0.8287379195941713],[1.4236669101533963,1.3523760872918207,1.2869071509387042,1.228902900541151,1.1849011343878668,1.1476864331477397,1.112384912129995,1.0869106022087303,1.0658431343130164,1.0420764265833675,1.0200487343040672,0.9975789012135686,0.9823703024838422,0.9698236794085116,0.9429687132706513,0.9196607953793293,0.90081284175048,0.880482423949886,0.8494225531011015,0.8224433918257017,0.7984268455891996,0.7777618685284177,0.7593577149752024,0.7443665676825756,0.735280351864325,0.7052172772787713,0.6781605127695445,0.6618265855956722,0.6404173382230707,0.6363408932009259,0.6238876947680035,0.6062908607560236,0.6049581774183221,0.5869426276232745,0.5845069116031801,0.5750959741102682,0.5613824443237202,0.5561933042229833,0.5498442512911719,0.544195094221347,0.5390177804070551,0.5283274829790399,0.5241145978908281,0.5197585418417647,0.5147144291046504,0.512047911415229,0.5049053517145079,0.5020448772891147,0.49703067541122437,0.4930549318323264,0.48649115689300204],[3.803506208911615,3.3931047462700845,3.0611510109435947,2.785506695029644,2.556938132209829,2.3717975481972036,2.2126133577014633,2.0890267556766107,1.9789097250321497,1.8903771907265658,1.8132767177561238,1.7546609729482547,1.7014618261453274,1.6482854665485733,1.5833149909392839,1.530140554044154,1.486840799103448,1.4467161980484324,1.3564178808944114,1.2823133050081652,1.2216163187852576,1.1724433126950768,1.1325587005898945,1.103549418332756,1.086261034374507,1.017452153529013,0.9617169568845652,0.9340124067233834,0.8935206864417163,0.8873522605764673,0.8690793378411447,0.8381365442561709,0.8339523774806615,0.8076003171008952,0.8033816954350532,0.7867439072680498,0.7655572051778206,0.7586812683618434,0.7476176646127268,0.7424801677453119,0.7349748883241223,0.7211213738617356,0.717632622617618,0.714196260527817,0.7091096753705197,0.7075302345935183,0.7026298380935568,0.7003942940455289,0.6967824867427364,0.6924383659561533,0.6868065393732752],[1.6348838314815328,1.6338858003938568,1.647974423338803,1.6625567059785062,1.6821034986044696,1.7041341277106279,1.7232904870098538,1.748078830377645,1.7659625180864782,1.7905793202493554,1.8064126622221444,1.8303558861163232,1.8491630542293471,1.872643077684223,1.8949463437066199,1.9149827010579907,1.937922611957827,1.956482568991607,1.9735997293919902,1.9890393000259956,2.0031399449180882,2.015556121691151,2.0287251104948316,2.044236259533364,2.0508814500600066,2.0676043593881435,2.0846586509767078,2.1025402880650463,2.1028861381873725,2.103792341579561,2.1137959364533776,2.114276307529472,2.1114831919752044,2.116467063036227,2.111873244257388,2.120034001358872,2.1309199301031723,2.1294355326999765,2.1374651951836365,2.136497467789755,2.1363215577943584,2.139759951552455,2.138944702967795,2.138696246178852,2.1368051901924368,2.135460685912809,2.1410495231412807,2.141240461148488,2.143525395069766,2.1498562483875063,2.155514503563542],[1.3412162162162167,1.3532390745465757,1.3743849714550924,1.3838965993328445,1.3943260976261262,1.4037126437307295,1.3988908024782452,1.4107188385257634,1.4093369812536034,1.4217944697778846,1.415579103980293,1.427819801163784,1.4299721933776377,1.4357632114737469,1.445425862038122,1.456148463727365,1.4707803985987964,1.4761586935095663,1.4730026806540961,1.473289125945788,1.4680742958435653,1.4667071282140876,1.4705735109916231,1.4733154123896386,1.475803195370342,1.4872886970576173,1.4976256571511237,1.501473197099889,1.5011967349637418,1.501045472325738,1.5011672560237157,1.5014886704326882,1.4970036028316829,1.4917319582382336,1.4854002077942523,1.4862903724064536,1.4912593712243358,1.4907333679176042,1.4931112268156423,1.4905753489126712,1.4961076830243203,1.4920955185965374,1.4902422868880576,1.4920241819927655,1.491720573038056,1.4915760108003153,1.4958998995935149,1.495900932284731,1.4989027798656211,1.5047436720803373,1.509019891680528],[2.672845142439737,2.669582808728674,2.7158196999788604,2.7640948005941013,2.829472180017397,2.904073125228063,2.969730102618659,3.055779597214476,3.1186236152863347,3.206174302104644,3.2631267062364953,3.350202669840671,3.4194040011268076,3.5067920963986388,3.5908216455270874,3.667158745351358,3.7555440499374466,3.8278240427679986,3.8950958918561374,3.9562773370479025,4.012569638926442,4.062466479686674,4.115725573952267,4.178901884790959,4.206114722200236,4.274987786960856,4.345801691092027,4.420675662936648,4.422130110180601,4.425942216488813,4.468133260966812,4.470164304580458,4.458361269993797,4.479432828917192,4.460008599810227,4.494544166917709,4.540819748510908,4.534495687925233,4.568757460621422,4.564621429872035,4.563869798296913,4.5785726502677635,4.575084442353989,4.5740216334195125,4.565936420833336,4.560192341079204,4.584093060543505,4.58491071245939,4.594701119308997,4.621881888730804,4.646242775072783]]},{"__meta":{"schema_version":3,"schema_name":"TwoDimTableV3","schema_type":"TwoDimTable"},"name":"Scoring History","description":"","columns":[{"__meta":{"schema_version":-1,"schema_name":"ColumnSpecsBase","schema_type":"Iced"},"name":"","type":"string","format":"%s","description":""},{"__meta":{"schema_version":-1,"schema_name":"ColumnSpecsBase","schema_type":"Iced"},"name":"timestamp","type":"string","format":"%s","description":"Timestamp"},{"__meta":{"schema_version":-1,"schema_name":"ColumnSpecsBase","schema_type":"Iced"},"name":"duration","type":"string","format":"%s","description":"Duration"},{"__meta":{"schema_version":-1,"schema_name":"ColumnSpecsBase","schema_type":"Iced"},"name":"number_of_trees","type":"long","format":"%d","description":"Number of Trees"},{"__meta":{"schema_version":-1,"schema_name":"ColumnSpecsBase","schema_type":"Iced"},"name":"training_rmse","type":"double","format":"%.5f","description":"Training RMSE"},{"__meta":{"schema_version":-1,"schema_name":"ColumnSpecsBase","schema_type":"Iced"},"name":"training_mae","type":"double","format":"%.5f","description":"Training MAE"},{"__meta":{"schema_version":-1,"schema_name":"ColumnSpecsBase","schema_type":"Iced"},"name":"training_deviance","type":"double","format":"%.5f","description":"Training Deviance"},{"__meta":{"schema_version":-1,"schema_name":"ColumnSpecsBase","schema_type":"Iced"},"name":"validation_rmse","type":"double","format":"%.5f","description":"Validation RMSE"},{"__meta":{"schema_version":-1,"schema_name":"ColumnSpecsBase","schema_type":"Iced"},"name":"validation_mae","type":"double","format":"%.5f","description":"Validation MAE"},{"__meta":{"schema_version":-1,"schema_name":"ColumnSpecsBase","schema_type":"Iced"},"name":"validation_deviance","type":"double","format":"%.5f","description":"Validation Deviance"}],"rowcount":51,"data":[["","","","","","","","","","","","","","","","","","","","","","","","","","","","","","","","","","","","","","","","","","","","","","","","","","",""],["2021-08-23 23:34:26","2021-08-23 23:34:26","2021-08-23 23:34:26","2021-08-23 23:34:26","2021-08-23 23:34:26","2021-08-23 23:34:26","2021-08-23 23:34:26","2021-08-23 23:34:26","2021-08-23 23:34:26","2021-08-23 23:34:26","2021-08-23 23:34:26","2021-08-23 23:34:26","2021-08-23 23:34:26","2021-08-23 23:34:26","2021-08-23 23:34:26","2021-08-23 23:34:26","2021-08-23 23:34:26","2021-08-23 23:34:26","2021-08-23 23:34:26","2021-08-23 23:34:26","2021-08-23 23:34:26","2021-08-23 23:34:26","2021-08-23 23:34:26","2021-08-23 23:34:26","2021-08-23 23:34:26","2021-08-23 23:34:26","2021-08-23 23:34:26","2021-08-23 23:34:26","2021-08-23 23:34:26","2021-08-23 23:34:26","2021-08-23 23:34:26","2021-08-23 23:34:26","2021-08-23 23:34:26","2021-08-23 23:34:26","2021-08-23 23:34:26","2021-08-23 23:34:26","2021-08-23 23:34:26","2021-08-23 23:34:26","2021-08-23 23:34:26","2021-08-23 23:34:26","2021-08-23 23:34:26","2021-08-23 23:34:26","2021-08-23 23:34:26","2021-08-23 23:34:26","2021-08-23 23:34:26","2021-08-23 23:34:26","2021-08-23 23:34:26","2021-08-23 23:34:26","2021-08-23 23:34:26","2021-08-23 23:34:26","2021-08-23 23:34:26"],[" 0.020 sec"," 0.032 sec"," 0.038 sec"," 0.044 sec"," 0.050 sec"," 0.052 sec"," 0.055 sec"," 0.057 sec"," 0.061 sec"," 0.064 sec"," 0.068 sec"," 0.071 sec"," 0.075 sec"," 0.079 sec"," 0.081 sec"," 0.083 sec"," 0.085 sec"," 0.086 sec"," 0.089 sec"," 0.091 sec"," 0.093 sec"," 0.095 sec"," 0.097 sec"," 0.098 sec"," 0.100 sec"," 0.101 sec"," 0.103 sec"," 0.105 sec"," 0.107 sec"," 0.109 sec"," 0.110 sec"," 0.112 sec"," 0.114 sec"," 0.116 sec"," 0.118 sec"," 0.120 sec"," 0.122 sec"," 0.124 sec"," 0.136 sec"," 0.138 sec"," 0.139 sec"," 0.141 sec"," 0.143 sec"," 0.145 sec"," 0.147 sec"," 0.149 sec"," 0.151 sec"," 0.153 sec"," 0.155 sec"," 0.157 sec"," 0.158 sec"],[0,1,2,3,4,5,6,7,8,9,10,11,12,13,14,15,16,17,18,19,20,21,22,23,24,25,26,27,28,29,30,31,32,33,34,35,36,37,38,39,40,41,42,43,44,45,46,47,48,49,50],[1.455778122114907,1.3889847956628762,1.3323045762619359,1.2845368942835764,1.2444392108097166,1.2114300957481587,1.1656314605067573,1.1405688470825452,1.1048218208122598,1.0867728740367284,1.0647193890844868,1.0457522454334656,1.0365995064302038,1.0227840045108048,0.994794270126426,0.9635943111431992,0.9375272764283591,0.915769865062169,0.8963584977846942,0.88126268923285,0.8734473950095032,0.8610788647323288,0.847480383013291,0.8388516750155189,0.8329918123708919,0.8241707037290174,0.8199563372817322,0.8165084425333411,0.814586706230528,0.811954576548887,0.8060652972322816,0.8011251284914207,0.8002086325557076,0.7982882773757647,0.7933858445039181,0.7922953984497516,0.7876408898277408,0.7871819531964814,0.7861073075907828,0.7857562105003814,0.7821146488051459,0.7818345511603723,0.7811854190718507,0.778657244235004,0.778311885273981,0.7769625121940974,0.775934996622769,0.7738544343953241,0.7719777501126894,0.7717254963097314,0.7715210255231176],[1.152662721893491,1.1020118713378906,1.058641426379864,1.0254208638117863,0.9941778256342961,0.9677918874300443,0.9277213243337777,0.9042355097257174,0.8699135780334473,0.8526265364426833,0.8319229419414814,0.8133588790893554,0.8019261066730206,0.784108147254357,0.7567626659686749,0.7293800830841064,0.7046535601982704,0.6834498918973483,0.663704384290255,0.6453104019165039,0.6358552639301006,0.6180301336141732,0.5986643754518949,0.5854111488048847,0.5759469142326942,0.560153106542734,0.5535713856036847,0.5483545560103197,0.5445963272681603,0.5400752984560453,0.5320706037374643,0.5245806217193604,0.5212349891662598,0.5182344143207257,0.5112932938795823,0.5096546539893517,0.5003965671245868,0.49756188025841347,0.49580119939950795,0.4943163248208853,0.4862073494837834,0.4840074062347412,0.4826722365159255,0.47653065828176644,0.4749534570253812,0.4715285447927622,0.4683732509613037,0.4629349451798659,0.4593649570758526,0.45806904205909144,0.456932284281804],[2.1192899408284056,1.929278762582642,1.7750354839284963,1.6500350327756959,1.5486289494007102,1.4675628768843931,1.3586967017231157,1.3008972949352062,1.220631255742917,1.181075279742051,1.1336273774924428,1.093597758829135,1.0745385367313423,1.0460871198831578,0.9896156398763686,0.9285139964675365,0.8789573940471769,0.8386344457559831,0.8034585565508336,0.7766239274339148,0.7629103518488871,0.7414568112887161,0.7182229995923544,0.7036721326763419,0.6938753594769432,0.6792573488851836,0.6723283950484739,0.6666860367282224,0.6635515019675005,0.6592702343786825,0.6497412634021665,0.6418014715003953,0.6403338556166756,0.6372641737955659,0.6294610982591954,0.6277319984046507,0.6203781713286354,0.6196554274382274,0.6179646990476297,0.6174128223399197,0.6117033238755968,0.6112652653881407,0.6102506589704629,0.6063071039996508,0.6057693907587385,0.603670745354963,0.6020751189839766,0.5988506856333069,0.59594964666905,0.5955602416545013,0.5952446928242431],[2.5363670104342466,2.5042341328320403,2.474292524275957,2.456184349282131,2.4404253056033243,2.4296249091467796,2.4501188153064124,2.4408539197187475,2.462107414355005,2.4553651646684735,2.448202382132762,2.4537056648949216,2.4602742772059156,2.4546741759224133,2.4843602674043774,2.498449923249884,2.51180526328056,2.5295152785654724,2.5414643869668914,2.5540737321132245,2.5615491345284256,2.5727265947753697,2.582518260014562,2.5876005846598558,2.5918336346199413,2.5994453967335978,2.6042403937575997,2.606231324672962,2.6113264533564426,2.6156756723819963,2.625921342633766,2.6306344163317568,2.6310868567194863,2.6347284076696122,2.636312091638424,2.6393568971766155,2.6451677080268134,2.6436622663048612,2.6470647969110903,2.648065185247751,2.6559424275854915,2.6548773392390483,2.655341304628613,2.662221550535201,2.662479234209097,2.6627117945815773,2.663167740510741,2.6681254546917827,2.6728869469474295,2.673507745765402,2.6741977208807266],[1.7403263403263403,1.7372319346072373,1.7396800704421975,1.7554699722234604,1.7620476264853926,1.7702156554351807,1.7945617910342113,1.8002993545729433,1.8207194393650479,1.822822048178698,1.8257469668872612,1.8385023171393666,1.8515220409429618,1.8524881877852843,1.8797466335198376,1.8996892092186124,1.9174123358095416,1.9372701541832182,1.9517539804745987,1.9658532434821538,1.9703695296931856,1.9817665950904246,1.9949185898133484,2.006163788647817,2.016066519923398,2.0243951616106073,2.0303918308440174,2.0340221077827483,2.03876068709997,2.0438283045489762,2.052208504895965,2.0538718948329238,2.053136725161222,2.0575629366927197,2.0597459466618466,2.0643927635595323,2.0704660201965868,2.0684740306301856,2.0724465909527185,2.074224954400468,2.0807875423537254,2.0792469747446845,2.081234148728681,2.0850928997675044,2.085986874262554,2.08848563010788,2.0900886722383833,2.0931189402437256,2.09679949711782,2.0968293969009983,2.096911241433607],[6.433157611619157,6.2711885920410415,6.1221234956878865,6.032841557658486,5.955675672229079,5.903077199146497,6.003082209118498,5.957767857406373,6.061972919821889,6.02881809186744,5.993694903880532,6.02067148993743,6.05294951908109,6.025425309940379,6.172045938257549,6.242252018987352,6.309165680643924,6.39844754449616,6.459041230220996,6.5232926290707764,6.561533968603325,6.61892213146447,6.669400563308643,6.6956767857320285,6.717601589547216,6.7571163705994906,6.782068028478738,6.792441717706582,6.819025845999137,6.841759223091008,6.89546289769952,6.920237432389122,6.922618047602027,6.941793782181251,6.950141444518962,6.966204830673771,6.996912203587826,6.988950178284155,7.006952039045951,7.012249225321205,7.054030178648713,7.048373686405008,7.050837444066784,7.08742358413405,7.088795672594659,7.090034101003845,7.092462414097085,7.118893441974232,7.14432463116195,7.1476436666676015,7.151333450363672]]}],"reproducibility_information_table":[{"__meta":{"schema_version":3,"schema_name":"TwoDimTableV3","schema_type":"TwoDimTable"},"name":"Node Information","description":"","columns":[{"__meta":{"schema_version":-1,"schema_name":"ColumnSpecsBase","schema_type":"Iced"},"name":"","type":"string","format":"%s","description":""},{"__meta":{"schema_version":-1,"schema_name":"ColumnSpecsBase","schema_type":"Iced"},"name":"node","type":"int","format":"%d","description":"node"},{"__meta":{"schema_version":-1,"schema_name":"ColumnSpecsBase","schema_type":"Iced"},"name":"h2o","type":"string","format":"%s","description":"h2o"},{"__meta":{"schema_version":-1,"schema_name":"ColumnSpecsBase","schema_type":"Iced"},"name":"healthy","type":"string","format":"%s","description":"healthy"},{"__meta":{"schema_version":-1,"schema_name":"ColumnSpecsBase","schema_type":"Iced"},"name":"last_ping","type":"string","format":"%s","description":"last_ping"},{"__meta":{"schema_version":-1,"schema_name":"ColumnSpecsBase","schema_type":"Iced"},"name":"num_cpus","type":"int","format":"%d","description":"num_cpus"},{"__meta":{"schema_version":-1,"schema_name":"ColumnSpecsBase","schema_type":"Iced"},"name":"sys_load","type":"double","format":"%.5f","description":"sys_load"},{"__meta":{"schema_version":-1,"schema_name":"ColumnSpecsBase","schema_type":"Iced"},"name":"mem_value_size","type":"long","format":"%d","description":"mem_value_size"},{"__meta":{"schema_version":-1,"schema_name":"ColumnSpecsBase","schema_type":"Iced"},"name":"free_mem","type":"long","format":"%d","description":"free_mem"},{"__meta":{"schema_version":-1,"schema_name":"ColumnSpecsBase","schema_type":"Iced"},"name":"pojo_mem","type":"long","format":"%d","description":"pojo_mem"},{"__meta":{"schema_version":-1,"schema_name":"ColumnSpecsBase","schema_type":"Iced"},"name":"swap_mem","type":"long","format":"%d","description":"swap_mem"},{"__meta":{"schema_version":-1,"schema_name":"ColumnSpecsBase","schema_type":"Iced"},"name":"free_disc","type":"long","format":"%d","description":"free_disc"},{"__meta":{"schema_version":-1,"schema_name":"ColumnSpecsBase","schema_type":"Iced"},"name":"max_disc","type":"long","format":"%d","description":"max_disc"},{"__meta":{"schema_version":-1,"schema_name":"ColumnSpecsBase","schema_type":"Iced"},"name":"pid","type":"int","format":"%d","description":"pid"},{"__meta":{"schema_version":-1,"schema_name":"ColumnSpecsBase","schema_type":"Iced"},"name":"num_keys","type":"int","format":"%d","description":"num_keys"},{"__meta":{"schema_version":-1,"schema_name":"ColumnSpecsBase","schema_type":"Iced"},"name":"tcps_active","type":"string","format":"%s","description":"tcps_active"},{"__meta":{"schema_version":-1,"schema_name":"ColumnSpecsBase","schema_type":"Iced"},"name":"open_fds","type":"int","format":"%d","description":"open_fds"},{"__meta":{"schema_version":-1,"schema_name":"ColumnSpecsBase","schema_type":"Iced"},"name":"rpcs_active","type":"string","format":"%s","description":"rpcs_active"},{"__meta":{"schema_version":-1,"schema_name":"ColumnSpecsBase","schema_type":"Iced"},"name":"nthreads","type":"int","format":"%d","description":"nthreads"},{"__meta":{"schema_version":-1,"schema_name":"ColumnSpecsBase","schema_type":"Iced"},"name":"is_leader","type":"string","format":"%s","description":"is_leader"},{"__meta":{"schema_version":-1,"schema_name":"ColumnSpecsBase","schema_type":"Iced"},"name":"total_mem","type":"long","format":"%d","description":"total_mem"},{"__meta":{"schema_version":-1,"schema_name":"ColumnSpecsBase","schema_type":"Iced"},"name":"max_mem","type":"long","format":"%d","description":"max_mem"},{"__meta":{"schema_version":-1,"schema_name":"ColumnSpecsBase","schema_type":"Iced"},"name":"java_version","type":"string","format":"%s","description":"java_version"},{"__meta":{"schema_version":-1,"schema_name":"ColumnSpecsBase","schema_type":"Iced"},"name":"jvm_launch_parameters","type":"string","format":"%s","description":"jvm_launch_parameters"},{"__meta":{"schema_version":-1,"schema_name":"ColumnSpecsBase","schema_type":"Iced"},"name":"os_version","type":"string","format":"%s","description":"os_version"},{"__meta":{"schema_version":-1,"schema_name":"ColumnSpecsBase","schema_type":"Iced"},"name":"machine_physical_mem","type":"long","format":"%d","description":"machine_physical_mem"},{"__meta":{"schema_version":-1,"schema_name":"ColumnSpecsBase","schema_type":"Iced"},"name":"machine_locale","type":"string","format":"%s","description":"machine_locale"}],"rowcount":1,"data":[[""],[0],["127.0.0.1:54321"],["true"],["1629754465585"],[8],[0.0010920882],[18681448],[4244828568],[0],[0],[52073332736],[106766008320],[12212],[9297],["\u0000"],[-1],["\u0000"],[8],["true"],[707788800],[4263510016],["Java 11.0.7 (from Oracle Corporation)"],["[]"],["Windows 10 10.0 (amd64)"],[17052135424],["en_US"]]},{"__meta":{"schema_version":3,"schema_name":"TwoDimTableV3","schema_type":"TwoDimTable"},"name":"Cluster Configuration","description":"","columns":[{"__meta":{"schema_version":-1,"schema_name":"ColumnSpecsBase","schema_type":"Iced"},"name":"","type":"string","format":"%s","description":""},{"__meta":{"schema_version":-1,"schema_name":"ColumnSpecsBase","schema_type":"Iced"},"name":"h2o_cluster_uptime","type":"long","format":"%d","description":"H2O cluster uptime"},{"__meta":{"schema_version":-1,"schema_name":"ColumnSpecsBase","schema_type":"Iced"},"name":"h2o_cluster_timezone","type":"string","format":"%s","description":"H2O cluster timezone"},{"__meta":{"schema_version":-1,"schema_name":"ColumnSpecsBase","schema_type":"Iced"},"name":"h2o_data_parsing_timezone","type":"string","format":"%s","description":"H2O data parsing timezone"},{"__meta":{"schema_version":-1,"schema_name":"ColumnSpecsBase","schema_type":"Iced"},"name":"h2o_cluster_version","type":"string","format":"%s","description":"H2O cluster version"},{"__meta":{"schema_version":-1,"schema_name":"ColumnSpecsBase","schema_type":"Iced"},"name":"h2o_cluster_version_age","type":"string","format":"%s","description":"H2O cluster version age"},{"__meta":{"schema_version":-1,"schema_name":"ColumnSpecsBase","schema_type":"Iced"},"name":"h2o_cluster_name","type":"string","format":"%s","description":"H2O cluster name"},{"__meta":{"schema_version":-1,"schema_name":"ColumnSpecsBase","schema_type":"Iced"},"name":"h2o_cluster_total_nodes","type":"int","format":"%d","description":"H2O cluster total nodes"},{"__meta":{"schema_version":-1,"schema_name":"ColumnSpecsBase","schema_type":"Iced"},"name":"h2o_cluster_free_memory","type":"long","format":"%d","description":"H2O cluster free memory"},{"__meta":{"schema_version":-1,"schema_name":"ColumnSpecsBase","schema_type":"Iced"},"name":"h2o_cluster_total_cores","type":"int","format":"%d","description":"H2O cluster total cores"},{"__meta":{"schema_version":-1,"schema_name":"ColumnSpecsBase","schema_type":"Iced"},"name":"h2o_cluster_allowed_cores","type":"int","format":"%d","description":"H2O cluster allowed cores"},{"__meta":{"schema_version":-1,"schema_name":"ColumnSpecsBase","schema_type":"Iced"},"name":"h2o_cluster_status","type":"string","format":"%s","description":"H2O cluster status"},{"__meta":{"schema_version":-1,"schema_name":"ColumnSpecsBase","schema_type":"Iced"},"name":"h2o_internal_security","type":"string","format":"%s","description":"H2O internal security"},{"__meta":{"schema_version":-1,"schema_name":"ColumnSpecsBase","schema_type":"Iced"},"name":"h2o_api_extensions","type":"string","format":"%s","description":"H2O API Extensions"}],"rowcount":1,"data":[[""],[39551753],["Europe/Berlin"],["UTC"],["3.32.1.5"],["19 days"],["H2O_from_python_alina_k478fo"],[1],[4244828568],[8],[8],["locked, healthly"],["false"],["Amazon S3, Algos, AutoML, Core V3, TargetEncoder, Core V4"]]},{"__meta":{"schema_version":3,"schema_name":"TwoDimTableV3","schema_type":"TwoDimTable"},"name":"Input Frames Information","description":"","columns":[{"__meta":{"schema_version":-1,"schema_name":"ColumnSpecsBase","schema_type":"Iced"},"name":"","type":"string","format":"%s","description":""},{"__meta":{"schema_version":-1,"schema_name":"ColumnSpecsBase","schema_type":"Iced"},"name":"input_frame","type":"string","format":"%s","description":"Input Frame"},{"__meta":{"schema_version":-1,"schema_name":"ColumnSpecsBase","schema_type":"Iced"},"name":"checksum","type":"long","format":"%d","description":"Checksum"},{"__meta":{"schema_version":-1,"schema_name":"ColumnSpecsBase","schema_type":"Iced"},"name":"espc","type":"string","format":"%d","description":"ESPC"}],"rowcount":3,"data":[["","",""],["training_frame","validation_frame","calibration_frame"],[-1925287735218338926,-3237526119035733216,-1],["[0, 98]","[0, 33]","-1"]]}],"training_metrics":{"__meta":{"schema_version":3,"schema_name":"ModelMetricsRegressionV3","schema_type":"ModelMetricsRegression"},"model":{"__meta":{"schema_version":3,"schema_name":"ModelKeyV3","schema_type":"Key<Model>"},"name":"regular_all_gbm_model","type":"Key<Model>","URL":"/3/Models/regular_all_gbm_model"},"model_checksum":-4838232605049807168,"frame":{"__meta":{"schema_version":3,"schema_name":"FrameKeyV3","schema_type":"Key<Frame>"},"name":"py_125_sid_b9ee","type":"Key<Frame>","URL":"/3/Frames/py_125_sid_b9ee"},"frame_checksum":5988065400222413664,"description":null,"model_category":"Regression","scoring_time":1629754466282,"predictions":null,"MSE":1.045459653141122,"RMSE":1.022477213996049,"nobs":98,"custom_metric_name":null,"custom_metric_value":0.0,"r2":0.7035111617077415,"mean_residual_deviance":1.045459653141122,"mae":0.6441894443515612,"rmsle":0.16824202546718334},"validation_metrics":{"__meta":{"schema_version":3,"schema_name":"ModelMetricsRegressionV3","schema_type":"ModelMetricsRegression"},"model":{"__meta":{"schema_version":3,"schema_name":"ModelKeyV3","schema_type":"Key<Model>"},"name":"regular_all_gbm_model","type":"Key<Model>","URL":"/3/Models/regular_all_gbm_model"},"model_checksum":-4838232605049807168,"frame":{"__meta":{"schema_version":3,"schema_name":"FrameKeyV3","schema_type":"Key<Frame>"},"name":"py_126_sid_b9ee","type":"Key<Frame>","URL":"/3/Frames/py_126_sid_b9ee"},"frame_checksum":-3417572704000803360,"description":null,"model_category":"Regression","scoring_time":1629754466282,"predictions":null,"MSE":8.94079539918879,"RMSE":2.9901162852285177,"nobs":33,"custom_metric_name":null,"custom_metric_value":0.0,"r2":-0.7505440830126899,"mean_residual_deviance":8.94079539918879,"mae":2.0920633617918947,"rmsle":"Infinity"},"cross_validation_metrics":{"__meta":{"schema_version":3,"schema_name":"ModelMetricsRegressionV3","schema_type":"ModelMetricsRegression"},"model":{"__meta":{"schema_version":3,"schema_name":"ModelKeyV3","schema_type":"Key<Model>"},"name":"regular_all_gbm_model","type":"Key<Model>","URL":"/3/Models/regular_all_gbm_model"},"model_checksum":-4838232605049807168,"frame":{"__meta":{"schema_version":3,"schema_name":"FrameKeyV3","schema_type":"Key<Frame>"},"name":"py_125_sid_b9ee","type":"Key<Frame>","URL":"/3/Frames/py_125_sid_b9ee"},"frame_checksum":5988065400222413664,"description":"4-fold cross-validation on training data (Metrics computed for combined holdout predictions)","model_category":"Regression","scoring_time":1629754466285,"predictions":null,"MSE":5.456504823620783,"RMSE":2.3359162706785495,"nobs":98,"custom_metric_name":null,"custom_metric_value":0.0,"r2":-0.5474463997063039,"mean_residual_deviance":5.456504823620783,"mae":1.7666291971546055,"rmsle":0.44253180035667067},"cross_validation_metrics_summary":{"__meta":{"schema_version":3,"schema_name":"TwoDimTableV3","schema_type":"TwoDimTable"},"name":"Cross-Validation Metrics Summary","description":"","columns":[{"__meta":{"schema_version":-1,"schema_name":"ColumnSpecsBase","schema_type":"Iced"},"name":"","type":"string","format":"%s","description":""},{"__meta":{"schema_version":-1,"schema_name":"ColumnSpecsBase","schema_type":"Iced"},"name":"mean","type":"string","format":"%s","description":"mean"},{"__meta":{"schema_version":-1,"schema_name":"ColumnSpecsBase","schema_type":"Iced"},"name":"sd","type":"string","format":"%s","description":"sd"},{"__meta":{"schema_version":-1,"schema_name":"ColumnSpecsBase","schema_type":"Iced"},"name":"cv_1_valid","type":"string","format":"%s","description":"cv_1_valid"},{"__meta":{"schema_version":-1,"schema_name":"ColumnSpecsBase","schema_type":"Iced"},"name":"cv_2_valid","type":"string","format":"%s","description":"cv_2_valid"},{"__meta":{"schema_version":-1,"schema_name":"ColumnSpecsBase","schema_type":"Iced"},"name":"cv_3_valid","type":"string","format":"%s","description":"cv_3_valid"},{"__meta":{"schema_version":-1,"schema_name":"ColumnSpecsBase","schema_type":"Iced"},"name":"cv_4_valid","type":"string","format":"%s","description":"cv_4_valid"}],"rowcount":7,"data":[["mae","mean_residual_deviance","mse","r2","residual_deviance","rmse","rmsle"],["1.782293","5.7762856","5.7762856","-1.1574718","5.7762856","2.3619242","0.43185198"],["0.3242232","2.3766897","2.3766897","1.1277633","2.3766897","0.51328945","0.1368067"],["1.4962485","3.0319328","3.0319328","-0.91718453","3.0319328","1.7412446","0.25974157"],["2.0269923","8.275633","8.275633","-2.7831464","8.275633","2.87674","0.5192784"],["1.5090199","4.6462426","4.6462426","-0.7434761","4.6462426","2.1555145","0.38673782"],["2.0969112","7.1513333","7.1513333","-0.18608013","7.1513333","2.6741977","0.5616501"]]},"status":null,"start_time":1629754466219,"end_time":1629754466284,"run_time":65,"default_threshold":0.5,"help":{"domains":"Domains for categorical columns", "__meta":"Metadata on this schema instance, to make it self-describing.", "help":"Help information for output fields", "training_metrics":"Training data model metrics", "cross_validation_models":"Cross-validation models (model ids)", "cross_validation_predictions":"Cross-validation predictions, one per cv model (deprecated, use cross_validation_holdout_predictions_frame_id instead)", "cross_validation_metrics_summary":"Cross-validation model metrics summary", "status":"Job status", "reproducibility_information_table":"Model reproducibility information", "variable_importances":"Variable Importances", "model_summary":"Model summary", "end_time":"End time in milliseconds", "names":"Column names", "cross_validation_fold_assignment_frame_id":"Cross-validation fold assignment (each row is assigned to one holdout fold)", "run_time":"Runtime in milliseconds", "default_threshold":"Default threshold used for predictions", "scoring_history":"Scoring history", "cross_validation_holdout_predictions_frame_id":"Cross-validation holdout predictions (full out-of-sample predictions on training data)", "init_f":"The Intercept term, the initial model function value to which trees make adjustments", "model_category":"Category of the model (e.g., Binomial)", "column_types":"Column types", "original_names":"Original column names", "start_time":"Start time in milliseconds", "cv_scoring_history":"Cross-Validation scoring history", "cross_validation_metrics":"Cross-validation model metrics", "validation_metrics":"Validation data model metrics"},"variable_importances":{"__meta":{"schema_version":3,"schema_name":"TwoDimTableV3","schema_type":"TwoDimTable"},"name":"Variable Importances","description":"","columns":[{"__meta":{"schema_version":-1,"schema_name":"ColumnSpecsBase","schema_type":"Iced"},"name":"variable","type":"string","format":"%s","description":"Variable"},{"__meta":{"schema_version":-1,"schema_name":"ColumnSpecsBase","schema_type":"Iced"},"name":"relative_importance","type":"double","format":"%5f","description":"Relative Importance"},{"__meta":{"schema_version":-1,"schema_name":"ColumnSpecsBase","schema_type":"Iced"},"name":"scaled_importance","type":"double","format":"%5f","description":"Scaled Importance"},{"__meta":{"schema_version":-1,"schema_name":"ColumnSpecsBase","schema_type":"Iced"},"name":"percentage","type":"double","format":"%5f","description":"Percentage"}],"rowcount":4,"data":[["style","abv","pasteurization","flavor"],[581.6912841796875,508.3228759765625,95.9391860961914,93.55250549316406],[1.0,0.8738705388948872,0.16493144852855537,0.16082844635551596],[0.4546218240315956,0.39728061835986705,0.07498143597022507,0.0731161216383123]]},"init_f":6.724489795918367},"compatible_frames":null}
