{"__meta":{"schema_version":3,"schema_name":"DRFModelV3","schema_type":"DRFModel"},"model_id":{"__meta":{"schema_version":3,"schema_name":"ModelKeyV3","schema_type":"Key<Model>"},"name":"regular_2std_drf_model","type":"Key<Model>","URL":"/3/Models/regular_2std_drf_model"},"algo":"drf","algo_full_name":"Distributed Random Forest","response_column_name":"rating","data_frame":{"__meta":{"schema_version":3,"schema_name":"FrameKeyV3","schema_type":"Key<Frame>"},"name":"py_25_sid_8a81","type":"Key<Frame>","URL":"/3/Frames/py_25_sid_8a81"},"timestamp":1630351062304,"have_pojo":true,"have_mojo":true,"algo":"drf","algo_full_name":"Distributed Random Forest","model_id":{"__meta":{"schema_version":3,"schema_name":"ModelKeyV3","schema_type":"Key<Model>"},"name":"regular_2std_drf_model","type":"Key<Model>","URL":"/3/Models/regular_2std_drf_model"},"parameters":[{"__meta":{"schema_version":3,"schema_name":"ModelParameterSchemaV3","schema_type":"Iced"},"name":"model_id","label":"model_id","help":"Destination id for this model; auto-generated if not specified.","required":false,"type":"Key<Model>","default_value":null,"actual_value":{"__meta":{"schema_version":3,"schema_name":"ModelKeyV3","schema_type":"Key<Model>"},"name":"regular_2std_drf_model","type":"Key<Model>","URL":"/3/Models/regular_2std_drf_model"},"input_value":null,"level":"critical","values":[],"is_member_of_frames":[],"is_mutually_exclusive_with":[],"gridable":false},{"__meta":{"schema_version":3,"schema_name":"ModelParameterSchemaV3","schema_type":"Iced"},"name":"training_frame","label":"training_frame","help":"Id of the training data frame.","required":false,"type":"Key<Frame>","default_value":null,"actual_value":{"__meta":{"schema_version":3,"schema_name":"FrameKeyV3","schema_type":"Key<Frame>"},"name":"py_25_sid_8a81","type":"Key<Frame>","URL":"/3/Frames/py_25_sid_8a81"},"input_value":{"__meta":{"schema_version":3,"schema_name":"FrameKeyV3","schema_type":"Key<Frame>"},"name":"py_25_sid_8a81","type":"Key<Frame>","URL":"/3/Frames/py_25_sid_8a81"},"level":"critical","values":[],"is_member_of_frames":[],"is_mutually_exclusive_with":[],"gridable":false},{"__meta":{"schema_version":3,"schema_name":"ModelParameterSchemaV3","schema_type":"Iced"},"name":"validation_frame","label":"validation_frame","help":"Id of the validation data frame.","required":false,"type":"Key<Frame>","default_value":null,"actual_value":{"__meta":{"schema_version":3,"schema_name":"FrameKeyV3","schema_type":"Key<Frame>"},"name":"py_26_sid_8a81","type":"Key<Frame>","URL":"/3/Frames/py_26_sid_8a81"},"input_value":{"__meta":{"schema_version":3,"schema_name":"FrameKeyV3","schema_type":"Key<Frame>"},"name":"py_26_sid_8a81","type":"Key<Frame>","URL":"/3/Frames/py_26_sid_8a81"},"level":"critical","values":[],"is_member_of_frames":[],"is_mutually_exclusive_with":[],"gridable":true},{"__meta":{"schema_version":3,"schema_name":"ModelParameterSchemaV3","schema_type":"Iced"},"name":"nfolds","label":"nfolds","help":"Number of folds for K-fold cross-validation (0 to disable or >= 2).","required":false,"type":"int","default_value":0,"actual_value":4,"input_value":4,"level":"critical","values":[],"is_member_of_frames":[],"is_mutually_exclusive_with":[],"gridable":false},{"__meta":{"schema_version":3,"schema_name":"ModelParameterSchemaV3","schema_type":"Iced"},"name":"keep_cross_validation_models","label":"keep_cross_validation_models","help":"Whether to keep the cross-validation models.","required":false,"type":"boolean","default_value":true,"actual_value":true,"input_value":true,"level":"expert","values":[],"is_member_of_frames":[],"is_mutually_exclusive_with":[],"gridable":false},{"__meta":{"schema_version":3,"schema_name":"ModelParameterSchemaV3","schema_type":"Iced"},"name":"keep_cross_validation_predictions","label":"keep_cross_validation_predictions","help":"Whether to keep the predictions of the cross-validation models.","required":false,"type":"boolean","default_value":false,"actual_value":false,"input_value":false,"level":"expert","values":[],"is_member_of_frames":[],"is_mutually_exclusive_with":[],"gridable":false},{"__meta":{"schema_version":3,"schema_name":"ModelParameterSchemaV3","schema_type":"Iced"},"name":"keep_cross_validation_fold_assignment","label":"keep_cross_validation_fold_assignment","help":"Whether to keep the cross-validation fold assignment.","required":false,"type":"boolean","default_value":false,"actual_value":false,"input_value":false,"level":"expert","values":[],"is_member_of_frames":[],"is_mutually_exclusive_with":[],"gridable":false},{"__meta":{"schema_version":3,"schema_name":"ModelParameterSchemaV3","schema_type":"Iced"},"name":"score_each_iteration","label":"score_each_iteration","help":"Whether to score during each iteration of model training.","required":false,"type":"boolean","default_value":false,"actual_value":false,"input_value":false,"level":"secondary","values":[],"is_member_of_frames":[],"is_mutually_exclusive_with":[],"gridable":false},{"__meta":{"schema_version":3,"schema_name":"ModelParameterSchemaV3","schema_type":"Iced"},"name":"score_tree_interval","label":"score_tree_interval","help":"Score the model after every so many trees. Disabled if set to 0.","required":false,"type":"int","default_value":0,"actual_value":0,"input_value":0,"level":"secondary","values":[],"is_member_of_frames":[],"is_mutually_exclusive_with":[],"gridable":false},{"__meta":{"schema_version":3,"schema_name":"ModelParameterSchemaV3","schema_type":"Iced"},"name":"fold_assignment","label":"fold_assignment","help":"Cross-validation fold assignment scheme, if fold_column is not specified. The 'Stratified' option will stratify the folds based on the response variable, for classification problems.","required":false,"type":"enum","default_value":"AUTO","actual_value":"Random","input_value":"Random","level":"secondary","values":["AUTO","Random","Modulo","Stratified"],"is_member_of_frames":[],"is_mutually_exclusive_with":[],"gridable":true},{"__meta":{"schema_version":3,"schema_name":"ModelParameterSchemaV3","schema_type":"Iced"},"name":"fold_column","label":"fold_column","help":"Column with cross-validation fold index assignment per observation.","required":false,"type":"VecSpecifier","default_value":null,"actual_value":null,"input_value":null,"level":"secondary","values":[],"is_member_of_frames":["training_frame"],"is_mutually_exclusive_with":["response_column","weights_column","ignored_columns","offset_column"],"gridable":true},{"__meta":{"schema_version":3,"schema_name":"ModelParameterSchemaV3","schema_type":"Iced"},"name":"response_column","label":"response_column","help":"Response variable column.","required":false,"type":"VecSpecifier","default_value":null,"actual_value":{"__meta":{"schema_version":3,"schema_name":"ColSpecifierV3","schema_type":"VecSpecifier"},"column_name":"rating","is_member_of_frames":null},"input_value":{"__meta":{"schema_version":3,"schema_name":"ColSpecifierV3","schema_type":"VecSpecifier"},"column_name":"rating","is_member_of_frames":null},"level":"critical","values":[],"is_member_of_frames":["training_frame","validation_frame"],"is_mutually_exclusive_with":["weights_column","ignored_columns","offset_column","fold_column"],"gridable":true},{"__meta":{"schema_version":3,"schema_name":"ModelParameterSchemaV3","schema_type":"Iced"},"name":"ignored_columns","label":"ignored_columns","help":"Names of columns to ignore for training.","required":false,"type":"string[]","default_value":null,"actual_value":["fermentation","method","filtration","perception","name","occurrence","split"],"input_value":["fermentation","method","filtration","perception","name","occurrence","split"],"level":"critical","values":[],"is_member_of_frames":["training_frame","validation_frame"],"is_mutually_exclusive_with":["response_column","weights_column","offset_column","fold_column"],"gridable":false},{"__meta":{"schema_version":3,"schema_name":"ModelParameterSchemaV3","schema_type":"Iced"},"name":"ignore_const_cols","label":"ignore_const_cols","help":"Ignore constant columns.","required":false,"type":"boolean","default_value":true,"actual_value":true,"input_value":true,"level":"critical","values":[],"is_member_of_frames":[],"is_mutually_exclusive_with":[],"gridable":false},{"__meta":{"schema_version":3,"schema_name":"ModelParameterSchemaV3","schema_type":"Iced"},"name":"offset_column","label":"offset_column","help":"Offset column. This will be added to the combination of columns before applying the link function.","required":false,"type":"VecSpecifier","default_value":null,"actual_value":null,"input_value":null,"level":"secondary","values":[],"is_member_of_frames":["training_frame","validation_frame"],"is_mutually_exclusive_with":["response_column","weights_column","ignored_columns","fold_column"],"gridable":true},{"__meta":{"schema_version":3,"schema_name":"ModelParameterSchemaV3","schema_type":"Iced"},"name":"weights_column","label":"weights_column","help":"Column with observation weights. Giving some observation a weight of zero is equivalent to excluding it from the dataset; giving an observation a relative weight of 2 is equivalent to repeating that row twice. Negative weights are not allowed. Note: Weights are per-row observation weights and do not increase the size of the data frame. This is typically the number of times a row is repeated, but non-integer values are supported as well. During training, rows with higher weights matter more, due to the larger loss function pre-factor.","required":false,"type":"VecSpecifier","default_value":null,"actual_value":null,"input_value":null,"level":"secondary","values":[],"is_member_of_frames":["training_frame","validation_frame"],"is_mutually_exclusive_with":["response_column","ignored_columns","offset_column","fold_column"],"gridable":true},{"__meta":{"schema_version":3,"schema_name":"ModelParameterSchemaV3","schema_type":"Iced"},"name":"balance_classes","label":"balance_classes","help":"Balance training data class counts via over/under-sampling (for imbalanced data).","required":false,"type":"boolean","default_value":false,"actual_value":false,"input_value":false,"level":"secondary","values":[],"is_member_of_frames":[],"is_mutually_exclusive_with":[],"gridable":true},{"__meta":{"schema_version":3,"schema_name":"ModelParameterSchemaV3","schema_type":"Iced"},"name":"class_sampling_factors","label":"class_sampling_factors","help":"Desired over/under-sampling ratios per class (in lexicographic order). If not specified, sampling factors will be automatically computed to obtain class balance during training. Requires balance_classes.","required":false,"type":"float[]","default_value":null,"actual_value":null,"input_value":null,"level":"expert","values":[],"is_member_of_frames":[],"is_mutually_exclusive_with":[],"gridable":true},{"__meta":{"schema_version":3,"schema_name":"ModelParameterSchemaV3","schema_type":"Iced"},"name":"max_after_balance_size","label":"max_after_balance_size","help":"Maximum relative size of the training data after balancing class counts (can be less than 1.0). Requires balance_classes.","required":false,"type":"float","default_value":5.0,"actual_value":5.0,"input_value":5.0,"level":"expert","values":[],"is_member_of_frames":[],"is_mutually_exclusive_with":[],"gridable":true},{"__meta":{"schema_version":3,"schema_name":"ModelParameterSchemaV3","schema_type":"Iced"},"name":"max_confusion_matrix_size","label":"max_confusion_matrix_size","help":"[Deprecated] Maximum size (# classes) for confusion matrices to be printed in the Logs","required":false,"type":"int","default_value":20,"actual_value":20,"input_value":20,"level":"secondary","values":[],"is_member_of_frames":[],"is_mutually_exclusive_with":[],"gridable":false},{"__meta":{"schema_version":3,"schema_name":"ModelParameterSchemaV3","schema_type":"Iced"},"name":"ntrees","label":"ntrees","help":"Number of trees.","required":false,"type":"int","default_value":50,"actual_value":50,"input_value":50,"level":"critical","values":[],"is_member_of_frames":[],"is_mutually_exclusive_with":[],"gridable":true},{"__meta":{"schema_version":3,"schema_name":"ModelParameterSchemaV3","schema_type":"Iced"},"name":"max_depth","label":"max_depth","help":"Maximum tree depth (0 for unlimited).","required":false,"type":"int","default_value":20,"actual_value":20,"input_value":20,"level":"critical","values":[],"is_member_of_frames":[],"is_mutually_exclusive_with":[],"gridable":true},{"__meta":{"schema_version":3,"schema_name":"ModelParameterSchemaV3","schema_type":"Iced"},"name":"min_rows","label":"min_rows","help":"Fewest allowed (weighted) observations in a leaf.","required":false,"type":"double","default_value":1.0,"actual_value":1.0,"input_value":1.0,"level":"critical","values":[],"is_member_of_frames":[],"is_mutually_exclusive_with":[],"gridable":true},{"__meta":{"schema_version":3,"schema_name":"ModelParameterSchemaV3","schema_type":"Iced"},"name":"nbins","label":"nbins","help":"For numerical columns (real/int), build a histogram of (at least) this many bins, then split at the best point","required":false,"type":"int","default_value":20,"actual_value":13,"input_value":13,"level":"critical","values":[],"is_member_of_frames":[],"is_mutually_exclusive_with":[],"gridable":true},{"__meta":{"schema_version":3,"schema_name":"ModelParameterSchemaV3","schema_type":"Iced"},"name":"nbins_top_level","label":"nbins_top_level","help":"For numerical columns (real/int), build a histogram of (at most) this many bins at the root level, then decrease by factor of two per level","required":false,"type":"int","default_value":1024,"actual_value":16,"input_value":16,"level":"secondary","values":[],"is_member_of_frames":[],"is_mutually_exclusive_with":[],"gridable":true},{"__meta":{"schema_version":3,"schema_name":"ModelParameterSchemaV3","schema_type":"Iced"},"name":"nbins_cats","label":"nbins_cats","help":"For categorical columns (factors), build a histogram of this many bins, then split at the best point. Higher values can lead to more overfitting.","required":false,"type":"int","default_value":1024,"actual_value":1024,"input_value":1024,"level":"secondary","values":[],"is_member_of_frames":[],"is_mutually_exclusive_with":[],"gridable":true},{"__meta":{"schema_version":3,"schema_name":"ModelParameterSchemaV3","schema_type":"Iced"},"name":"r2_stopping","label":"r2_stopping","help":"r2_stopping is no longer supported and will be ignored if set - please use stopping_rounds, stopping_metric and stopping_tolerance instead. Previous version of H2O would stop making trees when the R^2 metric equals or exceeds this","required":false,"type":"double","default_value":1.7976931348623157E308,"actual_value":1.7976931348623157E308,"input_value":1.7976931348623157E308,"level":"secondary","values":[],"is_member_of_frames":[],"is_mutually_exclusive_with":[],"gridable":true},{"__meta":{"schema_version":3,"schema_name":"ModelParameterSchemaV3","schema_type":"Iced"},"name":"stopping_rounds","label":"stopping_rounds","help":"Early stopping based on convergence of stopping_metric. Stop if simple moving average of length k of the stopping_metric does not improve for k:=stopping_rounds scoring events (0 to disable)","required":false,"type":"int","default_value":0,"actual_value":0,"input_value":0,"level":"secondary","values":[],"is_member_of_frames":[],"is_mutually_exclusive_with":[],"gridable":true},{"__meta":{"schema_version":3,"schema_name":"ModelParameterSchemaV3","schema_type":"Iced"},"name":"stopping_metric","label":"stopping_metric","help":"Metric to use for early stopping (AUTO: logloss for classification, deviance for regression and anonomaly_score for Isolation Forest). Note that custom and custom_increasing can only be used in GBM and DRF with the Python client.","required":false,"type":"enum","default_value":"AUTO","actual_value":null,"input_value":"AUTO","level":"secondary","values":["AUTO","deviance","logloss","MSE","RMSE","MAE","RMSLE","AUC","AUCPR","lift_top_group","misclassification","mean_per_class_error","anomaly_score","custom","custom_increasing"],"is_member_of_frames":[],"is_mutually_exclusive_with":[],"gridable":true},{"__meta":{"schema_version":3,"schema_name":"ModelParameterSchemaV3","schema_type":"Iced"},"name":"stopping_tolerance","label":"stopping_tolerance","help":"Relative tolerance for metric-based stopping criterion (stop if relative improvement is not at least this much)","required":false,"type":"double","default_value":0.001,"actual_value":0.001,"input_value":0.001,"level":"secondary","values":[],"is_member_of_frames":[],"is_mutually_exclusive_with":[],"gridable":true},{"__meta":{"schema_version":3,"schema_name":"ModelParameterSchemaV3","schema_type":"Iced"},"name":"max_runtime_secs","label":"max_runtime_secs","help":"Maximum allowed runtime in seconds for model training. Use 0 to disable.","required":false,"type":"double","default_value":0.0,"actual_value":0.0,"input_value":0.0,"level":"secondary","values":[],"is_member_of_frames":[],"is_mutually_exclusive_with":[],"gridable":true},{"__meta":{"schema_version":3,"schema_name":"ModelParameterSchemaV3","schema_type":"Iced"},"name":"seed","label":"seed","help":"Seed for pseudo random number generator (if applicable)","required":false,"type":"long","default_value":-1,"actual_value":12,"input_value":12,"level":"critical","values":[],"is_member_of_frames":[],"is_mutually_exclusive_with":[],"gridable":true},{"__meta":{"schema_version":3,"schema_name":"ModelParameterSchemaV3","schema_type":"Iced"},"name":"build_tree_one_node","label":"build_tree_one_node","help":"Run on one node only; no network overhead but fewer cpus used. Suitable for small datasets.","required":false,"type":"boolean","default_value":false,"actual_value":true,"input_value":true,"level":"expert","values":[],"is_member_of_frames":[],"is_mutually_exclusive_with":[],"gridable":false},{"__meta":{"schema_version":3,"schema_name":"ModelParameterSchemaV3","schema_type":"Iced"},"name":"mtries","label":"mtries","help":"Number of variables randomly sampled as candidates at each split. If set to -1, defaults to sqrt{p} for classification and p/3 for regression (where p is the # of predictors","required":false,"type":"int","default_value":-1,"actual_value":4,"input_value":4,"level":"critical","values":[],"is_member_of_frames":[],"is_mutually_exclusive_with":[],"gridable":true},{"__meta":{"schema_version":3,"schema_name":"ModelParameterSchemaV3","schema_type":"Iced"},"name":"sample_rate","label":"sample_rate","help":"Row sample rate per tree (from 0.0 to 1.0)","required":false,"type":"double","default_value":0.632,"actual_value":0.632,"input_value":0.632,"level":"critical","values":[],"is_member_of_frames":[],"is_mutually_exclusive_with":[],"gridable":true},{"__meta":{"schema_version":3,"schema_name":"ModelParameterSchemaV3","schema_type":"Iced"},"name":"sample_rate_per_class","label":"sample_rate_per_class","help":"A list of row sample rates per class (relative fraction for each class, from 0.0 to 1.0), for each tree","required":false,"type":"double[]","default_value":null,"actual_value":null,"input_value":null,"level":"expert","values":[],"is_member_of_frames":[],"is_mutually_exclusive_with":[],"gridable":true},{"__meta":{"schema_version":3,"schema_name":"ModelParameterSchemaV3","schema_type":"Iced"},"name":"binomial_double_trees","label":"binomial_double_trees","help":"For binary classification: Build 2x as many trees (one per class) - can lead to higher accuracy.","required":false,"type":"boolean","default_value":false,"actual_value":false,"input_value":false,"level":"expert","values":[],"is_member_of_frames":[],"is_mutually_exclusive_with":[],"gridable":false},{"__meta":{"schema_version":3,"schema_name":"ModelParameterSchemaV3","schema_type":"Iced"},"name":"checkpoint","label":"checkpoint","help":"Model checkpoint to resume training with.","required":false,"type":"Key<Model>","default_value":null,"actual_value":null,"input_value":null,"level":"secondary","values":[],"is_member_of_frames":[],"is_mutually_exclusive_with":[],"gridable":false},{"__meta":{"schema_version":3,"schema_name":"ModelParameterSchemaV3","schema_type":"Iced"},"name":"col_sample_rate_change_per_level","label":"col_sample_rate_change_per_level","help":"Relative change of the column sampling rate for every level (must be > 0.0 and <= 2.0)","required":false,"type":"double","default_value":1.0,"actual_value":1.0,"input_value":1.0,"level":"expert","values":[],"is_member_of_frames":[],"is_mutually_exclusive_with":[],"gridable":true},{"__meta":{"schema_version":3,"schema_name":"ModelParameterSchemaV3","schema_type":"Iced"},"name":"col_sample_rate_per_tree","label":"col_sample_rate_per_tree","help":"Column sample rate per tree (from 0.0 to 1.0)","required":false,"type":"double","default_value":1.0,"actual_value":1.0,"input_value":1.0,"level":"secondary","values":[],"is_member_of_frames":[],"is_mutually_exclusive_with":[],"gridable":true},{"__meta":{"schema_version":3,"schema_name":"ModelParameterSchemaV3","schema_type":"Iced"},"name":"min_split_improvement","label":"min_split_improvement","help":"Minimum relative improvement in squared error reduction for a split to happen","required":false,"type":"double","default_value":1.0E-5,"actual_value":1.0E-5,"input_value":1.0E-5,"level":"secondary","values":[],"is_member_of_frames":[],"is_mutually_exclusive_with":[],"gridable":true},{"__meta":{"schema_version":3,"schema_name":"ModelParameterSchemaV3","schema_type":"Iced"},"name":"histogram_type","label":"histogram_type","help":"What type of histogram to use for finding optimal split points","required":false,"type":"enum","default_value":"AUTO","actual_value":"UniformAdaptive","input_value":"AUTO","level":"secondary","values":["AUTO","UniformAdaptive","Random","QuantilesGlobal","RoundRobin"],"is_member_of_frames":[],"is_mutually_exclusive_with":[],"gridable":true},{"__meta":{"schema_version":3,"schema_name":"ModelParameterSchemaV3","schema_type":"Iced"},"name":"categorical_encoding","label":"categorical_encoding","help":"Encoding scheme for categorical features","required":false,"type":"enum","default_value":"AUTO","actual_value":"Enum","input_value":"Enum","level":"secondary","values":["AUTO","Enum","OneHotInternal","OneHotExplicit","Binary","Eigen","LabelEncoder","SortByResponse","EnumLimited"],"is_member_of_frames":[],"is_mutually_exclusive_with":[],"gridable":true},{"__meta":{"schema_version":3,"schema_name":"ModelParameterSchemaV3","schema_type":"Iced"},"name":"calibrate_model","label":"calibrate_model","help":"Use Platt Scaling to calculate calibrated class probabilities. Calibration can provide more accurate estimates of class probabilities.","required":false,"type":"boolean","default_value":false,"actual_value":false,"input_value":false,"level":"expert","values":[],"is_member_of_frames":[],"is_mutually_exclusive_with":[],"gridable":false},{"__meta":{"schema_version":3,"schema_name":"ModelParameterSchemaV3","schema_type":"Iced"},"name":"calibration_frame","label":"calibration_frame","help":"Calibration frame for Platt Scaling","required":false,"type":"Key<Frame>","default_value":null,"actual_value":null,"input_value":null,"level":"expert","values":[],"is_member_of_frames":[],"is_mutually_exclusive_with":[],"gridable":false},{"__meta":{"schema_version":3,"schema_name":"ModelParameterSchemaV3","schema_type":"Iced"},"name":"distribution","label":"distribution","help":"Distribution function","required":false,"type":"enum","default_value":"AUTO","actual_value":"gaussian","input_value":"gaussian","level":"secondary","values":["AUTO","bernoulli","quasibinomial","ordinal","multinomial","gaussian","poisson","gamma","tweedie","laplace","quantile","huber","custom"],"is_member_of_frames":[],"is_mutually_exclusive_with":[],"gridable":true},{"__meta":{"schema_version":3,"schema_name":"ModelParameterSchemaV3","schema_type":"Iced"},"name":"custom_metric_func","label":"custom_metric_func","help":"Reference to custom evaluation function, format: `language:keyName=funcName`","required":false,"type":"string","default_value":null,"actual_value":null,"input_value":null,"level":"secondary","values":[],"is_member_of_frames":[],"is_mutually_exclusive_with":[],"gridable":false},{"__meta":{"schema_version":3,"schema_name":"ModelParameterSchemaV3","schema_type":"Iced"},"name":"export_checkpoints_dir","label":"export_checkpoints_dir","help":"Automatically export generated models to this directory.","required":false,"type":"string","default_value":null,"actual_value":null,"input_value":null,"level":"secondary","values":[],"is_member_of_frames":[],"is_mutually_exclusive_with":[],"gridable":false},{"__meta":{"schema_version":3,"schema_name":"ModelParameterSchemaV3","schema_type":"Iced"},"name":"check_constant_response","label":"check_constant_response","help":"Check if response column is constant. If enabled, then an exception is thrown if the response column is a constant value.If disabled, then model will train regardless of the response column being a constant value or not.","required":false,"type":"boolean","default_value":true,"actual_value":true,"input_value":true,"level":"expert","values":[],"is_member_of_frames":[],"is_mutually_exclusive_with":[],"gridable":false},{"__meta":{"schema_version":3,"schema_name":"ModelParameterSchemaV3","schema_type":"Iced"},"name":"gainslift_bins","label":"gainslift_bins","help":"Gains/Lift table number of bins. 0 means disabled.. Default value -1 means automatic binning.","required":false,"type":"int","default_value":-1,"actual_value":-1,"input_value":-1,"level":"secondary","values":[],"is_member_of_frames":[],"is_mutually_exclusive_with":[],"gridable":false},{"__meta":{"schema_version":3,"schema_name":"ModelParameterSchemaV3","schema_type":"Iced"},"name":"auc_type","label":"auc_type","help":"Set default multinomial AUC type.","required":false,"type":"enum","default_value":"AUTO","actual_value":"AUTO","input_value":"AUTO","level":"secondary","values":["AUTO","NONE","MACRO_OVR","WEIGHTED_OVR","MACRO_OVO","WEIGHTED_OVO"],"is_member_of_frames":[],"is_mutually_exclusive_with":[],"gridable":true}],"output":{"__meta":{"schema_version":3,"schema_name":"DRFModelOutputV3","schema_type":"DRFOutput"},"names":["style","flavor","abv","pasteurization","rating"],"original_names":null,"column_types":["Enum","Enum","Numeric","Enum","Numeric"],"domains":[["ale","alt","blonde","dark","keller","lager","mix","pils","soda","wheat"],["fruit","herb","lemon","standard"],null,["pasteurized","unpasteurized"],null],"cross_validation_models":[{"__meta":{"schema_version":3,"schema_name":"ModelKeyV3","schema_type":"Key<Model>"},"name":"regular_2std_drf_model_cv_1","type":"Key<Model>","URL":"/3/Models/regular_2std_drf_model_cv_1"},{"__meta":{"schema_version":3,"schema_name":"ModelKeyV3","schema_type":"Key<Model>"},"name":"regular_2std_drf_model_cv_2","type":"Key<Model>","URL":"/3/Models/regular_2std_drf_model_cv_2"},{"__meta":{"schema_version":3,"schema_name":"ModelKeyV3","schema_type":"Key<Model>"},"name":"regular_2std_drf_model_cv_3","type":"Key<Model>","URL":"/3/Models/regular_2std_drf_model_cv_3"},{"__meta":{"schema_version":3,"schema_name":"ModelKeyV3","schema_type":"Key<Model>"},"name":"regular_2std_drf_model_cv_4","type":"Key<Model>","URL":"/3/Models/regular_2std_drf_model_cv_4"}],"cross_validation_predictions":null,"cross_validation_holdout_predictions_frame_id":null,"cross_validation_fold_assignment_frame_id":null,"model_category":"Regression","model_summary":{"__meta":{"schema_version":3,"schema_name":"TwoDimTableV3","schema_type":"TwoDimTable"},"name":"Model Summary","description":"","columns":[{"__meta":{"schema_version":-1,"schema_name":"ColumnSpecsBase","schema_type":"Iced"},"name":"","type":"string","format":"%s","description":""},{"__meta":{"schema_version":-1,"schema_name":"ColumnSpecsBase","schema_type":"Iced"},"name":"number_of_trees","type":"long","format":"%d","description":"Number of Trees"},{"__meta":{"schema_version":-1,"schema_name":"ColumnSpecsBase","schema_type":"Iced"},"name":"number_of_internal_trees","type":"long","format":"%d","description":"Number of Internal Trees"},{"__meta":{"schema_version":-1,"schema_name":"ColumnSpecsBase","schema_type":"Iced"},"name":"model_size_in_bytes","type":"long","format":"%d","description":"Model Size in Bytes"},{"__meta":{"schema_version":-1,"schema_name":"ColumnSpecsBase","schema_type":"Iced"},"name":"min_depth","type":"long","format":"%d","description":"Min. Depth"},{"__meta":{"schema_version":-1,"schema_name":"ColumnSpecsBase","schema_type":"Iced"},"name":"max_depth","type":"long","format":"%d","description":"Max. Depth"},{"__meta":{"schema_version":-1,"schema_name":"ColumnSpecsBase","schema_type":"Iced"},"name":"mean_depth","type":"double","format":"%.5f","description":"Mean Depth"},{"__meta":{"schema_version":-1,"schema_name":"ColumnSpecsBase","schema_type":"Iced"},"name":"min_leaves","type":"long","format":"%d","description":"Min. Leaves"},{"__meta":{"schema_version":-1,"schema_name":"ColumnSpecsBase","schema_type":"Iced"},"name":"max_leaves","type":"long","format":"%d","description":"Max. Leaves"},{"__meta":{"schema_version":-1,"schema_name":"ColumnSpecsBase","schema_type":"Iced"},"name":"mean_leaves","type":"double","format":"%.5f","description":"Mean Leaves"}],"rowcount":1,"data":[[""],[50],[50],[26016],[8],[13],[9.9],[30],[43],[36.76]]},"scoring_history":{"__meta":{"schema_version":3,"schema_name":"TwoDimTableV3","schema_type":"TwoDimTable"},"name":"Scoring History","description":"","columns":[{"__meta":{"schema_version":-1,"schema_name":"ColumnSpecsBase","schema_type":"Iced"},"name":"","type":"string","format":"%s","description":""},{"__meta":{"schema_version":-1,"schema_name":"ColumnSpecsBase","schema_type":"Iced"},"name":"timestamp","type":"string","format":"%s","description":"Timestamp"},{"__meta":{"schema_version":-1,"schema_name":"ColumnSpecsBase","schema_type":"Iced"},"name":"duration","type":"string","format":"%s","description":"Duration"},{"__meta":{"schema_version":-1,"schema_name":"ColumnSpecsBase","schema_type":"Iced"},"name":"number_of_trees","type":"long","format":"%d","description":"Number of Trees"},{"__meta":{"schema_version":-1,"schema_name":"ColumnSpecsBase","schema_type":"Iced"},"name":"training_rmse","type":"double","format":"%.5f","description":"Training RMSE"},{"__meta":{"schema_version":-1,"schema_name":"ColumnSpecsBase","schema_type":"Iced"},"name":"training_mae","type":"double","format":"%.5f","description":"Training MAE"},{"__meta":{"schema_version":-1,"schema_name":"ColumnSpecsBase","schema_type":"Iced"},"name":"training_deviance","type":"double","format":"%.5f","description":"Training Deviance"},{"__meta":{"schema_version":-1,"schema_name":"ColumnSpecsBase","schema_type":"Iced"},"name":"validation_rmse","type":"double","format":"%.5f","description":"Validation RMSE"},{"__meta":{"schema_version":-1,"schema_name":"ColumnSpecsBase","schema_type":"Iced"},"name":"validation_mae","type":"double","format":"%.5f","description":"Validation MAE"},{"__meta":{"schema_version":-1,"schema_name":"ColumnSpecsBase","schema_type":"Iced"},"name":"validation_deviance","type":"double","format":"%.5f","description":"Validation Deviance"}],"rowcount":51,"data":[["","","","","","","","","","","","","","","","","","","","","","","","","","","","","","","","","","","","","","","","","","","","","","","","","","",""],["2021-08-30 21:17:42","2021-08-30 21:17:42","2021-08-30 21:17:42","2021-08-30 21:17:42","2021-08-30 21:17:42","2021-08-30 21:17:42","2021-08-30 21:17:42","2021-08-30 21:17:42","2021-08-30 21:17:42","2021-08-30 21:17:42","2021-08-30 21:17:42","2021-08-30 21:17:42","2021-08-30 21:17:42","2021-08-30 21:17:42","2021-08-30 21:17:42","2021-08-30 21:17:42","2021-08-30 21:17:42","2021-08-30 21:17:42","2021-08-30 21:17:42","2021-08-30 21:17:42","2021-08-30 21:17:42","2021-08-30 21:17:42","2021-08-30 21:17:42","2021-08-30 21:17:42","2021-08-30 21:17:42","2021-08-30 21:17:42","2021-08-30 21:17:42","2021-08-30 21:17:42","2021-08-30 21:17:42","2021-08-30 21:17:42","2021-08-30 21:17:42","2021-08-30 21:17:42","2021-08-30 21:17:42","2021-08-30 21:17:42","2021-08-30 21:17:42","2021-08-30 21:17:42","2021-08-30 21:17:42","2021-08-30 21:17:42","2021-08-30 21:17:42","2021-08-30 21:17:42","2021-08-30 21:17:42","2021-08-30 21:17:42","2021-08-30 21:17:42","2021-08-30 21:17:42","2021-08-30 21:17:42","2021-08-30 21:17:42","2021-08-30 21:17:42","2021-08-30 21:17:42","2021-08-30 21:17:42","2021-08-30 21:17:42","2021-08-30 21:17:42"],[" 0.246 sec"," 0.250 sec"," 0.253 sec"," 0.255 sec"," 0.257 sec"," 0.260 sec"," 0.262 sec"," 0.264 sec"," 0.267 sec"," 0.269 sec"," 0.272 sec"," 0.274 sec"," 0.277 sec"," 0.280 sec"," 0.283 sec"," 0.286 sec"," 0.289 sec"," 0.292 sec"," 0.295 sec"," 0.298 sec"," 0.300 sec"," 0.303 sec"," 0.307 sec"," 0.310 sec"," 0.313 sec"," 0.316 sec"," 0.319 sec"," 0.322 sec"," 0.325 sec"," 0.328 sec"," 0.331 sec"," 0.334 sec"," 0.337 sec"," 0.340 sec"," 0.343 sec"," 0.346 sec"," 0.350 sec"," 0.353 sec"," 0.356 sec"," 0.359 sec"," 0.363 sec"," 0.366 sec"," 0.369 sec"," 0.373 sec"," 0.376 sec"," 0.380 sec"," 0.394 sec"," 0.398 sec"," 0.402 sec"," 0.406 sec"," 0.409 sec"],[0,1,2,3,4,5,6,7,8,9,10,11,12,13,14,15,16,17,18,19,20,21,22,23,24,25,26,27,28,29,30,31,32,33,34,35,36,37,38,39,40,41,42,43,44,45,46,47,48,49,50],["NaN",1.590361868840262,1.8412194240517599,1.946500079369728,1.9170580387372893,1.8259249751507372,1.8137938680355274,1.7740334951873098,1.7251437122373068,1.7253842461196884,1.7001795482547237,1.688433470560198,1.6961337804195757,1.6477155895172686,1.6629614293451866,1.651091431854754,1.6322851408207586,1.621359577829833,1.6081078310093058,1.591779309998302,1.5849951648559255,1.5765330906494266,1.5743402813975003,1.5941078177422725,1.5974690266323632,1.6047730609998438,1.5964593238871596,1.6006748107248394,1.600427740740991,1.5971607243109718,1.5920211424418338,1.5904653013418306,1.6025265129961261,1.6010615291907495,1.5964148681638364,1.6060656803077054,1.598520911971211,1.5934915306882762,1.592712309021602,1.5877731363793384,1.59031350396077,1.586217224083152,1.5845530156865886,1.5768225361449215,1.5746079447063221,1.5694509210426209,1.5715378723147004,1.573581046576324,1.570209854394447,1.5711178927117837,1.5659338123529443],["NaN",1.2398989995320637,1.400146208311382,1.4466269901820592,1.4188194493452708,1.3337398408874261,1.3349137927380559,1.314322337824783,1.2922075482382294,1.3092908783235413,1.3006888234097023,1.2868133080918844,1.291810287007634,1.2482985951474328,1.2504620735689722,1.2390963397411083,1.225741361490239,1.2172424844415375,1.212241535545373,1.208121232432606,1.195750940069664,1.1925724335083896,1.1937669783210598,1.2106242418350168,1.211628772618052,1.2159038314235644,1.2066602485792755,1.2058831470692257,1.2148482544171453,1.2219701670560057,1.2176987016630414,1.2202516421044822,1.234205209544759,1.2315965507768347,1.2259840835852465,1.2381304310406436,1.2268391139588817,1.2297856656320092,1.2259067210169183,1.2222789388222859,1.2257285228349324,1.2234555453732947,1.2244698330136432,1.2184027402604711,1.2138931007951181,1.2103634341748624,1.209622433607836,1.2095834742224192,1.2052727672392596,1.2056103818007018,1.202524196208659],["NaN",2.5292508738610913,3.3900889675054944,3.788862558986357,3.6751115238872623,3.3340020148792204,3.2898481957232804,3.147194842046503,2.976120827871916,2.9769507967580053,2.8906104963036365,2.850807584507955,2.8768698010804017,2.71496666393824,2.7654407154897864,2.726102916344182,2.6643547809442434,2.6288068806205347,2.5860107961534538,2.5337613717386707,2.5122096726166623,2.485456585912633,2.4785473216307605,2.54117973458703,2.55190729104975,2.5752965773108083,2.548682372826247,2.5621598496890003,2.561368953333313,2.5509223792815483,2.5345313179818016,2.52957987477236,2.5680912248555234,2.5633980202546214,2.5485404312945588,2.579446969462252,2.555269106009272,2.539215258375265,2.536732499308923,2.521023532607881,2.5290970408799827,2.5160850819780607,2.5108082595214625,2.4863693104945024,2.479390179532268,2.4631761935615306,2.4697312841194154,2.4761573101442393,2.4655589868374306,2.4684114327991162,2.452148704670226],["NaN",1.804886833188947,1.7908806759932774,1.8319963659448608,1.8613297994092686,1.8710986196119994,1.8216439311841746,1.8254939461135866,1.7581518590511758,1.7883821676970653,1.7820258290826316,1.784420482360908,1.7717730694000955,1.7678498110790295,1.787744342892841,1.795673573259552,1.7952143391461661,1.8048688017574113,1.8055272227336283,1.8089498832265503,1.8053658609813559,1.8030134399033373,1.7946642517993938,1.7872585550856377,1.784457733713193,1.7772216634753961,1.7857642910158358,1.7916578555035074,1.784859002816339,1.7780478005086238,1.7677566472683326,1.756748685227103,1.7521672239387558,1.7485276647077812,1.7442214559652232,1.747236301787034,1.7477776292172946,1.7506286632070056,1.7533835586547322,1.7573739394179018,1.7545933084074352,1.7532025613834767,1.7619382002055972,1.7592080409100765,1.7619245116494897,1.7624181875204181,1.7626853661912323,1.759993616705156,1.75828453808093,1.7626706904571605,1.7620490780197173],["NaN",1.3817204198529642,1.400537629281321,1.4551971291983,1.4489247299009753,1.468817203275619,1.4202508952028006,1.4178187396669168,1.3776881714021005,1.4074074068377096,1.3970430112654166,1.402492668621701,1.3962813628617154,1.4104631935100704,1.4197388640197188,1.4200716859550886,1.4170026894538634,1.4212523728213233,1.4217443261095273,1.430956424395783,1.4215053773695423,1.4134664623418713,1.4094086028963242,1.3956755495004534,1.3973342295615907,1.3906881720019924,1.39385856114901,1.3964954208729512,1.3894777270506056,1.3824434561511962,1.3802688178195748,1.3702566779987124,1.3670866946058888,1.3649560135014478,1.3595983570395653,1.3653609860327933,1.366860815273818,1.3716216245317001,1.3731607269552648,1.3801351003749394,1.3781586043296326,1.3809336501721035,1.3886328747012466,1.3854713701075034,1.3908846553120098,1.392951017810452,1.393641891185231,1.3918439741403008,1.3893481210995744,1.392045208150576,1.3924301104391774],["NaN",3.2576164806188252,3.2072535956461383,3.356210684835176,3.464548622168948,3.50101004431393,3.318386612020134,3.332428147297354,3.0910979594851056,3.198310777736854,3.175616055517641,3.1841564578691357,3.1391798094514356,3.12529295453216,3.196029835545356,3.2244435817027273,3.222794523476006,3.257551391557233,3.2599285520322088,3.27229968002535,3.259345891996952,3.250857464472065,3.2208197766866777,3.1942931427268015,3.184289403408825,3.158516841126254,3.188954103067291,3.2100378711874273,3.1857216599345355,3.1614539808935547,3.1249635639613764,3.086165943047155,3.070089980645246,3.057348994248447,3.0423084874494433,3.052834694282432,3.0547266411924268,3.0647007164419477,3.0743539037607324,3.0883631629451953,3.078597677908149,3.073719221241584,3.104426221343739,3.0948129312026693,3.1043779847512925,3.1061178677027557,3.1070597001847187,3.097577530842895,3.091564516854469,3.107007962996723,3.1048169533501357]]},"cv_scoring_history":[{"__meta":{"schema_version":3,"schema_name":"TwoDimTableV3","schema_type":"TwoDimTable"},"name":"Scoring History","description":"","columns":[{"__meta":{"schema_version":-1,"schema_name":"ColumnSpecsBase","schema_type":"Iced"},"name":"","type":"string","format":"%s","description":""},{"__meta":{"schema_version":-1,"schema_name":"ColumnSpecsBase","schema_type":"Iced"},"name":"timestamp","type":"string","format":"%s","description":"Timestamp"},{"__meta":{"schema_version":-1,"schema_name":"ColumnSpecsBase","schema_type":"Iced"},"name":"duration","type":"string","format":"%s","description":"Duration"},{"__meta":{"schema_version":-1,"schema_name":"ColumnSpecsBase","schema_type":"Iced"},"name":"number_of_trees","type":"long","format":"%d","description":"Number of Trees"},{"__meta":{"schema_version":-1,"schema_name":"ColumnSpecsBase","schema_type":"Iced"},"name":"training_rmse","type":"double","format":"%.5f","description":"Training RMSE"},{"__meta":{"schema_version":-1,"schema_name":"ColumnSpecsBase","schema_type":"Iced"},"name":"training_mae","type":"double","format":"%.5f","description":"Training MAE"},{"__meta":{"schema_version":-1,"schema_name":"ColumnSpecsBase","schema_type":"Iced"},"name":"training_deviance","type":"double","format":"%.5f","description":"Training Deviance"},{"__meta":{"schema_version":-1,"schema_name":"ColumnSpecsBase","schema_type":"Iced"},"name":"validation_rmse","type":"double","format":"%.5f","description":"Validation RMSE"},{"__meta":{"schema_version":-1,"schema_name":"ColumnSpecsBase","schema_type":"Iced"},"name":"validation_mae","type":"double","format":"%.5f","description":"Validation MAE"},{"__meta":{"schema_version":-1,"schema_name":"ColumnSpecsBase","schema_type":"Iced"},"name":"validation_deviance","type":"double","format":"%.5f","description":"Validation Deviance"}],"rowcount":51,"data":[["","","","","","","","","","","","","","","","","","","","","","","","","","","","","","","","","","","","","","","","","","","","","","","","","","",""],["2021-08-30 21:17:41","2021-08-30 21:17:41","2021-08-30 21:17:41","2021-08-30 21:17:41","2021-08-30 21:17:41","2021-08-30 21:17:41","2021-08-30 21:17:41","2021-08-30 21:17:41","2021-08-30 21:17:41","2021-08-30 21:17:41","2021-08-30 21:17:41","2021-08-30 21:17:41","2021-08-30 21:17:41","2021-08-30 21:17:41","2021-08-30 21:17:41","2021-08-30 21:17:41","2021-08-30 21:17:41","2021-08-30 21:17:41","2021-08-30 21:17:41","2021-08-30 21:17:41","2021-08-30 21:17:41","2021-08-30 21:17:41","2021-08-30 21:17:41","2021-08-30 21:17:41","2021-08-30 21:17:41","2021-08-30 21:17:41","2021-08-30 21:17:41","2021-08-30 21:17:42","2021-08-30 21:17:42","2021-08-30 21:17:42","2021-08-30 21:17:42","2021-08-30 21:17:42","2021-08-30 21:17:42","2021-08-30 21:17:42","2021-08-30 21:17:42","2021-08-30 21:17:42","2021-08-30 21:17:42","2021-08-30 21:17:42","2021-08-30 21:17:42","2021-08-30 21:17:42","2021-08-30 21:17:42","2021-08-30 21:17:42","2021-08-30 21:17:42","2021-08-30 21:17:42","2021-08-30 21:17:42","2021-08-30 21:17:42","2021-08-30 21:17:42","2021-08-30 21:17:42","2021-08-30 21:17:42","2021-08-30 21:17:42","2021-08-30 21:17:42"],[" 0.009 sec"," 0.016 sec"," 0.019 sec"," 0.022 sec"," 0.025 sec"," 0.028 sec"," 0.032 sec"," 0.035 sec"," 0.038 sec"," 0.041 sec"," 0.044 sec"," 0.048 sec"," 0.052 sec"," 0.055 sec"," 0.058 sec"," 0.067 sec"," 0.083 sec"," 0.087 sec"," 0.091 sec"," 0.094 sec"," 0.097 sec"," 0.100 sec"," 0.104 sec"," 0.108 sec"," 0.111 sec"," 0.115 sec"," 0.118 sec"," 0.133 sec"," 0.139 sec"," 0.144 sec"," 0.147 sec"," 0.151 sec"," 0.154 sec"," 0.158 sec"," 0.162 sec"," 0.166 sec"," 0.170 sec"," 0.173 sec"," 0.177 sec"," 0.181 sec"," 0.185 sec"," 0.189 sec"," 0.193 sec"," 0.198 sec"," 0.202 sec"," 0.206 sec"," 0.211 sec"," 0.215 sec"," 0.219 sec"," 0.223 sec"," 0.227 sec"],[0,1,2,3,4,5,6,7,8,9,10,11,12,13,14,15,16,17,18,19,20,21,22,23,24,25,26,27,28,29,30,31,32,33,34,35,36,37,38,39,40,41,42,43,44,45,46,47,48,49,50],["NaN",1.7677669529663689,2.065969304386362,2.147606312602853,2.0936423494580785,1.994616595808028,1.9607595267618783,1.9076208190621553,1.8731044859010801,1.8455198517108864,1.794363114103237,1.7918282081595227,1.7865904155658663,1.7556052591800178,1.7715663762099148,1.7676891130479009,1.7590094781547174,1.7386884985181263,1.7305240339698136,1.7115047878069933,1.7039965190807962,1.6978152143179592,1.6883525540156625,1.7047095165448625,1.717923683596479,1.7259708118011639,1.716840010655744,1.726326326931783,1.7163579623244523,1.7173416879641035,1.716862453930289,1.7188713526544064,1.7325740333018917,1.7367727716382584,1.7302861155209601,1.7344603422973812,1.7211951593889485,1.7129362979309468,1.7149492227064564,1.709720025026442,1.7157578330975847,1.7130088952440214,1.713354019974473,1.7066388196683089,1.7072020287848997,1.6972976070618644,1.698595259279044,1.6967050738356877,1.6964007250564717,1.701195404180104,1.6989438583499405],["NaN",1.32,1.5505952380952381,1.640224358974359,1.515178566887265,1.4717836212693596,1.4291666635398654,1.4147971632619385,1.41510539210978,1.3926401134048187,1.3387896669762478,1.3115823215671947,1.3001177897055944,1.276471029411233,1.2880394213019857,1.2869958957745915,1.2853085527602386,1.2771775803159156,1.2790555440821478,1.2632552417881524,1.264885465080432,1.2593266432966972,1.2464518885060905,1.263598670513811,1.2727114551408614,1.284368952956617,1.2848126880253294,1.3004133192098273,1.2944886288939716,1.3102465381024244,1.3079253617972122,1.3069436081363401,1.323724987513864,1.3243012387845954,1.3199536806368612,1.3239111150138683,1.3117384548218556,1.2972511573016772,1.3033208340100473,1.299211873490659,1.3065644820061244,1.2988400784604652,1.3011476680829788,1.2949427049870759,1.2926738796871258,1.2809091736961462,1.285282540557049,1.2812518180939882,1.2763189913873982,1.2830551654286493,1.2850921340949553],["NaN",3.125,4.268229166666667,4.612212873931624,4.383338287444343,3.978495364272806,3.844577921787465,3.6390171893193686,3.50852041510275,3.405943523058972,3.2197389852542666,3.210648327556166,3.191905312991815,3.0821498260605376,3.1384474253175294,3.1247248003880745,3.0941143442381316,3.0230376948792164,2.9947134321471562,2.9292486386862615,2.90360413703947,2.882576501969538,2.850534346651211,2.9060345357986184,2.9512617826616956,2.9789752431895686,2.947539622188415,2.9802025870577813,2.9458846548345456,2.949262473219396,2.947616685715534,2.954518726975989,3.001812780871985,3.0163796603040383,2.9938900415646135,3.008352679002349,2.9625127767039476,2.9341507607693775,2.941050836461479,2.923142563976417,2.9438249418357194,2.9343994751851428,2.9355819977626867,2.9126160607988383,2.914538767087277,2.880819166937931,2.8852258548452427,2.8788081075797662,2.877775419972123,2.8940658032035076,2.8864102338249826],["NaN",1.859459406847669,1.837876540622745,1.7107271265714183,1.6938307164524953,1.6569776693599427,1.6156638081084194,1.6085285646804826,1.6471019153392072,1.6266786109877096,1.6395175972202427,1.6394011654223608,1.6683457351491973,1.6671090035035834,1.667533499489589,1.6573256887171666,1.6352557760449342,1.6290774855414576,1.6341747675765228,1.6280782183417009,1.6252090523502611,1.6095164297119378,1.6266608980211368,1.6381859916025716,1.6335686622557946,1.6156629625513874,1.6145098224807455,1.6093314835467007,1.6125810527737547,1.6078662918281246,1.6048397745450043,1.6091010960076162,1.614140701826969,1.6111485026938916,1.615392032922672,1.6209220989244162,1.6248597245973129,1.6146896335807162,1.613818043300478,1.6092524772310457,1.6082497623551617,1.6048685057256435,1.607370301387079,1.6064862530901953,1.610828836039827,1.6102078017914774,1.6006460674524177,1.598987617037183,1.5994388112539675,1.6038790469989235,1.5953686217169336],["NaN",1.4553571428571428,1.5044642857142858,1.4404761904761902,1.430357141154153,1.4067857129233226,1.3627976179122925,1.3398809505968678,1.3598958317722594,1.3365740719295685,1.3350595218794687,1.326785713047176,1.3635416655313402,1.3694597063483769,1.3571003395683916,1.3523412693114507,1.340736607355731,1.3396008405364863,1.3415674605066816,1.329229323487533,1.3319642858845848,1.3255102042438218,1.3376623368882516,1.3405797096513077,1.3401537693682173,1.3336904757363457,1.3290979849113214,1.331128747374923,1.3353741485245372,1.3291871917658842,1.3280357139451164,1.332622887352095,1.3381324399794852,1.339249638767986,1.3418767502327928,1.3503061221570383,1.3544642854304543,1.343918918642758,1.344423558478965,1.3378815624740097,1.3383630948407312,1.3385598136157522,1.3432539677133364,1.3427464003578768,1.3465909087038657,1.346296296044002,1.3407091094840389,1.3400455923428287,1.34077380916902,1.3425655973200894,1.3360714282308306],["NaN",3.4575892857142856,3.3777901785714284,2.926587301587302,2.869062495997974,2.745574996757508,2.610369540831399,2.5873641433930534,2.712944719514085,2.6460833034449043,2.688017951594838,2.687636181188195,2.783377491990515,2.779252429562711,2.780667971919995,2.7467284384818305,2.6740614530883198,2.6538934538980783,2.670527170983782,2.650638685038687,2.641304463841234,2.5905431375126633,2.646025677150931,2.683653343082901,2.668546574304186,2.6103668085603258,2.606641966886808,2.589947823934625,2.600417651764911,2.585234012397124,2.5755107019616603,2.5892063371729117,2.60545020529446,2.5957994977327687,2.6094914200300434,2.6273884507815346,2.6401691246184558,2.607222612793027,2.6044086768821835,2.589693535474257,2.5864672981154344,2.57560292067006,2.5836392857811896,2.5807980813677753,2.594769539017424,2.5927691649501416,2.56206783325089,2.556761399438249,2.5582045109455045,2.5724279974021753,2.545201039158988]]},{"__meta":{"schema_version":3,"schema_name":"TwoDimTableV3","schema_type":"TwoDimTable"},"name":"Scoring History","description":"","columns":[{"__meta":{"schema_version":-1,"schema_name":"ColumnSpecsBase","schema_type":"Iced"},"name":"","type":"string","format":"%s","description":""},{"__meta":{"schema_version":-1,"schema_name":"ColumnSpecsBase","schema_type":"Iced"},"name":"timestamp","type":"string","format":"%s","description":"Timestamp"},{"__meta":{"schema_version":-1,"schema_name":"ColumnSpecsBase","schema_type":"Iced"},"name":"duration","type":"string","format":"%s","description":"Duration"},{"__meta":{"schema_version":-1,"schema_name":"ColumnSpecsBase","schema_type":"Iced"},"name":"number_of_trees","type":"long","format":"%d","description":"Number of Trees"},{"__meta":{"schema_version":-1,"schema_name":"ColumnSpecsBase","schema_type":"Iced"},"name":"training_rmse","type":"double","format":"%.5f","description":"Training RMSE"},{"__meta":{"schema_version":-1,"schema_name":"ColumnSpecsBase","schema_type":"Iced"},"name":"training_mae","type":"double","format":"%.5f","description":"Training MAE"},{"__meta":{"schema_version":-1,"schema_name":"ColumnSpecsBase","schema_type":"Iced"},"name":"training_deviance","type":"double","format":"%.5f","description":"Training Deviance"},{"__meta":{"schema_version":-1,"schema_name":"ColumnSpecsBase","schema_type":"Iced"},"name":"validation_rmse","type":"double","format":"%.5f","description":"Validation RMSE"},{"__meta":{"schema_version":-1,"schema_name":"ColumnSpecsBase","schema_type":"Iced"},"name":"validation_mae","type":"double","format":"%.5f","description":"Validation MAE"},{"__meta":{"schema_version":-1,"schema_name":"ColumnSpecsBase","schema_type":"Iced"},"name":"validation_deviance","type":"double","format":"%.5f","description":"Validation Deviance"}],"rowcount":51,"data":[["","","","","","","","","","","","","","","","","","","","","","","","","","","","","","","","","","","","","","","","","","","","","","","","","","",""],["2021-08-30 21:17:41","2021-08-30 21:17:41","2021-08-30 21:17:41","2021-08-30 21:17:41","2021-08-30 21:17:41","2021-08-30 21:17:41","2021-08-30 21:17:41","2021-08-30 21:17:41","2021-08-30 21:17:41","2021-08-30 21:17:41","2021-08-30 21:17:41","2021-08-30 21:17:41","2021-08-30 21:17:41","2021-08-30 21:17:41","2021-08-30 21:17:41","2021-08-30 21:17:41","2021-08-30 21:17:41","2021-08-30 21:17:41","2021-08-30 21:17:41","2021-08-30 21:17:41","2021-08-30 21:17:41","2021-08-30 21:17:41","2021-08-30 21:17:41","2021-08-30 21:17:41","2021-08-30 21:17:41","2021-08-30 21:17:41","2021-08-30 21:17:42","2021-08-30 21:17:42","2021-08-30 21:17:42","2021-08-30 21:17:42","2021-08-30 21:17:42","2021-08-30 21:17:42","2021-08-30 21:17:42","2021-08-30 21:17:42","2021-08-30 21:17:42","2021-08-30 21:17:42","2021-08-30 21:17:42","2021-08-30 21:17:42","2021-08-30 21:17:42","2021-08-30 21:17:42","2021-08-30 21:17:42","2021-08-30 21:17:42","2021-08-30 21:17:42","2021-08-30 21:17:42","2021-08-30 21:17:42","2021-08-30 21:17:42","2021-08-30 21:17:42","2021-08-30 21:17:42","2021-08-30 21:17:42","2021-08-30 21:17:42","2021-08-30 21:17:42"],[" 0.008 sec"," 0.014 sec"," 0.017 sec"," 0.021 sec"," 0.024 sec"," 0.028 sec"," 0.031 sec"," 0.038 sec"," 0.042 sec"," 0.047 sec"," 0.052 sec"," 0.055 sec"," 0.058 sec"," 0.062 sec"," 0.067 sec"," 0.071 sec"," 0.085 sec"," 0.088 sec"," 0.092 sec"," 0.095 sec"," 0.098 sec"," 0.101 sec"," 0.105 sec"," 0.109 sec"," 0.112 sec"," 0.116 sec"," 0.132 sec"," 0.136 sec"," 0.142 sec"," 0.146 sec"," 0.150 sec"," 0.154 sec"," 0.157 sec"," 0.161 sec"," 0.165 sec"," 0.169 sec"," 0.173 sec"," 0.177 sec"," 0.181 sec"," 0.185 sec"," 0.189 sec"," 0.193 sec"," 0.198 sec"," 0.202 sec"," 0.206 sec"," 0.211 sec"," 0.214 sec"," 0.218 sec"," 0.222 sec"," 0.226 sec"," 0.231 sec"],[0,1,2,3,4,5,6,7,8,9,10,11,12,13,14,15,16,17,18,19,20,21,22,23,24,25,26,27,28,29,30,31,32,33,34,35,36,37,38,39,40,41,42,43,44,45,46,47,48,49,50],["NaN",1.7413579718733585,2.0090134956696013,2.0972089053385883,2.053410464097269,1.9907972042822877,1.977255911359504,1.8861466886456137,1.8282501028469849,1.8202967602194315,1.8105487989481348,1.812438532283476,1.8024107419137518,1.7622901045341008,1.7731539170382753,1.7717076246168681,1.7594196024133784,1.7480611415603626,1.745317932347198,1.7272528613778677,1.7265819457149711,1.709811745560107,1.709273068033609,1.7304572343572915,1.741020626504343,1.74392675985064,1.7308290849214167,1.7333873455355202,1.735805721214336,1.734200350776833,1.7234920271209053,1.7214821237567366,1.7329937793792523,1.7309663009565768,1.7294526856362022,1.7362552484148543,1.72703294625676,1.7202291010248332,1.7173622085888958,1.7150938437574126,1.7192792854941412,1.7157226474464444,1.7137836982851455,1.7078212190916422,1.710538314566619,1.7025969599577246,1.7012553804112986,1.7034094231549355,1.7003475513187112,1.6998283980734419,1.6926256438609122],["NaN",1.4051724137931034,1.623979597675557,1.6288978540769188,1.5713615014519489,1.5027777707135237,1.5084999889797637,1.4240928150933505,1.4012618911833992,1.3866577280135381,1.392772306657973,1.39138887382689,1.3949355015868232,1.3623127339756682,1.361612076002454,1.3617326115048118,1.3439666035543447,1.3458754704490539,1.3635134695055,1.3485679893304958,1.34701337167883,1.3346564171107553,1.3351219602357085,1.3538477563331384,1.36780128681047,1.3694645348798287,1.3587218303528652,1.358707601289074,1.3682989704919808,1.3751471555229668,1.366443312935982,1.3642263437217517,1.3810306610750327,1.3815012013316745,1.3815723657659633,1.3948681657500468,1.3851604025120736,1.3792279835796404,1.3745819306880538,1.3737077859030813,1.3789157508717922,1.3766486079425886,1.371283395491893,1.3643111427131378,1.3666786825420338,1.36305454844433,1.3608911606867138,1.3626767430488784,1.3611231709610419,1.3600291354245657,1.3531011906972685],["NaN",3.0323275862068964,4.0361352257825915,4.39828519263148,4.216494534064163,3.963273508578173,3.909540939006103,3.5575493310888135,3.3424984385600105,3.3134802952653586,3.278086953372534,3.2849334333058806,3.248684482566081,3.1056664125388123,3.144074813508179,3.1389479071255457,3.0955573373564507,3.055717754633318,3.046134684972698,2.9834024471380314,2.9810852152688954,2.9234562052553,2.921614421105027,2.994482239939486,3.031152821913575,3.041280543723152,2.9957693212099086,3.004631689662677,3.0130215018004214,3.007450856634491,2.9704247675493276,2.9635007024140045,3.003267439367184,2.9962443350472943,2.9910065918542728,3.0145822876481274,2.982642797456305,2.9591881600127055,2.94933295548933,2.941546892894576,2.955921261529245,2.943704202960636,2.937054564507911,2.916653316379663,2.92594132560041,2.898836408057286,2.894269869378393,2.90160366289303,2.891181795275537,2.8894165828969234,2.864981570255568],["NaN",1.0897247358851685,1.1479147761629926,0.7949493345141215,0.8012035217928921,0.7555351304428759,0.7140293852237196,0.7665409539050118,0.7973344263858171,0.7510281019219874,0.7150822332873837,0.7807932214451941,0.7991342933599944,0.766296043883996,0.7907113294855724,0.7831428785288711,0.7516499087364827,0.800916996411299,0.7991890523592482,0.7886366641242105,0.8128524957085933,0.8157183473082091,0.8317075628769027,0.8446485635277976,0.8567481233249573,0.8553513563498301,0.8496975722467986,0.8548639985171788,0.8510413879220791,0.8631022672734476,0.8693862386113637,0.8703696806733042,0.8709482834303836,0.8777406919360801,0.8678135031394801,0.8609804455132655,0.8643379797907118,0.8476799044478749,0.842363028603269,0.8261643346107358,0.8400957017088969,0.8317006434668439,0.8207620200395127,0.8134040990660604,0.7969205913910586,0.7929430258550804,0.7908790830024979,0.7943686288633227,0.8019882947197639,0.8048107480179847,0.8081965898363569],["NaN",0.7083333333333334,0.7708333333333334,0.5972222222222223,0.65625,0.6250000000000001,0.6041666666666666,0.630952380952381,0.5989583333333334,0.6064814814814815,0.5722222248713177,0.6376262650345311,0.6678240762816534,0.6485042755420392,0.665674606959025,0.6629629664950901,0.6319444477558136,0.6830065390642952,0.6635802498570195,0.6505847981101588,0.6750000039736429,0.6613756664215571,0.6755050565257218,0.69142512653185,0.7042824129263557,0.6894444497426351,0.6842948779081688,0.6836419826672401,0.6705357219491687,0.6838122688490769,0.6823148237334357,0.6737455283441851,0.6696180639167627,0.673737382647967,0.6751634081204733,0.6689682631265548,0.6712191447063728,0.664339348002597,0.668055564687963,0.6594729433711778,0.6669444531202315,0.6581300904111165,0.6543650882584708,0.64689923349277,0.6375631401033113,0.6345061814343489,0.6394323767095375,0.6391253048646535,0.6449074165688621,0.6487528434416063,0.643555564880371],["NaN",1.1875,1.3177083333333333,0.6319444444444446,0.6419270833333334,0.5708333333333335,0.5098379629629629,0.5875850340136054,0.6357421875,0.5640432098765432,0.5113426003632723,0.609638054654764,0.6386156188239777,0.5872096268722631,0.6252244065768414,0.6133127681904862,0.5649775853035628,0.6414680351404967,0.6387031414108731,0.6219477880009628,0.6607291797796887,0.6653964221352361,0.6917374701466371,0.7134311958695719,0.7340173468208362,0.7316259428094939,0.7219859642821036,0.730792455960779,0.7242714439563386,0.7449455237725658,0.7558324318868149,0.7575433810353496,0.7585509124103318,0.7704287222804286,0.7531002762312164,0.7412873275562212,0.7470801433086889,0.7185612204047582,0.7095754719576718,0.6825475077827998,0.7057607880297639,0.6917259603431621,0.6736502935393415,0.6616262283774694,0.6350824289830747,0.6287586422522107,0.625489723930872,0.6310215185221953,0.6431852248675148,0.6477203401252681,0.6531817278231166]]},{"__meta":{"schema_version":3,"schema_name":"TwoDimTableV3","schema_type":"TwoDimTable"},"name":"Scoring History","description":"","columns":[{"__meta":{"schema_version":-1,"schema_name":"ColumnSpecsBase","schema_type":"Iced"},"name":"","type":"string","format":"%s","description":""},{"__meta":{"schema_version":-1,"schema_name":"ColumnSpecsBase","schema_type":"Iced"},"name":"timestamp","type":"string","format":"%s","description":"Timestamp"},{"__meta":{"schema_version":-1,"schema_name":"ColumnSpecsBase","schema_type":"Iced"},"name":"duration","type":"string","format":"%s","description":"Duration"},{"__meta":{"schema_version":-1,"schema_name":"ColumnSpecsBase","schema_type":"Iced"},"name":"number_of_trees","type":"long","format":"%d","description":"Number of Trees"},{"__meta":{"schema_version":-1,"schema_name":"ColumnSpecsBase","schema_type":"Iced"},"name":"training_rmse","type":"double","format":"%.5f","description":"Training RMSE"},{"__meta":{"schema_version":-1,"schema_name":"ColumnSpecsBase","schema_type":"Iced"},"name":"training_mae","type":"double","format":"%.5f","description":"Training MAE"},{"__meta":{"schema_version":-1,"schema_name":"ColumnSpecsBase","schema_type":"Iced"},"name":"training_deviance","type":"double","format":"%.5f","description":"Training Deviance"},{"__meta":{"schema_version":-1,"schema_name":"ColumnSpecsBase","schema_type":"Iced"},"name":"validation_rmse","type":"double","format":"%.5f","description":"Validation RMSE"},{"__meta":{"schema_version":-1,"schema_name":"ColumnSpecsBase","schema_type":"Iced"},"name":"validation_mae","type":"double","format":"%.5f","description":"Validation MAE"},{"__meta":{"schema_version":-1,"schema_name":"ColumnSpecsBase","schema_type":"Iced"},"name":"validation_deviance","type":"double","format":"%.5f","description":"Validation Deviance"}],"rowcount":51,"data":[["","","","","","","","","","","","","","","","","","","","","","","","","","","","","","","","","","","","","","","","","","","","","","","","","","",""],["2021-08-30 21:17:41","2021-08-30 21:17:41","2021-08-30 21:17:41","2021-08-30 21:17:41","2021-08-30 21:17:41","2021-08-30 21:17:41","2021-08-30 21:17:41","2021-08-30 21:17:41","2021-08-30 21:17:41","2021-08-30 21:17:41","2021-08-30 21:17:41","2021-08-30 21:17:41","2021-08-30 21:17:41","2021-08-30 21:17:41","2021-08-30 21:17:41","2021-08-30 21:17:41","2021-08-30 21:17:41","2021-08-30 21:17:41","2021-08-30 21:17:41","2021-08-30 21:17:41","2021-08-30 21:17:41","2021-08-30 21:17:41","2021-08-30 21:17:41","2021-08-30 21:17:41","2021-08-30 21:17:41","2021-08-30 21:17:41","2021-08-30 21:17:41","2021-08-30 21:17:42","2021-08-30 21:17:42","2021-08-30 21:17:42","2021-08-30 21:17:42","2021-08-30 21:17:42","2021-08-30 21:17:42","2021-08-30 21:17:42","2021-08-30 21:17:42","2021-08-30 21:17:42","2021-08-30 21:17:42","2021-08-30 21:17:42","2021-08-30 21:17:42","2021-08-30 21:17:42","2021-08-30 21:17:42","2021-08-30 21:17:42","2021-08-30 21:17:42","2021-08-30 21:17:42","2021-08-30 21:17:42","2021-08-30 21:17:42","2021-08-30 21:17:42","2021-08-30 21:17:42","2021-08-30 21:17:42","2021-08-30 21:17:42","2021-08-30 21:17:42"],[" 0.009 sec"," 0.013 sec"," 0.017 sec"," 0.019 sec"," 0.023 sec"," 0.026 sec"," 0.028 sec"," 0.031 sec"," 0.034 sec"," 0.038 sec"," 0.041 sec"," 0.044 sec"," 0.048 sec"," 0.051 sec"," 0.054 sec"," 0.058 sec"," 0.062 sec"," 0.065 sec"," 0.069 sec"," 0.084 sec"," 0.087 sec"," 0.096 sec"," 0.101 sec"," 0.106 sec"," 0.110 sec"," 0.114 sec"," 0.118 sec"," 0.134 sec"," 0.138 sec"," 0.142 sec"," 0.146 sec"," 0.150 sec"," 0.153 sec"," 0.157 sec"," 0.161 sec"," 0.165 sec"," 0.169 sec"," 0.173 sec"," 0.177 sec"," 0.181 sec"," 0.185 sec"," 0.189 sec"," 0.194 sec"," 0.198 sec"," 0.202 sec"," 0.207 sec"," 0.211 sec"," 0.215 sec"," 0.219 sec"," 0.223 sec"," 0.227 sec"],[0,1,2,3,4,5,6,7,8,9,10,11,12,13,14,15,16,17,18,19,20,21,22,23,24,25,26,27,28,29,30,31,32,33,34,35,36,37,38,39,40,41,42,43,44,45,46,47,48,49,50],["NaN",1.3149778198382918,1.7658016750347576,1.8044868632124127,1.7166348321672724,1.6428560732893835,1.6291150319805399,1.6704439181514248,1.6162050610750356,1.5903493911582776,1.5421823184929098,1.5360693403461552,1.5643481722164516,1.5619236903854319,1.564158860598001,1.562116859944213,1.5551026590968458,1.5383986176198718,1.5316997186470491,1.5435299902681998,1.5566970838354914,1.5579045292919906,1.551800715439549,1.5527308704442249,1.547789393301969,1.5593971992514648,1.563851219033476,1.5676117973716004,1.5648689186009266,1.5626803968084897,1.5529842112414871,1.5475298713298793,1.5609723338959727,1.559059129368829,1.5571206521163619,1.5616665720443885,1.5597953729560663,1.564925501656927,1.5693095817845,1.5632318236919933,1.5704004732095846,1.5688094932071153,1.5719561893140408,1.5613830412926542,1.5652714347997054,1.5623898085436851,1.5680016640851797,1.57161600804439,1.5725851749518653,1.5712305896712369,1.5680832698579272],["NaN",0.9583333333333334,1.3388888888888888,1.3271604938271606,1.2445355165200156,1.1869488468876592,1.1836649980118026,1.2575684303246835,1.2333937128960797,1.2262681039635108,1.1714774546415907,1.1727024323204782,1.1986628635740841,1.1796181248115731,1.1850126497713158,1.1857516655133242,1.1776857579908953,1.1659103956720542,1.1651359093005504,1.1711695897907524,1.1746125753026042,1.1740894882847068,1.163133515696304,1.1721872384184269,1.1745662101415044,1.1756843587081183,1.1759449375013058,1.180193185835347,1.1790739554949385,1.1832145210233151,1.173002221540861,1.1690899086078328,1.1841007536429073,1.1812130170790038,1.1923975203572652,1.1928950072807125,1.1884915243472463,1.2047968491733372,1.2083051377940734,1.204302696693047,1.2116275686538613,1.2085905734764655,1.2057661890095805,1.192988594270062,1.1979518140620231,1.1956094303887288,1.2053638253705732,1.2086253516756573,1.2070750974656808,1.2061407250059117,1.2009850399954514],["NaN",1.7291666666666667,3.1180555555555554,3.2561728395061724,2.9468351470099594,2.6989760775438123,2.6540157874249557,2.7903828836890843,2.612118799444559,2.529211185957504,2.378326303472167,2.3595090183514724,2.4471852039169533,2.4396056145872467,2.4465929411872365,2.440209084121968,2.4183442803300808,2.3666703066947328,2.3461040281034498,2.382484830857349,2.423305810821923,2.427066522388499,2.408085460438696,2.4109731560304803,2.3956520060180777,2.4317196250333124,2.445630635272489,2.4574067472586196,2.448814732403233,2.4419700225695387,2.411759960365344,2.394848702658273,2.43663462718864,2.430665368868291,2.424624725247284,2.4388024822408716,2.4329616054951537,2.4489918257361847,2.462732563480642,2.4436937346033956,2.4661576462568875,2.4611632259767657,2.47104626112272,2.437917001636298,2.4500746645999283,2.441061913841173,2.4586292185738925,2.469976876741384,2.4730241324783893,2.468765565918623,2.458885141208329],["NaN",1.763149356173184,1.918162617216527,1.7634918150199939,1.7734475625760209,1.8027488433864094,1.7267064134057772,1.6383801952512969,1.6121958169717665,1.6149910724077454,1.5796582085872253,1.5593311902606297,1.5660406772616318,1.592352081494847,1.6198219321354468,1.6244525103026337,1.6242566149567823,1.6161867938849988,1.6114286327963183,1.6435106063841696,1.6282691972817762,1.6346756399637894,1.6171702480108918,1.62892845415405,1.6389109611898982,1.6476937513533785,1.6354837936818412,1.6337039311777313,1.6196447963655345,1.624031394316326,1.6190073901855928,1.6144655086718982,1.6038872606183,1.5962222489383033,1.583486742740527,1.5868867679015928,1.578933017484046,1.588260663853921,1.5816232972510744,1.5901291405457139,1.5861033676055414,1.5918921769067378,1.5928140380434581,1.5929917894279852,1.5937737942398458,1.5947118277155996,1.5953253551952147,1.592701130472481,1.5933673620148343,1.5943662365632898,1.592214076398984],["NaN",1.3043478260869565,1.4565217391304348,1.4130434782608696,1.3967391304347827,1.3695652173913044,1.3079710144927539,1.2453416149068324,1.2608695652173914,1.272946859903382,1.27318840648817,1.27206851182719,1.257850242697674,1.2787068009775222,1.2924430651694354,1.3048309187958205,1.2952898559362993,1.2843137263032178,1.2838164262725535,1.3100686509767439,1.2992753630099088,1.314009662493909,1.3053359693218123,1.299621929067745,1.3052536240522408,1.3107246390632963,1.3012820526110287,1.307568439538928,1.2996894424746492,1.300099951931383,1.303140098461206,1.3024777951447857,1.2916666683943376,1.288976725225235,1.276641092641884,1.276190477572613,1.2757648966738564,1.277712496411226,1.2761250966200837,1.2790784107535713,1.278079711354297,1.2827854378984438,1.2858868198118345,1.2908661960952807,1.2817852449982539,1.281803543901674,1.2824511672238097,1.2779833505155864,1.2767210162204246,1.2734398126813726,1.2681159442404042],["NaN",3.108695652173913,3.6793478260869565,3.109903381642512,3.1451162572068294,3.2499033923310368,2.9815150380966426,2.6842896641916774,2.5991753522612617,2.6081961639567197,2.4953200559570017,2.4315137609196324,2.45248340283807,2.535585151440972,2.623823091827012,2.6388459582285284,2.6382095512308648,2.612059752728271,2.5967022385958116,2.7011271132972605,2.65126057881664,2.6721644478910247,2.615239611051609,2.653407908752703,2.686029138708396,2.714894698248969,2.674807239395947,2.6689885347455733,2.623249266393954,2.63747796972503,2.621184929475564,2.6064988786912107,2.5724543447736745,2.547925468005655,2.507430264435004,2.518209614141164,2.493029473701274,2.5225719363456975,2.5015322544073606,2.5285106836126503,2.5157238927296395,2.5341207028968724,2.537056559788307,2.537622841184975,2.540114907205674,2.5431058134560285,2.5450629889287377,2.5366968910083187,2.5388195503341118,2.542003696292988,2.53514566508307]]},{"__meta":{"schema_version":3,"schema_name":"TwoDimTableV3","schema_type":"TwoDimTable"},"name":"Scoring History","description":"","columns":[{"__meta":{"schema_version":-1,"schema_name":"ColumnSpecsBase","schema_type":"Iced"},"name":"","type":"string","format":"%s","description":""},{"__meta":{"schema_version":-1,"schema_name":"ColumnSpecsBase","schema_type":"Iced"},"name":"timestamp","type":"string","format":"%s","description":"Timestamp"},{"__meta":{"schema_version":-1,"schema_name":"ColumnSpecsBase","schema_type":"Iced"},"name":"duration","type":"string","format":"%s","description":"Duration"},{"__meta":{"schema_version":-1,"schema_name":"ColumnSpecsBase","schema_type":"Iced"},"name":"number_of_trees","type":"long","format":"%d","description":"Number of Trees"},{"__meta":{"schema_version":-1,"schema_name":"ColumnSpecsBase","schema_type":"Iced"},"name":"training_rmse","type":"double","format":"%.5f","description":"Training RMSE"},{"__meta":{"schema_version":-1,"schema_name":"ColumnSpecsBase","schema_type":"Iced"},"name":"training_mae","type":"double","format":"%.5f","description":"Training MAE"},{"__meta":{"schema_version":-1,"schema_name":"ColumnSpecsBase","schema_type":"Iced"},"name":"training_deviance","type":"double","format":"%.5f","description":"Training Deviance"},{"__meta":{"schema_version":-1,"schema_name":"ColumnSpecsBase","schema_type":"Iced"},"name":"validation_rmse","type":"double","format":"%.5f","description":"Validation RMSE"},{"__meta":{"schema_version":-1,"schema_name":"ColumnSpecsBase","schema_type":"Iced"},"name":"validation_mae","type":"double","format":"%.5f","description":"Validation MAE"},{"__meta":{"schema_version":-1,"schema_name":"ColumnSpecsBase","schema_type":"Iced"},"name":"validation_deviance","type":"double","format":"%.5f","description":"Validation Deviance"}],"rowcount":51,"data":[["","","","","","","","","","","","","","","","","","","","","","","","","","","","","","","","","","","","","","","","","","","","","","","","","","",""],["2021-08-30 21:17:41","2021-08-30 21:17:41","2021-08-30 21:17:41","2021-08-30 21:17:41","2021-08-30 21:17:41","2021-08-30 21:17:41","2021-08-30 21:17:41","2021-08-30 21:17:41","2021-08-30 21:17:41","2021-08-30 21:17:41","2021-08-30 21:17:41","2021-08-30 21:17:41","2021-08-30 21:17:41","2021-08-30 21:17:41","2021-08-30 21:17:41","2021-08-30 21:17:41","2021-08-30 21:17:41","2021-08-30 21:17:41","2021-08-30 21:17:41","2021-08-30 21:17:41","2021-08-30 21:17:41","2021-08-30 21:17:41","2021-08-30 21:17:41","2021-08-30 21:17:41","2021-08-30 21:17:41","2021-08-30 21:17:41","2021-08-30 21:17:41","2021-08-30 21:17:41","2021-08-30 21:17:42","2021-08-30 21:17:42","2021-08-30 21:17:42","2021-08-30 21:17:42","2021-08-30 21:17:42","2021-08-30 21:17:42","2021-08-30 21:17:42","2021-08-30 21:17:42","2021-08-30 21:17:42","2021-08-30 21:17:42","2021-08-30 21:17:42","2021-08-30 21:17:42","2021-08-30 21:17:42","2021-08-30 21:17:42","2021-08-30 21:17:42","2021-08-30 21:17:42","2021-08-30 21:17:42","2021-08-30 21:17:42","2021-08-30 21:17:42","2021-08-30 21:17:42","2021-08-30 21:17:42","2021-08-30 21:17:42","2021-08-30 21:17:42"],[" 0.008 sec"," 0.013 sec"," 0.016 sec"," 0.019 sec"," 0.022 sec"," 0.025 sec"," 0.030 sec"," 0.032 sec"," 0.035 sec"," 0.038 sec"," 0.041 sec"," 0.044 sec"," 0.047 sec"," 0.051 sec"," 0.054 sec"," 0.058 sec"," 0.061 sec"," 0.065 sec"," 0.068 sec"," 0.083 sec"," 0.087 sec"," 0.093 sec"," 0.100 sec"," 0.105 sec"," 0.109 sec"," 0.112 sec"," 0.116 sec"," 0.119 sec"," 0.134 sec"," 0.137 sec"," 0.141 sec"," 0.145 sec"," 0.149 sec"," 0.153 sec"," 0.157 sec"," 0.161 sec"," 0.165 sec"," 0.169 sec"," 0.173 sec"," 0.177 sec"," 0.181 sec"," 0.185 sec"," 0.189 sec"," 0.193 sec"," 0.198 sec"," 0.202 sec"," 0.206 sec"," 0.211 sec"," 0.215 sec"," 0.219 sec"," 0.222 sec"],[0,1,2,3,4,5,6,7,8,9,10,11,12,13,14,15,16,17,18,19,20,21,22,23,24,25,26,27,28,29,30,31,32,33,34,35,36,37,38,39,40,41,42,43,44,45,46,47,48,49,50],["NaN",1.4474937289114918,1.6035674514745464,1.669689718664446,1.5823630630319527,1.4535415101780547,1.496772149599294,1.4515583796012757,1.459878629655457,1.4858967433315189,1.5126119634423871,1.4967318234218068,1.4845590505254396,1.4734711366678237,1.4780753812358378,1.4863451067319644,1.477776600638889,1.4453482113618874,1.4395729260105268,1.4347793002056044,1.426382765660425,1.428422026095581,1.4347038738986055,1.4381721302800132,1.428933415765289,1.441776929486979,1.4490743304910307,1.4545198108586468,1.4572019524952275,1.4518140859677529,1.4535637545828561,1.4520907355805974,1.446158395248549,1.4498814598121723,1.4527512562682587,1.4577226088330446,1.4559297707034806,1.4526984825660811,1.4505564948961829,1.4537434672053007,1.4503255150959522,1.451010703168951,1.4478848559094148,1.441971781642417,1.4414472543263206,1.4393092205561948,1.4376691376341553,1.4365149668450028,1.4332728477470638,1.4376039920941377,1.4297884691928409],["NaN",1.1428571428571428,1.2571428571428571,1.248015873015873,1.2131410256410258,1.1095679012345678,1.1093390804597703,1.089650537634409,1.111885865457294,1.161224489795918,1.1665154950869234,1.1704837490551776,1.1693972033257747,1.1611205593348453,1.1834278155706726,1.1817334341143866,1.1742561671133098,1.155177626606198,1.1420334295334293,1.1450789069836689,1.1341627728532486,1.1259560325036513,1.135569897474659,1.1371232162898828,1.1306030829840352,1.1345893744703264,1.1325436494203998,1.1575475923365568,1.166611593555578,1.160797059764854,1.1661157642553241,1.1668674049480747,1.1622658634934697,1.1664329492017074,1.1678709883909912,1.1772214609701788,1.1730830764199913,1.169713056281467,1.16803354517745,1.1727146802554989,1.1690920511123708,1.1680335621867486,1.1664842192209464,1.1570333953410012,1.1629305606115996,1.1607470358770702,1.153854415202884,1.1497932024930233,1.1438580366438709,1.1486320056447694,1.1434760051212849],["NaN",2.0952380952380953,2.5714285714285716,2.7878637566137563,2.5038728632478633,2.1127829218106995,2.2403268678160915,2.1070217293906808,2.1312456133246944,2.2078891318432134,2.2879949519490337,2.2402061512435663,2.2039155744969947,2.1711171905931685,2.1847068326154675,2.2092217763060544,2.1838236813958307,2.0890314520870072,2.07237020930251,2.058591640298484,2.0345677941730833,2.040389484635005,2.058375205779666,2.0683390763141514,2.0418507066906564,2.0787207144009012,2.099816415288029,2.115627880180274,2.1234375303559037,2.107764140214382,2.1128475886370097,2.1085675043590006,2.0913741041478584,2.1021562475070756,2.110486212589004,2.1249552043030175,2.1197314972206898,2.110332881249795,2.1041141448854996,2.113370068442089,2.103444099738339,2.1054320607108536,2.096370555971827,2.0792826190530063,2.0777701870048886,2.071611032378081,2.0668925493057357,2.0635752499696998,2.054271056088978,2.0667052380850017,2.044295066636807],["NaN",1.6481732713294102,1.6242445984027265,1.6306778551874717,1.6157636137497609,1.6317374339832844,1.6555263066988661,1.6665024562621862,1.6754885072372872,1.6609451967414826,1.669772969154077,1.6958474249296278,1.6745642242489462,1.6960178243224526,1.6693621196654378,1.6546437380079368,1.6538841742998336,1.6448427997031876,1.6270579040313808,1.6367357331170054,1.6359262815322113,1.6369699057927602,1.6375720007477121,1.6319588664278415,1.6323856121365183,1.6373771222249982,1.6349005516365993,1.6380864747861705,1.6296023139398659,1.6382612988038885,1.6483637439114076,1.6486588029053193,1.6563962724955728,1.6718163509160817,1.6750712828073036,1.669654374060833,1.6612479790522445,1.6701040540792154,1.6699423770339414,1.6661134023833952,1.6676611646740194,1.6743555880688907,1.6842049411014772,1.6768825894108372,1.6813862712539478,1.6877144116956142,1.6847991359107182,1.6902126410723162,1.6918476143856944,1.6859448453220023,1.683433140118572],["NaN",1.229885068433038,1.3304597755958294,1.3007662871788286,1.3117816119358456,1.3459770136866074,1.3860153274974605,1.397372743766296,1.408045978381716,1.3780332068373875,1.377011496445228,1.3819226770191728,1.3615900401411383,1.3722369601302817,1.3497536969302322,1.3394636044557067,1.3462643705565354,1.3471940526130473,1.3298212029468055,1.335148217673743,1.3344827619092217,1.3292282461532818,1.3200104528086314,1.3240879593581811,1.3235153288676818,1.3243678191612505,1.3238284733314414,1.3337590496506577,1.3335385909808677,1.3323424528668526,1.3367816124839345,1.3403782011802259,1.3426724168761024,1.3549285996296565,1.3617309024803053,1.361576357968335,1.3587164782929695,1.3602050357295994,1.3607078070216516,1.3603006218725555,1.3597701183680833,1.3622091432094974,1.3700054772381713,1.3646083971740925,1.3649425323480353,1.3667943841196109,1.3658170953862134,1.3683052129458608,1.3663793141129372,1.3617171043245666,1.3597701187791496],["NaN",2.71647513232469,2.638170515440434,2.6591102673988125,2.6106920555176867,2.662567053462354,2.7407673521719884,2.7772304367279,2.807261737884233,2.7587389465786023,2.788141768517622,2.8758984886404493,2.804165341134475,2.8764764604194655,2.7867698865738832,2.737845899728878,2.7353328619994426,2.7055078357354203,2.6473174230709904,2.678903860062061,2.676254798607808,2.6796704724711584,2.6816420576328652,2.6632897417124455,2.664682786710316,2.681003840385817,2.672899813741657,2.6833272988773835,2.6556037015981655,2.683900083158604,2.7171030322416327,2.7180758483972007,2.743648611537228,2.7949699111903636,2.805863802485706,2.7877457288204717,2.759744847905167,2.7892475514518305,2.788707542613771,2.7759338696015736,2.781093760161907,2.803466635297521,2.8365462836306303,2.811935218669195,2.8270597931612538,2.848379935445073,2.8385481283655025,2.8568187720406546,2.862348350302565,2.8424100214678303,2.8339471372494756]]}],"reproducibility_information_table":[{"__meta":{"schema_version":3,"schema_name":"TwoDimTableV3","schema_type":"TwoDimTable"},"name":"Node Information","description":"","columns":[{"__meta":{"schema_version":-1,"schema_name":"ColumnSpecsBase","schema_type":"Iced"},"name":"","type":"string","format":"%s","description":""},{"__meta":{"schema_version":-1,"schema_name":"ColumnSpecsBase","schema_type":"Iced"},"name":"node","type":"int","format":"%d","description":"node"},{"__meta":{"schema_version":-1,"schema_name":"ColumnSpecsBase","schema_type":"Iced"},"name":"h2o","type":"string","format":"%s","description":"h2o"},{"__meta":{"schema_version":-1,"schema_name":"ColumnSpecsBase","schema_type":"Iced"},"name":"healthy","type":"string","format":"%s","description":"healthy"},{"__meta":{"schema_version":-1,"schema_name":"ColumnSpecsBase","schema_type":"Iced"},"name":"last_ping","type":"string","format":"%s","description":"last_ping"},{"__meta":{"schema_version":-1,"schema_name":"ColumnSpecsBase","schema_type":"Iced"},"name":"num_cpus","type":"int","format":"%d","description":"num_cpus"},{"__meta":{"schema_version":-1,"schema_name":"ColumnSpecsBase","schema_type":"Iced"},"name":"sys_load","type":"double","format":"%.5f","description":"sys_load"},{"__meta":{"schema_version":-1,"schema_name":"ColumnSpecsBase","schema_type":"Iced"},"name":"mem_value_size","type":"long","format":"%d","description":"mem_value_size"},{"__meta":{"schema_version":-1,"schema_name":"ColumnSpecsBase","schema_type":"Iced"},"name":"free_mem","type":"long","format":"%d","description":"free_mem"},{"__meta":{"schema_version":-1,"schema_name":"ColumnSpecsBase","schema_type":"Iced"},"name":"pojo_mem","type":"long","format":"%d","description":"pojo_mem"},{"__meta":{"schema_version":-1,"schema_name":"ColumnSpecsBase","schema_type":"Iced"},"name":"swap_mem","type":"long","format":"%d","description":"swap_mem"},{"__meta":{"schema_version":-1,"schema_name":"ColumnSpecsBase","schema_type":"Iced"},"name":"free_disc","type":"long","format":"%d","description":"free_disc"},{"__meta":{"schema_version":-1,"schema_name":"ColumnSpecsBase","schema_type":"Iced"},"name":"max_disc","type":"long","format":"%d","description":"max_disc"},{"__meta":{"schema_version":-1,"schema_name":"ColumnSpecsBase","schema_type":"Iced"},"name":"pid","type":"int","format":"%d","description":"pid"},{"__meta":{"schema_version":-1,"schema_name":"ColumnSpecsBase","schema_type":"Iced"},"name":"num_keys","type":"int","format":"%d","description":"num_keys"},{"__meta":{"schema_version":-1,"schema_name":"ColumnSpecsBase","schema_type":"Iced"},"name":"tcps_active","type":"string","format":"%s","description":"tcps_active"},{"__meta":{"schema_version":-1,"schema_name":"ColumnSpecsBase","schema_type":"Iced"},"name":"open_fds","type":"int","format":"%d","description":"open_fds"},{"__meta":{"schema_version":-1,"schema_name":"ColumnSpecsBase","schema_type":"Iced"},"name":"rpcs_active","type":"string","format":"%s","description":"rpcs_active"},{"__meta":{"schema_version":-1,"schema_name":"ColumnSpecsBase","schema_type":"Iced"},"name":"nthreads","type":"int","format":"%d","description":"nthreads"},{"__meta":{"schema_version":-1,"schema_name":"ColumnSpecsBase","schema_type":"Iced"},"name":"is_leader","type":"string","format":"%s","description":"is_leader"},{"__meta":{"schema_version":-1,"schema_name":"ColumnSpecsBase","schema_type":"Iced"},"name":"total_mem","type":"long","format":"%d","description":"total_mem"},{"__meta":{"schema_version":-1,"schema_name":"ColumnSpecsBase","schema_type":"Iced"},"name":"max_mem","type":"long","format":"%d","description":"max_mem"},{"__meta":{"schema_version":-1,"schema_name":"ColumnSpecsBase","schema_type":"Iced"},"name":"java_version","type":"string","format":"%s","description":"java_version"},{"__meta":{"schema_version":-1,"schema_name":"ColumnSpecsBase","schema_type":"Iced"},"name":"jvm_launch_parameters","type":"string","format":"%s","description":"jvm_launch_parameters"},{"__meta":{"schema_version":-1,"schema_name":"ColumnSpecsBase","schema_type":"Iced"},"name":"os_version","type":"string","format":"%s","description":"os_version"},{"__meta":{"schema_version":-1,"schema_name":"ColumnSpecsBase","schema_type":"Iced"},"name":"machine_physical_mem","type":"long","format":"%d","description":"machine_physical_mem"},{"__meta":{"schema_version":-1,"schema_name":"ColumnSpecsBase","schema_type":"Iced"},"name":"machine_locale","type":"string","format":"%s","description":"machine_locale"}],"rowcount":1,"data":[[""],[0],["127.0.0.1:54321"],["true"],["1630351061473"],[8],[0.7286166],[6948130],[4256561886],[0],[0],[52029292544],[106766008320],[14552],[3523],["\u0000"],[-1],["\u0000"],[8],["true"],[268435456],[4263510016],["Java 11.0.7 (from Oracle Corporation)"],["[]"],["Windows 10 10.0 (amd64)"],[17052135424],["en_US"]]},{"__meta":{"schema_version":3,"schema_name":"TwoDimTableV3","schema_type":"TwoDimTable"},"name":"Cluster Configuration","description":"","columns":[{"__meta":{"schema_version":-1,"schema_name":"ColumnSpecsBase","schema_type":"Iced"},"name":"","type":"string","format":"%s","description":""},{"__meta":{"schema_version":-1,"schema_name":"ColumnSpecsBase","schema_type":"Iced"},"name":"h2o_cluster_uptime","type":"long","format":"%d","description":"H2O cluster uptime"},{"__meta":{"schema_version":-1,"schema_name":"ColumnSpecsBase","schema_type":"Iced"},"name":"h2o_cluster_timezone","type":"string","format":"%s","description":"H2O cluster timezone"},{"__meta":{"schema_version":-1,"schema_name":"ColumnSpecsBase","schema_type":"Iced"},"name":"h2o_data_parsing_timezone","type":"string","format":"%s","description":"H2O data parsing timezone"},{"__meta":{"schema_version":-1,"schema_name":"ColumnSpecsBase","schema_type":"Iced"},"name":"h2o_cluster_version","type":"string","format":"%s","description":"H2O cluster version"},{"__meta":{"schema_version":-1,"schema_name":"ColumnSpecsBase","schema_type":"Iced"},"name":"h2o_cluster_version_age","type":"string","format":"%s","description":"H2O cluster version age"},{"__meta":{"schema_version":-1,"schema_name":"ColumnSpecsBase","schema_type":"Iced"},"name":"h2o_cluster_name","type":"string","format":"%s","description":"H2O cluster name"},{"__meta":{"schema_version":-1,"schema_name":"ColumnSpecsBase","schema_type":"Iced"},"name":"h2o_cluster_total_nodes","type":"int","format":"%d","description":"H2O cluster total nodes"},{"__meta":{"schema_version":-1,"schema_name":"ColumnSpecsBase","schema_type":"Iced"},"name":"h2o_cluster_free_memory","type":"long","format":"%d","description":"H2O cluster free memory"},{"__meta":{"schema_version":-1,"schema_name":"ColumnSpecsBase","schema_type":"Iced"},"name":"h2o_cluster_total_cores","type":"int","format":"%d","description":"H2O cluster total cores"},{"__meta":{"schema_version":-1,"schema_name":"ColumnSpecsBase","schema_type":"Iced"},"name":"h2o_cluster_allowed_cores","type":"int","format":"%d","description":"H2O cluster allowed cores"},{"__meta":{"schema_version":-1,"schema_name":"ColumnSpecsBase","schema_type":"Iced"},"name":"h2o_cluster_status","type":"string","format":"%s","description":"H2O cluster status"},{"__meta":{"schema_version":-1,"schema_name":"ColumnSpecsBase","schema_type":"Iced"},"name":"h2o_internal_security","type":"string","format":"%s","description":"H2O internal security"},{"__meta":{"schema_version":-1,"schema_name":"ColumnSpecsBase","schema_type":"Iced"},"name":"h2o_api_extensions","type":"string","format":"%s","description":"H2O API Extensions"}],"rowcount":1,"data":[[""],[16690],["Europe/Berlin"],["UTC"],["3.32.1.5"],["26 days"],["H2O_from_python_alina_lo1sxu"],[1],[4256561886],[8],[8],["locked, healthly"],["false"],["Amazon S3, Algos, AutoML, Core V3, TargetEncoder, Core V4"]]},{"__meta":{"schema_version":3,"schema_name":"TwoDimTableV3","schema_type":"TwoDimTable"},"name":"Input Frames Information","description":"","columns":[{"__meta":{"schema_version":-1,"schema_name":"ColumnSpecsBase","schema_type":"Iced"},"name":"","type":"string","format":"%s","description":""},{"__meta":{"schema_version":-1,"schema_name":"ColumnSpecsBase","schema_type":"Iced"},"name":"input_frame","type":"string","format":"%s","description":"Input Frame"},{"__meta":{"schema_version":-1,"schema_name":"ColumnSpecsBase","schema_type":"Iced"},"name":"checksum","type":"long","format":"%d","description":"Checksum"},{"__meta":{"schema_version":-1,"schema_name":"ColumnSpecsBase","schema_type":"Iced"},"name":"espc","type":"string","format":"%d","description":"ESPC"}],"rowcount":3,"data":[["","",""],["training_frame","validation_frame","calibration_frame"],[8101076302223659836,7603765588685762944,-1],["[0, 92]","[0, 31]","-1"]]}],"training_metrics":{"__meta":{"schema_version":3,"schema_name":"ModelMetricsRegressionV3","schema_type":"ModelMetricsRegression"},"model":{"__meta":{"schema_version":3,"schema_name":"ModelKeyV3","schema_type":"Key<Model>"},"name":"regular_2std_drf_model","type":"Key<Model>","URL":"/3/Models/regular_2std_drf_model"},"model_checksum":5832606119888454208,"frame":{"__meta":{"schema_version":3,"schema_name":"FrameKeyV3","schema_type":"Key<Frame>"},"name":"py_25_sid_8a81","type":"Key<Frame>","URL":"/3/Frames/py_25_sid_8a81"},"frame_checksum":4827995398225901552,"description":"Metrics reported on Out-Of-Bag training samples","model_category":"Regression","scoring_time":1630351062288,"predictions":null,"MSE":2.452148704670226,"RMSE":1.5659338123529443,"nobs":92,"custom_metric_name":null,"custom_metric_value":0.0,"r2":-0.29113447193336306,"mean_residual_deviance":2.452148704670226,"mae":1.202524196208659,"rmsle":0.20571118601804722},"validation_metrics":{"__meta":{"schema_version":3,"schema_name":"ModelMetricsRegressionV3","schema_type":"ModelMetricsRegression"},"model":{"__meta":{"schema_version":3,"schema_name":"ModelKeyV3","schema_type":"Key<Model>"},"name":"regular_2std_drf_model","type":"Key<Model>","URL":"/3/Models/regular_2std_drf_model"},"model_checksum":5832606119888454208,"frame":{"__meta":{"schema_version":3,"schema_name":"FrameKeyV3","schema_type":"Key<Frame>"},"name":"py_26_sid_8a81","type":"Key<Frame>","URL":"/3/Frames/py_26_sid_8a81"},"frame_checksum":-1518595700359459536,"description":null,"model_category":"Regression","scoring_time":1630351062288,"predictions":null,"MSE":3.1048169533501357,"RMSE":1.7620490780197173,"nobs":31,"custom_metric_name":null,"custom_metric_value":0.0,"r2":-0.06714202151984172,"mean_residual_deviance":3.1048169533501357,"mae":1.3924301104391774,"rmsle":0.23731969256047486},"cross_validation_metrics":{"__meta":{"schema_version":3,"schema_name":"ModelMetricsRegressionV3","schema_type":"ModelMetricsRegression"},"model":{"__meta":{"schema_version":3,"schema_name":"ModelKeyV3","schema_type":"Key<Model>"},"name":"regular_2std_drf_model","type":"Key<Model>","URL":"/3/Models/regular_2std_drf_model"},"model_checksum":5832606119888454208,"frame":{"__meta":{"schema_version":3,"schema_name":"FrameKeyV3","schema_type":"Key<Frame>"},"name":"py_25_sid_8a81","type":"Key<Frame>","URL":"/3/Frames/py_25_sid_8a81"},"frame_checksum":4827995398225901552,"description":"4-fold cross-validation on training data (Metrics computed for combined holdout predictions)","model_category":"Regression","scoring_time":1630351062298,"predictions":null,"MSE":2.386919859863853,"RMSE":1.5449659736912826,"nobs":92,"custom_metric_name":null,"custom_metric_value":0.0,"r2":-0.2567894055295594,"mean_residual_deviance":2.386919859863853,"mae":1.2362246405560036,"rmsle":0.20170989090626817},"cross_validation_metrics_summary":{"__meta":{"schema_version":3,"schema_name":"TwoDimTableV3","schema_type":"TwoDimTable"},"name":"Cross-Validation Metrics Summary","description":"","columns":[{"__meta":{"schema_version":-1,"schema_name":"ColumnSpecsBase","schema_type":"Iced"},"name":"","type":"string","format":"%s","description":""},{"__meta":{"schema_version":-1,"schema_name":"ColumnSpecsBase","schema_type":"Iced"},"name":"mean","type":"string","format":"%s","description":"mean"},{"__meta":{"schema_version":-1,"schema_name":"ColumnSpecsBase","schema_type":"Iced"},"name":"sd","type":"string","format":"%s","description":"sd"},{"__meta":{"schema_version":-1,"schema_name":"ColumnSpecsBase","schema_type":"Iced"},"name":"cv_1_valid","type":"string","format":"%s","description":"cv_1_valid"},{"__meta":{"schema_version":-1,"schema_name":"ColumnSpecsBase","schema_type":"Iced"},"name":"cv_2_valid","type":"string","format":"%s","description":"cv_2_valid"},{"__meta":{"schema_version":-1,"schema_name":"ColumnSpecsBase","schema_type":"Iced"},"name":"cv_3_valid","type":"string","format":"%s","description":"cv_3_valid"},{"__meta":{"schema_version":-1,"schema_name":"ColumnSpecsBase","schema_type":"Iced"},"name":"cv_4_valid","type":"string","format":"%s","description":"cv_4_valid"}],"rowcount":7,"data":[["mae","mean_residual_deviance","mse","r2","residual_deviance","rmse","rmsle"],["1.1518782","2.1418688","2.1418688","-0.36272943","2.1418688","1.4198031","0.18511768"],["0.3411008","1.002082","1.002082","0.21157233","1.002082","0.4099236","0.054519285"],["1.3360714","2.545201","2.545201","-0.23175162","2.545201","1.5953686","0.20667385"],["0.6435556","0.65318173","0.65318173","-0.5942063","0.65318173","0.8081966","0.1037769"],["1.268116","2.5351458","2.5351458","-0.4835089","2.5351458","1.5922141","0.2100619"],["1.35977","2.8339472","2.8339472","-0.14145093","2.8339472","1.6834332","0.21995807"]]},"status":null,"start_time":1630351062124,"end_time":1630351062296,"run_time":172,"default_threshold":0.5,"help":{"domains":"Domains for categorical columns", "__meta":"Metadata on this schema instance, to make it self-describing.", "help":"Help information for output fields", "training_metrics":"Training data model metrics", "cross_validation_models":"Cross-validation models (model ids)", "cross_validation_predictions":"Cross-validation predictions, one per cv model (deprecated, use cross_validation_holdout_predictions_frame_id instead)", "cross_validation_metrics_summary":"Cross-validation model metrics summary", "status":"Job status", "reproducibility_information_table":"Model reproducibility information", "variable_importances":"Variable Importances", "model_summary":"Model summary", "end_time":"End time in milliseconds", "names":"Column names", "cross_validation_fold_assignment_frame_id":"Cross-validation fold assignment (each row is assigned to one holdout fold)", "run_time":"Runtime in milliseconds", "default_threshold":"Default threshold used for predictions", "scoring_history":"Scoring history", "cross_validation_holdout_predictions_frame_id":"Cross-validation holdout predictions (full out-of-sample predictions on training data)", "init_f":"The Intercept term, the initial model function value to which trees make adjustments", "model_category":"Category of the model (e.g., Binomial)", "column_types":"Column types", "original_names":"Original column names", "start_time":"Start time in milliseconds", "cv_scoring_history":"Cross-Validation scoring history", "cross_validation_metrics":"Cross-validation model metrics", "validation_metrics":"Validation data model metrics"},"variable_importances":{"__meta":{"schema_version":3,"schema_name":"TwoDimTableV3","schema_type":"TwoDimTable"},"name":"Variable Importances","description":"","columns":[{"__meta":{"schema_version":-1,"schema_name":"ColumnSpecsBase","schema_type":"Iced"},"name":"variable","type":"string","format":"%s","description":"Variable"},{"__meta":{"schema_version":-1,"schema_name":"ColumnSpecsBase","schema_type":"Iced"},"name":"relative_importance","type":"double","format":"%5f","description":"Relative Importance"},{"__meta":{"schema_version":-1,"schema_name":"ColumnSpecsBase","schema_type":"Iced"},"name":"scaled_importance","type":"double","format":"%5f","description":"Scaled Importance"},{"__meta":{"schema_version":-1,"schema_name":"ColumnSpecsBase","schema_type":"Iced"},"name":"percentage","type":"double","format":"%5f","description":"Percentage"}],"rowcount":4,"data":[["abv","style","flavor","pasteurization"],[2234.005615234375,1814.3013916015625,309.01226806640625,104.18145751953125],[1.0,0.8121292888564292,0.13832206416991796,0.04663437585343818],[0.5007296309512586,0.4066571990937878,0.06926195614421932,0.02335121381073438]]},"init_f":0.0},"compatible_frames":null}
